# Blender 5.1.0
# www.blender.org
mtllib DeskLamp.mtl
o group1042645973
v -0.019285 0.674851 -0.270803
v -0.018141 0.663483 -0.266085
v -0.023005 0.663474 -0.264928
v -0.024149 0.674841 -0.269645
v -0.018756 0.651433 -0.268770
v -0.023621 0.651424 -0.267613
v -0.020897 0.643304 -0.277832
v -0.025761 0.643295 -0.276675
v -0.028609 0.642191 -0.288653
v -0.026212 0.648544 -0.300128
v -0.031076 0.648534 -0.298970
v -0.027356 0.659911 -0.304845
v -0.032220 0.659902 -0.303688
v -0.026740 0.671961 -0.302160
v -0.031605 0.671952 -0.301003
v -0.024600 0.680090 -0.293098
v -0.029464 0.680081 -0.291941
v -0.026616 0.681185 -0.279963
vn 0.2122 0.3927 0.8949
vn 0.2121 0.3927 0.8949
vn 0.2261 -0.2229 0.9483
vn 0.2260 -0.2229 0.9483
vn 0.1536 -0.7533 0.6395
vn 0.0225 -0.9960 0.0864
vn -0.1172 -0.8583 -0.4996
vn -0.2122 -0.3927 -0.8949
vn -0.2261 0.2229 -0.9483
vn -0.1536 0.7533 -0.6395
vn -0.0225 0.9960 -0.0864
vn 0.1172 0.8583 0.4996
vn -0.9728 -0.0019 0.2315
vn 0.9724 0.0023 -0.2335
vn 0.9728 0.0019 -0.2315
vn 0.9728 0.0018 -0.2315
vn 0.9734 0.0012 -0.2290
vt 0.216068 0.100740
vt 0.214737 0.100660
vt 0.215853 0.101191
vt 0.212406 0.090203
vt 0.211073 0.090168
vt 0.212206 0.090661
vt 0.132304 0.027996
vt 0.130988 0.028210
vt 0.132193 0.028484
vt -0.011843 -0.001240
vt -0.013076 -0.001157
vt -0.011809 -0.000741
vt -0.147761 0.047526
vt -0.147602 0.048000
vt -0.146589 0.047132
vt -0.214952 0.100208
vt -0.215853 0.101191
vt -0.214737 0.100660
vt -0.211272 0.089710
vt -0.212206 0.090661
vt -0.211073 0.090168
vt -0.131098 0.027722
vt -0.132193 0.028484
vt -0.130988 0.028210
vt 0.013078 -0.001161
vt 0.011845 -0.001244
vt 0.013045 -0.000662
vt 0.146589 0.047132
vt 0.146430 0.047606
vt 0.147761 0.047526
vt -0.019960 0.245604
vt -0.023379 0.243937
vt -0.023706 0.246266
vt 0.023706 0.246266
vt 0.021064 0.243528
vt 0.022817 0.247124
vt 0.023379 0.243937
vt 0.022288 0.243357
vt 0.020175 0.244387
vt 0.020501 0.246715
vt 0.021593 0.247296
vt 0.214952 0.100208
vt 0.211272 0.089710
vt 0.131098 0.027722
vt -0.216068 0.100740
vt -0.212406 0.090203
vt -0.132304 0.027996
vt -0.022817 0.247124
vt -0.021593 0.247296
vt -0.020501 0.246715
vt -0.020175 0.244387
vt -0.021064 0.243528
vt -0.022288 0.243357
vt -0.023921 0.245048
vt 0.023921 0.245048
vt 0.019960 0.245604
s 1
usemtl mat23
f 4/1/1 2/2/2 1/3/1
f 3/4/3 5/5/4 2/6/3
f 6/7/5 7/8/5 5/9/5
f 8/10/6 9/11/6 7/12/6
f 11/13/7 10/14/7 9/15/7
f 11/16/8 12/17/8 10/18/8
f 13/19/9 14/20/9 12/21/9
f 15/22/10 16/23/10 14/24/10
f 17/25/11 18/26/11 16/27/11
f 4/28/12 1/29/12 18/30/12
f 13/31/13 6/32/13 4/33/13
f 1/34/14 9/35/15 18/36/15
f 1/34/14 5/37/15 7/38/15
f 10/39/16 14/40/15 16/41/17
f 9/35/15 16/41/17 18/36/15
f 4/1/1 3/42/2 2/2/2
f 3/4/3 6/43/4 5/5/4
f 6/7/5 8/44/5 7/8/5
f 11/16/8 13/45/8 12/17/8
f 13/19/9 15/46/9 14/20/9
f 15/22/10 17/47/10 16/23/10
f 4/33/13 18/48/13 17/49/13
f 17/49/13 15/50/13 13/31/13
f 13/31/13 11/51/13 9/52/13
f 9/52/13 8/53/13 6/32/13
f 6/32/13 3/54/13 4/33/13
f 4/33/13 17/49/13 13/31/13
f 13/31/13 9/52/13 6/32/13
f 1/34/14 7/38/15 9/35/15
f 1/34/14 2/55/15 5/37/15
f 10/39/16 12/56/15 14/40/15
f 9/35/15 10/39/16 16/41/17
o group1054111511
v -0.121821 0.668045 -0.279132
v -0.122513 0.656013 -0.281967
v -0.117688 0.656052 -0.283309
v -0.116997 0.668084 -0.280475
v -0.121164 0.644566 -0.277449
v -0.116339 0.644604 -0.278792
v -0.118290 0.638074 -0.267306
v -0.113465 0.638113 -0.268649
v -0.114988 0.639019 -0.255412
v -0.110163 0.639058 -0.256754
v -0.112520 0.647040 -0.246309
v -0.107695 0.647078 -0.247651
v -0.111828 0.659072 -0.243475
v -0.107003 0.659110 -0.244817
v -0.113177 0.670519 -0.247992
v -0.108352 0.670558 -0.249334
v -0.116051 0.677010 -0.258135
v -0.111226 0.677049 -0.259477
v -0.119353 0.676065 -0.270029
v -0.114528 0.676104 -0.271372
vn -0.2623 0.2355 -0.9358
vn -0.2450 -0.3807 -0.8916
vn -0.1342 -0.8515 -0.5069
vn 0.0279 -0.9971 0.0715
vn 0.1794 -0.7618 0.6225
vn 0.1793 -0.7618 0.6225
vn 0.2623 -0.2355 0.9358
vn 0.2450 0.3807 0.8916
vn 0.1342 0.8515 0.5069
vn -0.0279 0.9971 -0.0715
vn -0.1794 0.7618 -0.6225
vn 0.9634 0.0078 -0.2680
vn -0.9634 -0.0078 0.2680
vn 0.2622 -0.2355 0.9358
vn 0.9634 0.0077 -0.2681
vn -0.9634 -0.0077 0.2680
vt -0.212363 0.083180
vt -0.213698 0.083212
vt -0.213499 0.083672
vt -0.219761 0.091198
vt -0.221096 0.091255
vt -0.220888 0.091711
vt -0.152175 0.037811
vt -0.153505 0.037691
vt -0.153360 0.038170
vt -0.015624 -0.007452
vt -0.016879 -0.007908
vt -0.016861 -0.007407
vt 0.128911 0.023366
vt 0.130232 0.023175
vt 0.129030 0.022880
vt 0.213499 0.083672
vt 0.212562 0.082720
vt 0.212363 0.083180
vt 0.220888 0.091711
vt 0.219969 0.090742
vt 0.219761 0.091198
vt 0.152175 0.037811
vt 0.153505 0.037691
vt 0.152321 0.037331
vt 0.015624 -0.007452
vt 0.016879 -0.007908
vt 0.015642 -0.007952
vt -0.130113 0.023661
vt -0.129030 0.022880
vt -0.130232 0.023175
vt 0.004956 0.245846
vt 0.001252 0.244951
vt 0.001433 0.247299
vt -0.002195 0.244148
vt -0.004665 0.247049
vt -0.002488 0.247947
vt -0.212562 0.082720
vt -0.219969 0.090742
vt -0.152321 0.037331
vt -0.015642 -0.007952
vt 0.130113 0.023661
vt 0.213698 0.083212
vt 0.221096 0.091255
vt 0.153360 0.038170
vt 0.016861 -0.007407
vt -0.128911 0.023366
vt 0.002488 0.247947
vt 0.003722 0.247852
vt 0.004665 0.247049
vt 0.004484 0.244702
vt 0.003429 0.244053
vt 0.002195 0.244148
vt 0.000961 0.246154
vt -0.001433 0.247299
vt -0.000961 0.246154
vt -0.001252 0.244951
vt -0.003429 0.244053
vt -0.004484 0.244702
vt -0.004956 0.245846
vt -0.003722 0.247852
s 1
usemtl mat23
f 21/57/18 19/58/18 22/59/18
f 24/60/19 20/61/19 21/62/19
f 26/63/20 23/64/20 24/65/20
f 28/66/21 25/67/21 26/68/21
f 28/69/22 29/70/22 27/71/23
f 32/72/24 29/73/24 30/74/24
f 34/75/25 31/76/25 32/77/25
f 34/78/26 35/79/26 33/80/26
f 36/81/27 37/82/27 35/83/27
f 38/84/28 19/85/28 37/86/28
f 32/87/29 24/88/29 22/89/29
f 25/90/30 33/91/30 37/92/30
f 21/57/18 20/93/18 19/58/18
f 24/60/19 23/94/19 20/61/19
f 26/63/20 25/95/20 23/64/20
f 28/66/21 27/96/21 25/67/21
f 28/69/22 30/97/22 29/70/22
f 32/72/24 31/98/31 29/73/24
f 34/75/25 33/99/25 31/76/25
f 34/78/26 36/100/26 35/79/26
f 36/81/27 38/101/27 37/82/27
f 38/84/28 22/102/28 19/85/28
f 22/89/29 38/103/29 36/104/29
f 36/104/29 34/105/32 32/87/29
f 32/87/29 30/106/29 28/107/29
f 28/107/29 26/108/29 24/88/29
f 24/88/29 21/109/29 22/89/29
f 22/89/29 36/104/29 32/87/29
f 32/87/29 28/107/29 24/88/29
f 37/92/30 19/110/30 20/111/30
f 20/111/30 23/112/33 25/90/30
f 25/90/30 27/113/30 29/114/30
f 29/114/30 31/115/30 33/91/30
f 33/91/30 35/116/30 37/92/30
f 37/92/30 20/111/30 25/90/30
f 25/90/30 29/114/30 33/91/30
o group1212059862
v 0.067387 1.009298 0.088184
v 0.066690 1.013098 0.084002
v 0.088394 1.013131 0.080414
v 0.089091 1.009331 0.084597
v 0.065779 1.014269 0.078505
v 0.087484 1.014302 0.074917
v 0.064899 1.012498 0.073166
v 0.086604 1.012531 0.069578
v 0.064286 1.008258 0.069416
v 0.085990 1.008291 0.065828
v 0.064103 1.002686 0.068259
v 0.085807 1.002719 0.064671
v 0.064400 0.997275 0.070006
v 0.086104 0.997308 0.066418
v 0.065097 0.993475 0.074188
v 0.086801 0.993508 0.070600
v 0.066008 0.992304 0.079685
v 0.087712 0.992337 0.076097
v 0.066887 0.994075 0.085024
v 0.088592 0.994108 0.081436
v 0.067501 0.998315 0.088774
v 0.089205 0.998348 0.085186
v 0.067684 1.003887 0.089931
v 0.089388 1.003920 0.086343
v -0.027749 0.998171 0.104521
v -0.027567 1.003743 0.105678
v 0.097937 1.013146 0.078836
v 0.098634 1.009346 0.083018
v -0.028363 0.993931 0.100770
v -0.029243 0.992159 0.095431
v -0.030153 0.993330 0.089934
v -0.030850 0.997131 0.085752
v -0.031147 1.002542 0.084005
v -0.030965 1.008114 0.085162
v -0.030351 1.012353 0.088913
v -0.029471 1.014125 0.094252
v -0.028561 1.012954 0.099749
v -0.027864 1.009154 0.103931
v 0.097026 1.014317 0.073339
v 0.096147 1.012545 0.068000
v 0.095533 1.008305 0.064250
v 0.095350 1.002733 0.063093
v 0.095647 0.997322 0.064840
v 0.096344 0.993522 0.069022
v 0.097255 0.992351 0.074519
v 0.098135 0.994123 0.079858
v 0.098748 0.998362 0.083608
v 0.098931 1.003934 0.084765
vn 0.1358 0.5466 0.8263
vn 0.0724 0.8921 0.4461
vn -0.0104 0.9985 -0.0537
vn -0.0904 0.8374 -0.5390
vn -0.1462 0.4519 -0.8800
vn -0.1461 0.4519 -0.8800
vn -0.1628 -0.0546 -0.9851
vn -0.1628 -0.0547 -0.9851
vn -0.1628 -0.0547 -0.9852
vn -0.1358 -0.5466 -0.8263
vn -0.0724 -0.8921 -0.4461
vn 0.0103 -0.9985 0.0537
vn 0.0104 -0.9985 0.0537
vn 0.0904 -0.8374 0.5390
vn 0.0904 -0.8374 0.5391
vn 0.1461 -0.4519 0.8800
vn 0.1462 -0.4519 0.8800
vn 0.1628 0.0547 0.9851
vn 0.1628 0.0546 0.9851
vn 0.1628 0.0547 0.9852
vn 0.1599 -0.2057 0.9655
vn 0.1078 0.7447 0.6587
vn 0.1078 0.7446 0.6587
vn 0.1224 -0.6675 0.7345
vn 0.1224 -0.6674 0.7345
vn 0.0522 -0.9503 0.3068
vn 0.0522 -0.9504 0.3068
vn -0.0321 -0.9786 -0.2032
vn -0.1078 -0.7447 -0.6587
vn -0.1078 -0.7446 -0.6587
vn -0.1545 -0.3112 -0.9377
vn -0.1599 0.2057 -0.9655
vn -0.1224 0.6675 -0.7345
vn -0.1224 0.6674 -0.7345
vn -0.0522 0.9504 -0.3068
vn 0.0321 0.9786 0.2032
vn 0.1545 0.3112 0.9377
vn -0.9866 -0.0015 0.1631
vn -0.1225 0.6674 -0.7345
vn -0.1600 0.2057 -0.9655
vn -0.1546 -0.3112 -0.9377
vn 0.1225 -0.6675 0.7345
vn 0.1225 -0.6674 0.7345
vn 0.1600 -0.2057 0.9655
vn 0.1546 0.3112 0.9377
vn 0.9866 0.0015 -0.1631
vn -0.0904 0.8374 -0.5391
vn -0.1628 -0.0546 -0.9852
vn 0.1628 0.0546 0.9852
vt 0.206813 0.104188
vt 0.207302 0.101974
vt 0.206321 0.103943
vt 0.114422 0.044245
vt 0.115713 0.042380
vt 0.115198 0.042186
vt -0.017943 -0.001720
vt -0.018150 -0.003978
vt -0.018487 -0.001804
vt -0.153771 0.017803
vt -0.153463 0.015556
vt -0.154010 0.015616
vt -0.235698 0.082047
vt -0.235892 0.079788
vt -0.236412 0.079966
vt -0.249114 0.122198
vt -0.249580 0.119980
vt -0.250075 0.120220
vt -0.206321 0.103943
vt -0.206810 0.101729
vt -0.207302 0.101974
vt -0.113907 0.044051
vt -0.115198 0.042186
vt -0.114422 0.044245
vt 0.018487 -0.001804
vt 0.018694 -0.004062
vt 0.018150 -0.003978
vt 0.154318 0.017862
vt 0.154010 0.015616
vt 0.153771 0.017803
vt 0.236218 0.082225
vt 0.236412 0.079966
vt 0.235698 0.082047
vt 0.249608 0.122439
vt 0.250075 0.120220
vt 0.249114 0.122198
vt 0.254695 0.097570
vt 0.251410 0.106666
vt 0.255218 0.097794
vt 0.165690 0.077248
vt 0.166608 0.076602
vt 0.166090 0.076367
vt 0.205988 0.037134
vt 0.204341 0.046664
vt 0.206543 0.037264
vt 0.089161 -0.012924
vt 0.089959 -0.003286
vt 0.089731 -0.012937
vt -0.055112 0.003955
vt -0.052001 0.013112
vt -0.054563 0.003804
vt -0.171495 0.065813
vt -0.166993 0.074373
vt -0.170977 0.065578
vt -0.239195 0.109704
vt -0.235320 0.118565
vt -0.234813 0.118307
vt -0.255218 0.097794
vt -0.250886 0.106441
vt -0.254694 0.097570
vt -0.205988 0.037134
vt -0.204341 0.046664
vt -0.203787 0.046534
vt -0.089161 -0.012924
vt -0.089959 -0.003286
vt -0.089390 -0.003272
vt 0.055112 0.003955
vt 0.052001 0.013112
vt 0.052550 0.013263
vt 0.171495 0.065813
vt 0.166993 0.074373
vt 0.167512 0.074608
vt 0.239702 0.109962
vt 0.234813 0.118306
vt 0.235320 0.118565
vt -0.101627 0.259835
vt -0.101049 0.258020
vt -0.102910 0.258427
vt 0.051163 0.016160
vt 0.051968 0.015378
vt 0.051419 0.015227
vt -0.090034 -0.000116
vt -0.089442 -0.001069
vt -0.090012 -0.001083
vt -0.203617 0.049753
vt -0.203284 0.048682
vt -0.203838 0.048811
vt -0.250159 0.109578
vt -0.250018 0.108464
vt -0.250541 0.108689
vt -0.233378 0.121124
vt -0.234324 0.120520
vt -0.233885 0.121382
vt -0.165691 0.077247
vt -0.166608 0.076601
vt -0.166210 0.077482
vt -0.051163 0.016158
vt -0.051969 0.015376
vt -0.051712 0.016309
vt 0.090034 -0.000117
vt 0.089442 -0.001070
vt 0.089465 -0.000103
vt 0.203617 0.049753
vt 0.203284 0.048682
vt 0.203063 0.049624
vt 0.250160 0.109577
vt 0.250018 0.108464
vt 0.249636 0.109353
vt 0.233378 0.121123
vt 0.234324 0.120520
vt 0.233817 0.120261
vt 0.101528 0.257713
vt 0.101121 0.259574
vt 0.102936 0.258996
vt 0.207794 0.102219
vt 0.114937 0.044439
vt -0.017607 -0.003894
vt -0.153225 0.017743
vt -0.235178 0.081868
vt -0.248619 0.121958
vt -0.205829 0.103698
vt -0.114683 0.041992
vt 0.019030 -0.001888
vt 0.154556 0.015675
vt 0.236932 0.080145
vt 0.250570 0.120460
vt 0.250886 0.106441
vt 0.166209 0.077483
vt 0.203787 0.046534
vt 0.089390 -0.003272
vt -0.052550 0.013263
vt -0.167512 0.074608
vt -0.239702 0.109962
vt -0.251409 0.106666
vt -0.206543 0.037264
vt -0.089731 -0.012937
vt 0.054563 0.003804
vt 0.170977 0.065578
vt 0.239194 0.109704
vt -0.102937 0.258996
vt -0.102675 0.259501
vt -0.102196 0.259809
vt -0.101121 0.259574
vt -0.100814 0.259094
vt -0.100787 0.258526
vt -0.101528 0.257713
vt -0.102097 0.257686
vt -0.102603 0.257948
vt 0.051712 0.016311
vt -0.089465 -0.000102
vt -0.203063 0.049623
vt -0.249636 0.109353
vt -0.233817 0.120262
vt -0.166090 0.076366
vt -0.051420 0.015225
vt 0.090012 -0.001084
vt 0.203838 0.048812
vt 0.250541 0.108689
vt 0.233885 0.121382
vt 0.102910 0.258427
vt 0.102603 0.257948
vt 0.102097 0.257686
vt 0.101049 0.258020
vt 0.100787 0.258526
vt 0.100814 0.259094
vt 0.101627 0.259835
vt 0.102196 0.259809
vt 0.102675 0.259501
s 1
usemtl mat23
f 41/117/34 39/118/34 42/119/34
f 41/120/35 43/121/35 40/122/35
f 46/123/36 43/124/36 44/125/36
f 46/126/37 47/127/37 45/128/37
f 48/129/38 49/130/39 47/131/39
f 50/132/40 51/133/41 49/134/42
f 52/135/43 53/136/43 51/137/43
f 56/138/44 53/139/44 54/140/44
f 56/141/45 57/142/46 55/143/46
f 60/144/47 57/145/48 58/146/47
f 62/147/49 59/148/50 60/149/49
f 42/150/51 61/151/52 62/152/53
f 63/153/54 61/154/54 64/155/54
f 66/156/55 41/157/55 42/158/56
f 67/159/57 59/160/58 63/161/57
f 68/162/59 57/163/60 67/164/59
f 69/165/61 55/166/61 68/167/61
f 70/168/62 53/169/63 69/170/62
f 70/171/64 49/172/64 51/173/64
f 72/174/65 49/175/65 71/176/65
f 72/177/66 45/178/67 47/179/67
f 73/180/68 43/181/68 45/182/68
f 74/183/69 40/184/69 43/185/69
f 75/186/55 39/187/55 40/188/55
f 76/189/70 61/190/70 39/191/70
f 73/192/71 69/193/71 64/194/71
f 65/195/69 44/196/69 41/197/69
f 77/198/68 46/199/68 44/200/68
f 78/201/72 48/202/72 46/203/72
f 79/204/73 50/205/73 48/206/73
f 81/207/74 50/208/74 80/209/74
f 82/210/63 52/211/62 81/212/63
f 83/213/61 54/214/61 82/215/61
f 84/216/60 56/217/60 83/218/60
f 85/219/75 58/220/75 84/221/76
f 86/222/77 60/223/77 85/224/77
f 86/225/78 42/226/78 62/227/78
f 83/228/79 79/229/79 66/230/79
f 41/117/34 40/231/34 39/118/34
f 41/120/35 44/232/35 43/121/35
f 46/123/36 45/233/36 43/124/36
f 46/126/37 48/234/80 47/127/37
f 48/129/38 50/235/39 49/130/39
f 50/132/40 52/236/81 51/133/41
f 52/135/43 54/237/43 53/136/43
f 56/138/44 55/238/44 53/139/44
f 56/141/45 58/239/46 57/142/46
f 60/144/47 59/240/48 57/145/48
f 62/147/49 61/241/50 59/148/50
f 42/150/51 39/242/82 61/151/52
f 63/153/54 59/243/54 61/154/54
f 66/156/55 65/244/55 41/157/55
f 67/159/57 57/245/58 59/160/58
f 68/162/59 55/246/60 57/163/60
f 69/165/61 53/247/61 55/166/61
f 70/168/62 51/248/63 53/169/63
f 70/171/64 71/249/64 49/172/64
f 72/174/65 47/250/65 49/175/65
f 72/177/66 73/251/66 45/178/67
f 73/180/68 74/252/68 43/181/68
f 74/183/69 75/253/69 40/184/69
f 75/186/55 76/254/55 39/187/55
f 76/189/70 64/255/70 61/190/70
f 64/194/71 76/256/71 75/257/71
f 75/257/71 74/258/71 73/192/71
f 73/192/71 72/259/71 71/260/71
f 71/260/71 70/261/71 69/193/71
f 69/193/71 68/262/71 67/263/71
f 67/263/71 63/264/71 64/194/71
f 64/194/71 75/257/71 73/192/71
f 73/192/71 71/260/71 69/193/71
f 69/193/71 67/263/71 64/194/71
f 65/195/69 77/265/69 44/196/69
f 77/198/68 78/266/68 46/199/68
f 78/201/72 79/267/72 48/202/72
f 79/204/73 80/268/73 50/205/73
f 81/207/74 52/269/74 50/208/74
f 82/210/63 54/270/62 52/211/62
f 83/213/61 56/271/61 54/214/61
f 84/216/60 58/272/59 56/217/60
f 85/219/75 60/273/75 58/220/75
f 86/222/77 62/274/77 60/223/77
f 86/225/78 66/275/78 42/226/78
f 66/230/79 86/276/79 85/277/79
f 85/277/79 84/278/79 83/228/79
f 83/228/79 82/279/79 81/280/79
f 81/280/79 80/281/79 79/229/79
f 79/229/79 78/282/79 77/283/79
f 77/283/79 65/284/79 66/230/79
f 66/230/79 85/277/79 83/228/79
f 83/228/79 81/280/79 79/229/79
f 79/229/79 77/283/79 66/230/79
o group1219371868
v 0.044015 1.109352 0.273373
v 0.041259 1.108213 0.267432
v 0.041254 1.095374 0.269897
v 0.044010 1.096514 0.275839
v 0.035848 1.107486 0.263639
v 0.035843 1.094648 0.266105
v 0.029231 1.107368 0.263012
v 0.029226 1.094530 0.265477
v 0.023181 1.107890 0.265718
v 0.023176 1.095052 0.268183
v 0.019319 1.108912 0.271032
v 0.019315 1.096074 0.273497
v 0.018681 1.110160 0.277530
v 0.018676 1.097322 0.279995
v 0.021437 1.111300 0.283471
v 0.021432 1.098461 0.285937
v 0.026848 1.112026 0.287264
v 0.026843 1.099188 0.289729
v 0.033465 1.112144 0.287892
v 0.033460 1.099306 0.290357
v 0.039515 1.111623 0.285186
v 0.039510 1.098784 0.287651
v 0.043376 1.110601 0.279872
v 0.043371 1.097762 0.282337
v 0.039519 1.124008 0.282807
v 0.043381 1.122986 0.277493
v 0.033470 1.124530 0.285512
v 0.026852 1.124412 0.284885
v 0.021441 1.123686 0.281092
v 0.018686 1.122545 0.275151
v 0.019324 1.121298 0.268653
v 0.023186 1.120276 0.263339
v 0.029235 1.119754 0.260633
v 0.035852 1.119872 0.261260
v 0.041264 1.120599 0.265053
v 0.044019 1.121738 0.270994
vn 0.9100 -0.0785 -0.4070
vn 0.5809 -0.1537 -0.7994
vn 0.5809 -0.1537 -0.7993
vn 0.0960 -0.1877 -0.9775
vn 0.0960 -0.1878 -0.9775
vn 0.0961 -0.1878 -0.9775
vn -0.4145 -0.1715 -0.8937
vn -0.8140 -0.1092 -0.5705
vn -0.8140 -0.1093 -0.5705
vn -0.9954 -0.0177 -0.0944
vn -0.9954 -0.0178 -0.0944
vn -0.9100 0.0785 0.4070
vn -0.5809 0.1537 0.7994
vn -0.5809 0.1537 0.7993
vn -0.0960 0.1877 0.9775
vn -0.0960 0.1878 0.9775
vn 0.4145 0.1715 0.8937
vn 0.8140 0.1092 0.5705
vn 0.8140 0.1093 0.5705
vn 0.9954 0.0177 0.0944
vn 0.9954 0.0178 0.0944
vn -0.0004 -0.9821 0.1886
vn -0.5809 0.1538 0.7994
vn 0.5809 -0.1538 -0.7993
vn 0.0004 0.9821 -0.1886
vn 0.0003 0.9821 -0.1886
vn -0.0005 -0.9821 0.1885
vn -0.0004 -0.9821 0.1885
vn -0.0003 -0.9821 0.1885
vn -0.0003 -0.9821 0.1886
vn -0.0961 0.1878 0.9775
vn 0.0006 0.9821 -0.1886
vn 0.0004 0.9820 -0.1887
vn 0.0002 0.9821 -0.1885
vn 0.0004 0.9821 -0.1885
vt -0.020888 0.285300
vt -0.020659 0.286748
vt -0.020256 0.285504
vt -0.186014 0.210519
vt -0.187442 0.210852
vt -0.187015 0.211361
vt -0.239189 0.141411
vt -0.240654 0.141487
vt -0.240322 0.142063
vt -0.261053 0.101891
vt -0.261878 0.103104
vt -0.260733 0.102474
vt -0.264454 0.107296
vt -0.265905 0.107508
vt -0.265521 0.108051
vt -0.213063 0.194242
vt -0.214322 0.194995
vt -0.213759 0.195349
vt 0.020886 0.285300
vt 0.020657 0.286748
vt 0.021289 0.286543
vt 0.186014 0.210520
vt 0.187442 0.210852
vt 0.186441 0.210011
vt 0.239521 0.140835
vt 0.240322 0.142063
vt 0.240654 0.141487
vt 0.260733 0.102474
vt 0.262198 0.102521
vt 0.261053 0.101891
vt 0.264838 0.106753
vt 0.265521 0.108051
vt 0.265905 0.107509
vt 0.213626 0.193889
vt 0.213759 0.195349
vt 0.214321 0.194995
vt 0.266935 0.108230
vt 0.265522 0.108044
vt 0.266551 0.108773
vt 0.074743 -0.024342
vt 0.072526 -0.024152
vt 0.073799 -0.022328
vt 0.263301 0.103125
vt 0.261875 0.103100
vt 0.262980 0.103707
vt 0.241409 0.142694
vt 0.240648 0.141489
vt 0.240316 0.142065
vt 0.187972 0.212176
vt 0.187434 0.210855
vt 0.187006 0.211364
vt 0.021043 0.287948
vt 0.021287 0.286543
vt 0.020654 0.286748
vt -0.214995 0.196060
vt -0.213761 0.195346
vt -0.214324 0.194992
vt -0.266935 0.108230
vt -0.265522 0.108044
vt -0.265906 0.107501
vt -0.263301 0.103125
vt -0.261876 0.103100
vt -0.262196 0.102517
vt -0.241409 0.142695
vt -0.240647 0.141489
vt -0.241740 0.142118
vt -0.187971 0.212176
vt -0.187434 0.210856
vt -0.188399 0.211667
vt -0.021046 0.287947
vt -0.021290 0.286543
vt -0.021679 0.287742
vt 0.214995 0.196061
vt 0.213761 0.195347
vt 0.214432 0.196415
vt -0.072406 -0.023494
vt -0.074231 -0.024767
vt -0.074421 -0.022551
vt -0.021291 0.286543
vt -0.186442 0.210011
vt -0.239521 0.140835
vt -0.262198 0.102521
vt -0.264838 0.106753
vt -0.213626 0.193888
vt 0.020254 0.285504
vt 0.187015 0.211361
vt 0.239189 0.141411
vt 0.261878 0.103104
vt 0.264454 0.107296
vt 0.213063 0.194243
vt 0.265906 0.107501
vt 0.074424 -0.022554
vt 0.074852 -0.023063
vt 0.074969 -0.023717
vt 0.074234 -0.024770
vt 0.073580 -0.024887
vt 0.072955 -0.024661
vt 0.072410 -0.023498
vt 0.072636 -0.022873
vt 0.073144 -0.022444
vt 0.262196 0.102517
vt 0.241741 0.142118
vt 0.188399 0.211667
vt 0.021676 0.287743
vt -0.214432 0.196414
vt -0.266551 0.108773
vt -0.262981 0.103707
vt -0.240316 0.142065
vt -0.187006 0.211365
vt -0.020658 0.286748
vt 0.214324 0.194993
vt -0.073796 -0.022324
vt -0.073141 -0.022441
vt -0.072633 -0.022869
vt -0.072523 -0.024149
vt -0.072951 -0.024657
vt -0.073576 -0.024884
vt -0.074739 -0.024339
vt -0.074965 -0.023714
vt -0.074849 -0.023059
s 1
usemtl mat23
f 89/285/83 87/286/83 90/287/83
f 89/288/84 91/289/85 88/290/85
f 92/291/86 93/292/87 91/293/88
f 96/294/89 93/295/89 94/296/89
f 96/297/90 97/298/91 95/299/91
f 98/300/92 99/301/93 97/302/93
f 100/303/94 101/304/94 99/305/94
f 104/306/95 101/307/96 102/308/95
f 104/309/97 105/310/98 103/311/98
f 108/312/99 105/313/99 106/314/99
f 108/315/100 109/316/101 107/317/101
f 110/318/102 87/319/103 109/320/103
f 111/321/101 109/322/101 112/323/101
f 104/324/104 96/325/104 90/326/104
f 113/327/99 107/328/99 111/329/99
f 113/330/98 103/331/98 105/332/98
f 114/333/105 101/334/96 103/335/96
f 115/336/94 99/337/94 101/338/94
f 116/339/93 97/340/93 99/341/93
f 117/342/91 95/343/91 97/344/91
f 118/345/89 93/346/89 95/347/89
f 120/348/87 93/349/87 119/350/87
f 121/351/106 91/352/85 120/353/106
f 122/354/83 88/355/83 121/356/83
f 112/357/103 87/358/103 122/359/103
f 119/360/107 115/361/108 112/362/107
f 89/285/83 88/363/83 87/286/83
f 89/288/84 92/364/84 91/289/85
f 92/291/86 94/365/86 93/292/87
f 96/294/89 95/366/89 93/295/89
f 96/297/90 98/367/90 97/298/91
f 98/300/92 100/368/92 99/301/93
f 100/303/94 102/369/94 101/304/94
f 104/306/95 103/370/96 101/307/96
f 104/309/97 106/371/97 105/310/98
f 108/312/99 107/372/99 105/313/99
f 108/315/100 110/373/100 109/316/101
f 110/318/102 90/374/103 87/319/103
f 111/321/101 107/375/101 109/322/101
f 90/326/104 110/376/109 108/377/104
f 108/377/104 106/378/110 104/324/104
f 104/324/104 102/379/111 100/380/112
f 100/380/112 98/381/110 96/325/104
f 96/325/104 94/382/104 92/383/104
f 92/383/104 89/384/104 90/326/104
f 90/326/104 108/377/104 104/324/104
f 104/324/104 100/380/112 96/325/104
f 96/325/104 92/383/104 90/326/104
f 113/327/99 105/385/99 107/328/99
f 113/330/98 114/386/113 103/331/98
f 114/333/105 115/387/105 101/334/96
f 115/336/94 116/388/94 99/337/94
f 116/339/93 117/389/93 97/340/93
f 117/342/91 118/390/91 95/343/91
f 118/345/89 119/391/89 93/346/89
f 120/348/87 91/392/88 93/349/87
f 121/351/106 88/393/85 91/352/85
f 122/354/83 87/394/83 88/355/83
f 112/357/103 109/395/103 87/358/103
f 112/362/107 122/396/114 121/397/107
f 121/397/107 120/398/115 119/360/107
f 119/360/107 118/399/108 117/400/108
f 117/400/108 116/401/116 115/361/108
f 115/361/108 114/402/107 113/403/117
f 113/403/117 111/404/117 112/362/107
f 112/362/107 121/397/107 119/360/107
f 119/360/107 117/400/108 115/361/108
f 115/361/108 113/403/117 112/362/107
o group1234694877
v 0.061785 1.093267 0.241494
v 0.050882 1.092308 0.236217
v 0.039980 1.091348 0.230941
v 0.039503 0.999156 0.248694
v 0.061308 1.001075 0.259247
v 0.027857 1.091561 0.231722
v 0.015734 1.091774 0.232503
v 0.015258 0.999582 0.250256
v 0.005639 1.093102 0.239131
v -0.004456 1.094431 0.245760
v -0.004933 1.002239 0.263513
v -0.015181 1.098608 0.267161
v -0.015658 1.006416 0.284914
v -0.014374 1.100896 0.279066
v -0.013567 1.103184 0.290971
v -0.014044 1.010992 0.308724
v -0.000047 1.106935 0.310811
v -0.000524 1.014743 0.328564
v 0.010855 1.107895 0.316087
v 0.021758 1.108854 0.321364
v 0.021281 1.016662 0.339117
v 0.033881 1.108641 0.320583
v 0.039942 1.108535 0.320193
v 0.046003 1.108428 0.319802
v 0.045527 1.016236 0.337555
v 0.056099 1.107100 0.313173
v 0.066194 1.105771 0.306545
v 0.065717 1.013579 0.324298
v 0.076919 1.101594 0.285144
v 0.076442 1.009402 0.302897
v 0.076112 1.099306 0.273238
v 0.075305 1.097018 0.261333
v 0.074828 1.004825 0.279086
v 0.052187 1.096006 0.255456
v 0.039263 0.952837 0.257617
v 0.061068 0.954756 0.268169
v 0.015017 0.953264 0.259178
v -0.005173 0.955921 0.272436
v -0.015898 0.960097 0.293837
v -0.014285 0.964674 0.317647
v -0.000764 0.968424 0.337487
v 0.021041 0.970344 0.348039
v 0.045286 0.969918 0.346478
v 0.065477 0.967260 0.333220
v 0.076202 0.963084 0.311819
v 0.074588 0.958507 0.288009
v 0.054795 1.103401 0.293934
v 0.064801 1.099505 0.273967
v 0.030869 1.100101 0.276152
v 0.008247 1.100498 0.277609
v 0.006943 1.096801 0.258370
v 0.029363 1.095831 0.253937
v 0.009551 1.104197 0.296848
v 0.032375 1.104371 0.298368
v -0.003064 1.100697 0.278338
v 0.053491 1.099704 0.274695
vn 0.6585 -0.1456 -0.7383
vn 0.1940 -0.1865 -0.9631
vn -0.3225 -0.1774 -0.9298
vn -0.7525 -0.1208 -0.6474
vn -0.9810 -0.0318 -0.1915
vn -0.9466 0.0657 0.3157
vn -0.6585 0.1456 0.7383
vn -0.1940 0.1865 0.9631
vn -0.1940 0.1864 0.9631
vn 0.3225 0.1774 0.9298
vn 0.3224 0.1774 0.9298
vn 0.7525 0.1208 0.6474
vn 0.9810 0.0318 0.1915
vn 0.9466 -0.0657 -0.3157
vn 0.0051 0.9819 -0.1891
vn 0.4414 -0.1719 -0.8807
vn -0.0664 -0.1884 -0.9798
vn -0.5564 -0.1544 -0.8164
vn -0.8973 -0.0790 -0.4343
vn -0.9978 0.0176 0.0643
vn -0.8309 0.1094 0.5456
vn -0.4414 0.1719 0.8807
vn 0.0664 0.1884 0.9798
vn 0.5564 0.1544 0.8164
vn 0.8973 0.0790 0.4343
vn 0.9978 -0.0176 -0.0643
vn 0.8309 -0.1094 -0.5456
vn -0.0051 -0.9819 0.1891
vn 0.6585 -0.1455 -0.7384
vn -0.9810 -0.0319 -0.1915
vn -0.1413 -0.9898 0.0168
vt -0.162320 0.218670
vt -0.168246 0.226046
vt -0.167430 0.226888
vt -0.226174 0.145300
vt -0.233591 0.151175
vt -0.232982 0.152178
vt -0.251383 0.100531
vt -0.259048 0.106079
vt -0.258483 0.107107
vt -0.259534 0.094913
vt -0.266060 0.102060
vt -0.258236 0.096869
vt -0.228744 0.161817
vt -0.233640 0.169914
vt -0.232718 0.170641
vt -0.035568 0.276352
vt -0.031940 0.285324
vt -0.033243 0.276026
vt 0.159054 0.222041
vt 0.166613 0.227731
vt 0.167430 0.226888
vt 0.223739 0.149313
vt 0.232069 0.153683
vt 0.232982 0.152178
vt 0.249123 0.104646
vt 0.257918 0.108136
vt 0.258483 0.107107
vt 0.258236 0.096869
vt 0.264762 0.104015
vt 0.266060 0.102060
vt 0.225059 0.164725
vt 0.231797 0.171368
vt 0.232718 0.170641
vt 0.030918 0.275700
vt 0.031939 0.285324
vt 0.033243 0.276026
vt -0.070721 -0.021083
vt -0.071861 -0.022366
vt -0.073013 -0.020276
vt -0.198021 0.176785
vt -0.200426 0.181515
vt -0.196600 0.178756
vt -0.235434 0.119881
vt -0.240738 0.120053
vt -0.239555 0.122176
vt -0.251788 0.092136
vt -0.257087 0.092402
vt -0.255868 0.094504
vt -0.247579 0.115824
vt -0.252753 0.117002
vt -0.251188 0.118861
vt -0.155652 0.226228
vt -0.159458 0.229925
vt -0.157154 0.230699
vt 0.085916 0.256687
vt 0.086285 0.261981
vt 0.088363 0.260720
vt 0.198021 0.176785
vt 0.200426 0.181515
vt 0.201847 0.179544
vt 0.235434 0.119881
vt 0.240737 0.120053
vt 0.236616 0.117758
vt 0.251788 0.092135
vt 0.257087 0.092402
vt 0.253007 0.090034
vt 0.247579 0.115824
vt 0.252752 0.117001
vt 0.249143 0.113965
vt 0.155652 0.226228
vt 0.159458 0.229925
vt 0.157956 0.225454
vt -0.085915 0.256688
vt -0.086285 0.261981
vt -0.083838 0.257948
vt 0.078058 -0.024598
vt 0.071349 -0.029192
vt 0.070725 -0.021085
vt -0.073999 -0.021613
vt -0.075402 -0.020723
vt -0.074208 -0.020499
vt -0.071027 -0.026824
vt -0.073374 -0.024956
vt -0.071145 -0.024539
vt -0.075602 -0.025373
vt -0.074886 -0.027546
vt -0.077831 -0.025790
vt -0.076026 -0.028829
vt -0.076816 -0.027907
vt -0.072748 -0.028299
vt -0.072957 -0.027185
vt -0.075720 -0.023089
vt -0.078054 -0.024596
vt -0.077650 -0.023450
vt -0.073791 -0.022728
vt -0.069500 -0.027608
vt -0.071345 -0.029190
vt -0.068916 -0.024122
vt -0.077247 -0.022304
vt -0.073734 -0.029637
vt -0.069140 -0.022928
vt -0.077942 -0.025193
vt -0.068693 -0.025316
vt -0.077607 -0.026984
vt -0.160687 0.220355
vt -0.169063 0.225203
vt -0.224956 0.147306
vt -0.234200 0.150171
vt -0.250253 0.102589
vt -0.259613 0.105050
vt -0.267358 0.100104
vt -0.226902 0.163271
vt -0.234561 0.169187
vt -0.034264 0.285650
vt 0.160687 0.220355
vt 0.165796 0.228574
vt 0.224956 0.147306
vt 0.231764 0.154184
vt 0.232373 0.153181
vt 0.250253 0.102589
vt 0.257353 0.109165
vt 0.256939 0.098825
vt 0.226902 0.163271
vt 0.230876 0.172095
vt 0.029615 0.284998
vt -0.069931 -0.022005
vt -0.201847 0.179544
vt -0.236617 0.117758
vt -0.253008 0.090034
vt -0.249143 0.113965
vt -0.157956 0.225454
vt 0.083838 0.257948
vt 0.196599 0.178756
vt 0.239555 0.122176
vt 0.255867 0.094503
vt 0.251188 0.118861
vt 0.157154 0.230699
vt -0.088363 0.260720
vt 0.073017 -0.020278
vt 0.075405 -0.020725
vt 0.077250 -0.022306
vt 0.077611 -0.026987
vt 0.076029 -0.028832
vt 0.073737 -0.029639
vt 0.069504 -0.027611
vt 0.068697 -0.025319
vt 0.069143 -0.022930
vt -0.069097 -0.026462
vt -0.072540 -0.029413
s 1
usemtl mat23
f 126/405/118 124/406/118 123/407/118
f 130/408/119 128/409/119 125/410/119
f 133/411/120 131/412/120 129/413/120
f 135/414/121 132/415/121 133/416/121
f 138/417/122 136/418/122 134/419/122
f 140/420/123 137/421/123 138/422/123
f 143/423/124 141/424/124 139/425/124
f 147/426/125 145/427/126 142/428/125
f 150/429/127 148/430/128 146/431/128
f 150/432/129 151/433/129 149/434/129
f 155/435/130 153/436/130 151/437/130
f 127/438/131 154/439/131 155/440/131
f 123/441/132 156/442/132 154/443/132
f 157/444/133 127/445/133 158/446/133
f 157/447/134 130/448/134 126/449/134
f 159/450/135 133/451/135 130/452/135
f 160/453/136 135/454/136 133/455/136
f 161/456/137 138/457/137 135/458/137
f 162/459/138 140/460/138 138/461/138
f 163/462/139 143/463/139 140/464/139
f 165/465/140 143/466/140 164/467/140
f 166/468/141 147/469/141 165/470/141
f 167/471/142 150/472/142 166/473/142
f 168/474/143 152/475/143 167/476/143
f 158/477/144 155/478/144 168/479/144
f 165/480/145 161/481/145 158/482/145
f 170/483/132 151/484/132 153/485/132
f 173/486/132 171/487/132 174/488/132
f 176/489/132 175/490/132 144/491/132
f 175/490/132 139/492/132 141/493/132
f 173/486/132 177/494/132 172/495/132
f 169/496/132 146/497/132 148/498/132
f 156/442/132 171/487/132 178/499/132
f 173/486/132 132/500/132 134/501/132
f 174/488/132 128/502/132 173/486/132
f 156/442/132 128/502/132 174/488/132
f 170/483/132 154/443/132 156/442/132
f 169/496/132 149/503/132 151/484/132
f 169/496/132 171/487/132 176/489/132
f 171/487/132 175/490/132 176/489/132
f 177/494/132 137/504/132 175/490/132
f 156/442/132 125/505/132 128/502/132
f 156/442/132 178/499/132 170/483/132
f 170/483/132 178/499/132 169/496/132
f 176/489/132 145/506/132 169/496/132
f 129/507/132 173/486/132 128/502/132
f 134/501/132 177/494/132 173/486/132
f 175/490/132 172/495/132 177/494/132
f 175/490/132 142/508/132 144/491/132
f 123/407/118 127/509/146 126/405/118
f 126/405/118 125/510/118 124/406/118
f 125/410/119 126/511/119 130/408/119
f 130/408/119 129/512/119 128/409/119
f 129/413/120 130/513/120 133/411/120
f 133/411/120 132/514/120 131/412/120
f 135/414/121 134/515/121 132/415/121
f 134/419/122 135/516/147 138/417/122
f 138/417/122 137/517/122 136/418/122
f 140/420/123 139/518/123 137/421/123
f 139/425/124 140/519/124 143/423/124
f 143/423/124 142/520/124 141/424/124
f 142/428/125 143/521/125 147/426/125
f 147/426/125 146/522/125 145/427/126
f 145/427/126 144/523/148 142/428/125
f 146/431/128 147/524/127 150/429/127
f 150/429/127 149/525/127 148/430/128
f 150/432/129 152/526/129 151/433/129
f 151/437/130 152/527/130 155/435/130
f 155/435/130 154/528/130 153/436/130
f 127/438/131 123/529/131 154/439/131
f 123/441/132 124/530/132 156/442/132
f 157/444/133 126/531/133 127/445/133
f 157/447/134 159/532/134 130/448/134
f 159/450/135 160/533/135 133/451/135
f 160/453/136 161/534/136 135/454/136
f 161/456/137 162/535/137 138/457/137
f 162/459/138 163/536/138 140/460/138
f 163/462/139 164/537/139 143/463/139
f 165/465/140 147/538/140 143/466/140
f 166/468/141 150/539/141 147/469/141
f 167/471/142 152/540/142 150/472/142
f 168/474/143 155/541/143 152/475/143
f 158/477/144 127/542/144 155/478/144
f 158/482/145 168/543/145 167/544/145
f 167/544/145 166/545/145 165/480/145
f 165/480/145 164/546/145 163/547/145
f 163/547/145 162/548/145 161/481/145
f 161/481/145 160/549/145 159/550/145
f 159/550/145 157/551/145 158/482/145
f 158/482/145 167/544/145 165/480/145
f 165/480/145 163/547/145 161/481/145
f 161/481/145 159/550/145 158/482/145
f 170/483/132 169/496/132 151/484/132
f 173/486/132 172/495/132 171/487/132
f 175/490/132 137/504/132 139/492/132
f 169/496/132 145/506/132 146/497/132
f 156/442/132 174/488/132 171/487/132
f 173/486/132 131/552/132 132/500/132
f 170/483/132 153/485/132 154/443/132
f 169/496/132 148/498/132 149/503/132
f 169/496/132 178/499/132 171/487/132
f 171/487/132 172/495/132 175/490/132
f 177/494/132 136/553/132 137/504/132
f 156/442/132 124/530/132 125/505/132
f 176/489/132 144/491/132 145/506/132
f 129/507/132 131/552/132 173/486/132
f 134/501/132 136/553/132 177/494/132
f 175/490/132 141/493/132 142/508/132
o group159819829
v 0.038555 0.191451 -0.093988
v 0.037452 0.195249 -0.098085
v 0.058730 0.195406 -0.103667
v 0.059833 0.191608 -0.099571
v 0.036030 0.196417 -0.103473
v 0.057308 0.196574 -0.109055
v 0.034669 0.194642 -0.108709
v 0.055947 0.194799 -0.114292
v 0.033735 0.190400 -0.112390
v 0.055013 0.190557 -0.117973
v 0.033477 0.184828 -0.113530
v 0.054755 0.184985 -0.119112
v 0.033965 0.179418 -0.111823
v 0.055243 0.179575 -0.117405
v 0.035067 0.175620 -0.107726
v 0.056345 0.175777 -0.113309
v 0.036490 0.174452 -0.102338
v 0.057768 0.174609 -0.107921
v 0.037850 0.176227 -0.097102
v 0.059128 0.176384 -0.102685
v 0.038785 0.180469 -0.093421
v 0.060063 0.180626 -0.099004
v 0.039043 0.186041 -0.092281
v 0.060321 0.186198 -0.097864
v -0.064138 0.179710 -0.066416
v -0.063880 0.185282 -0.065276
v 0.068086 0.195475 -0.106123
v 0.069189 0.191677 -0.102026
v -0.065072 0.175468 -0.070097
v -0.066433 0.173693 -0.075333
v -0.067855 0.174861 -0.080721
v -0.068958 0.178658 -0.084818
v -0.069446 0.184068 -0.086525
v -0.069188 0.189641 -0.085385
v -0.068253 0.193883 -0.081704
v -0.066893 0.195658 -0.076468
v -0.065470 0.194490 -0.071080
v -0.064368 0.190692 -0.066983
v 0.066664 0.196643 -0.111511
v 0.065303 0.194868 -0.116747
v 0.064368 0.190626 -0.120428
v 0.064110 0.185053 -0.121568
v 0.064598 0.179644 -0.119861
v 0.065701 0.175846 -0.115765
v 0.067123 0.174678 -0.110376
v 0.068484 0.176453 -0.105140
v 0.069418 0.180695 -0.101459
v 0.069676 0.186267 -0.100319
vn 0.2087 0.5471 0.8107
vn 0.2086 0.5471 0.8107
vn 0.1084 0.8923 0.4382
vn 0.1084 0.8923 0.4383
vn -0.0209 0.9984 -0.0516
vn -0.1446 0.8371 -0.5276
vn -0.1446 0.8371 -0.5277
vn -0.2296 0.4514 -0.8623
vn -0.2530 -0.0552 -0.9659
vn -0.2087 -0.5470 -0.8107
vn -0.2087 -0.5471 -0.8107
vn -0.2086 -0.5471 -0.8107
vn -0.1084 -0.8923 -0.4382
vn 0.0209 -0.9984 0.0516
vn 0.0210 -0.9984 0.0516
vn 0.1446 -0.8371 0.5276
vn 0.2296 -0.4514 0.8623
vn 0.2530 0.0552 0.9659
vn 0.2498 -0.2051 0.9463
vn 0.1642 0.7450 0.6465
vn 0.1937 -0.6670 0.7195
vn 0.0857 -0.9502 0.2998
vn 0.0857 -0.9501 0.2998
vn -0.0453 -0.9787 -0.2002
vn -0.1641 -0.7450 -0.6465
vn -0.2390 -0.3117 -0.9196
vn -0.2498 0.2051 -0.9463
vn -0.1937 0.6670 -0.7195
vn -0.1937 0.6670 -0.7194
vn -0.0857 0.9501 -0.2998
vn 0.0453 0.9787 0.2002
vn 0.1641 0.7450 0.6465
vn 0.2390 0.3117 0.9196
vn -0.9672 -0.0071 0.2538
vn -0.2499 0.2051 -0.9463
vn -0.2391 -0.3117 -0.9196
vn -0.1642 -0.7450 -0.6465
vn 0.1937 -0.6670 0.7194
vn 0.2499 -0.2051 0.9463
vn 0.2391 0.3117 0.9196
vn 0.9672 0.0071 -0.2538
vn 0.2087 0.5470 0.8107
vt 0.157347 0.072334
vt 0.157721 0.070098
vt 0.156843 0.072115
vt 0.097747 0.031622
vt 0.097824 0.029355
vt 0.097218 0.031470
vt 0.004625 0.003763
vt 0.004209 0.001534
vt 0.004076 0.003730
vt -0.092004 0.020231
vt -0.092938 0.018164
vt -0.092545 0.020329
vt -0.156363 0.062346
vt -0.156620 0.060093
vt -0.157135 0.060286
vt -0.176286 0.086340
vt -0.177717 0.084580
vt -0.176784 0.086573
vt -0.156843 0.072115
vt -0.157217 0.069878
vt -0.157721 0.070098
vt -0.097218 0.031470
vt -0.097295 0.029204
vt -0.097824 0.029355
vt -0.003527 0.003697
vt -0.004209 0.001534
vt -0.004076 0.003730
vt 0.092545 0.020329
vt 0.093479 0.018263
vt 0.092938 0.018164
vt 0.156363 0.062346
vt 0.157650 0.060479
vt 0.157135 0.060286
vt 0.176784 0.086573
vt 0.178215 0.084813
vt 0.177717 0.084580
vt 0.177228 0.067118
vt 0.172450 0.076643
vt 0.172972 0.076871
vt 0.131383 0.053847
vt 0.132255 0.053140
vt 0.131721 0.052941
vt 0.133131 0.028605
vt 0.130733 0.038987
vt 0.133678 0.028762
vt 0.047000 -0.006441
vt 0.046904 0.004215
vt 0.047568 -0.006406
vt -0.056155 0.000576
vt -0.053713 0.010949
vt -0.055595 0.000476
vt -0.136749 0.041118
vt -0.132490 0.050886
vt -0.136215 0.040919
vt -0.177433 0.072654
vt -0.172409 0.082052
vt -0.176917 0.072413
vt -0.177228 0.067118
vt -0.172450 0.076643
vt -0.176706 0.066890
vt -0.133131 0.028605
vt -0.130733 0.038988
vt -0.130185 0.038830
vt -0.047000 -0.006441
vt -0.046904 0.004215
vt -0.046335 0.004179
vt 0.056155 0.000576
vt 0.053713 0.010949
vt 0.054273 0.011050
vt 0.136749 0.041118
vt 0.132490 0.050886
vt 0.133023 0.051086
vt 0.177433 0.072654
vt 0.172409 0.082052
vt 0.172924 0.082293
vt -0.020606 0.196749
vt -0.020361 0.194859
vt -0.022120 0.195592
vt 0.053153 0.014062
vt 0.053885 0.013211
vt 0.053324 0.013110
vt -0.046706 0.007378
vt -0.046198 0.006377
vt -0.046766 0.006413
vt -0.129854 0.042035
vt -0.129575 0.040948
vt -0.130122 0.041106
vt -0.171705 0.079776
vt -0.171569 0.078662
vt -0.172091 0.078890
vt -0.171068 0.084918
vt -0.171994 0.084283
vt -0.171584 0.085160
vt -0.131383 0.053846
vt -0.132255 0.053140
vt -0.131916 0.054046
vt -0.053154 0.014060
vt -0.053885 0.013209
vt -0.053714 0.014161
vt 0.046706 0.007377
vt 0.046198 0.006377
vt 0.046138 0.007342
vt 0.129854 0.042036
vt 0.129575 0.040948
vt 0.129307 0.041878
vt 0.171705 0.079776
vt 0.171570 0.078662
vt 0.171183 0.079548
vt 0.171068 0.084918
vt 0.171994 0.084283
vt 0.171478 0.084042
vt 0.020888 0.194643
vt 0.020155 0.196401
vt 0.022044 0.196157
vt 0.158226 0.070318
vt 0.098353 0.029507
vt 0.004758 0.001567
vt -0.092396 0.018066
vt -0.155848 0.062153
vt -0.177218 0.084347
vt -0.156339 0.071895
vt -0.096689 0.031319
vt -0.003660 0.001501
vt 0.093086 0.020427
vt 0.156878 0.062539
vt 0.177282 0.086806
vt 0.176706 0.066890
vt 0.131916 0.054046
vt 0.130185 0.038830
vt 0.046335 0.004179
vt -0.054273 0.011050
vt -0.133023 0.051086
vt -0.172925 0.082293
vt -0.172972 0.076871
vt -0.133678 0.028762
vt -0.047568 -0.006406
vt 0.055595 0.000476
vt 0.136215 0.040919
vt 0.176917 0.072413
vt -0.022044 0.196157
vt -0.021697 0.196608
vt -0.021170 0.196824
vt -0.020155 0.196401
vt -0.019938 0.195875
vt -0.020014 0.195310
vt -0.020888 0.194643
vt -0.021452 0.194718
vt -0.021903 0.195066
vt 0.053714 0.014163
vt -0.046138 0.007343
vt -0.129307 0.041878
vt -0.171183 0.079549
vt -0.171478 0.084042
vt -0.131722 0.052940
vt -0.053325 0.013108
vt 0.046766 0.006412
vt 0.130122 0.041106
vt 0.172091 0.078889
vt 0.171584 0.085159
vt 0.022120 0.195592
vt 0.021903 0.195066
vt 0.021452 0.194718
vt 0.020361 0.194860
vt 0.020014 0.195311
vt 0.019938 0.195875
vt 0.020606 0.196749
vt 0.021170 0.196824
vt 0.021697 0.196608
s 1
usemtl mat23
f 181/554/149 179/555/149 182/556/150
f 184/557/151 180/558/151 181/559/152
f 186/560/153 183/561/153 184/562/153
f 188/563/154 185/564/155 186/565/154
f 188/566/156 189/567/156 187/568/156
f 192/569/157 189/570/157 190/571/157
f 192/572/158 193/573/159 191/574/160
f 194/575/161 195/576/161 193/577/161
f 198/578/162 195/579/162 196/580/163
f 198/581/164 199/582/164 197/583/164
f 200/584/165 201/585/165 199/586/165
f 202/587/166 179/588/166 201/589/166
f 204/590/167 199/591/167 201/592/167
f 206/593/168 181/594/168 182/595/168
f 207/596/169 199/597/169 203/598/169
f 208/599/170 197/600/171 207/601/170
f 209/602/172 195/603/172 208/604/172
f 210/605/173 193/606/173 209/607/173
f 211/608/174 191/609/174 210/610/174
f 212/611/175 189/612/175 211/613/175
f 212/614/176 185/615/177 187/616/177
f 213/617/178 183/618/178 185/619/178
f 214/620/179 180/621/179 183/622/179
f 215/623/180 179/624/180 180/625/180
f 216/626/181 201/627/181 179/628/181
f 213/629/182 209/630/182 204/631/182
f 205/632/179 184/633/179 181/634/179
f 217/635/178 186/636/178 184/637/178
f 218/638/177 188/639/177 186/640/177
f 219/641/183 190/642/183 188/643/183
f 221/644/184 190/645/184 220/646/184
f 222/647/185 192/648/185 221/649/185
f 223/650/172 194/651/172 222/652/172
f 224/653/171 196/654/171 223/655/171
f 225/656/186 198/657/186 224/658/186
f 226/659/187 200/660/187 225/661/187
f 226/662/188 182/663/188 202/664/188
f 223/665/189 219/666/189 206/667/189
f 181/554/149 180/668/190 179/555/149
f 184/557/151 183/669/151 180/558/151
f 186/560/153 185/670/153 183/561/153
f 188/563/154 187/671/154 185/564/155
f 188/566/156 190/672/156 189/567/156
f 192/569/157 191/673/157 189/570/157
f 192/572/158 194/674/158 193/573/159
f 194/575/161 196/675/161 195/576/161
f 198/578/162 197/676/162 195/579/162
f 198/581/164 200/677/164 199/582/164
f 200/584/165 202/678/165 201/585/165
f 202/587/166 182/679/166 179/588/166
f 204/590/167 203/680/167 199/591/167
f 206/593/168 205/681/168 181/594/168
f 207/596/169 197/682/169 199/597/169
f 208/599/170 195/683/171 197/600/171
f 209/602/172 193/684/172 195/603/172
f 210/605/173 191/685/173 193/606/173
f 211/608/174 189/686/174 191/609/174
f 212/611/175 187/687/175 189/612/175
f 212/614/176 213/688/176 185/615/177
f 213/617/178 214/689/178 183/618/178
f 214/620/179 215/690/179 180/621/179
f 215/623/180 216/691/180 179/624/180
f 216/626/181 204/692/181 201/627/181
f 204/631/182 216/693/182 215/694/182
f 215/694/182 214/695/182 213/629/182
f 213/629/182 212/696/182 211/697/182
f 211/697/182 210/698/182 209/630/182
f 209/630/182 208/699/182 207/700/182
f 207/700/182 203/701/182 204/631/182
f 204/631/182 215/694/182 213/629/182
f 213/629/182 211/697/182 209/630/182
f 209/630/182 207/700/182 204/631/182
f 205/632/179 217/702/179 184/633/179
f 217/635/178 218/703/178 186/636/178
f 218/638/177 219/704/177 188/639/177
f 219/641/183 220/705/183 190/642/183
f 221/644/184 192/706/184 190/645/184
f 222/647/185 194/707/185 192/648/185
f 223/650/172 196/708/172 194/651/172
f 224/653/171 198/709/171 196/654/171
f 225/656/186 200/710/186 198/657/186
f 226/659/187 202/711/187 200/660/187
f 226/662/188 206/712/188 182/663/188
f 206/667/189 226/713/189 225/714/189
f 225/714/189 224/715/189 223/665/189
f 223/665/189 222/716/189 221/717/189
f 221/717/189 220/718/189 219/666/189
f 219/666/189 218/719/189 217/720/189
f 217/720/189 205/721/189 206/667/189
f 206/667/189 225/714/189 223/665/189
f 223/665/189 221/717/189 219/666/189
f 219/666/189 217/720/189 206/667/189
o group1663465607
v -0.024461 0.672219 -0.285818
v -0.025439 0.670192 -0.290480
v -0.025992 0.666057 -0.293544
v -0.023321 0.671593 -0.280807
v -0.117789 0.669260 -0.264963
v -0.118766 0.667233 -0.269625
v -0.025974 0.660921 -0.294189
v -0.025388 0.656160 -0.292243
v -0.024391 0.653051 -0.288226
v -0.023252 0.652425 -0.283216
v -0.022274 0.654452 -0.278554
v -0.021720 0.658587 -0.275490
v -0.021739 0.663723 -0.274844
v -0.022325 0.668483 -0.276791
v -0.116649 0.668634 -0.259952
v -0.115653 0.665525 -0.255936
v -0.115067 0.660764 -0.253989
v -0.115048 0.655628 -0.254635
v -0.115602 0.651493 -0.257699
v -0.116579 0.649467 -0.262361
v -0.117719 0.650092 -0.267371
v -0.118715 0.653202 -0.271388
v -0.119301 0.657962 -0.273334
v -0.119320 0.663098 -0.272689
vn 0.6777 0.7222 0.1385
vn 0.5174 0.6161 -0.5939
vn 0.5914 0.7696 -0.2410
vn -0.1132 0.9197 -0.3760
vn 0.9755 0.0309 -0.2180
vn -0.0036 0.9922 0.1247
vn 0.1069 0.7989 0.5919
vn 0.1888 0.3915 0.9006
vn 0.2201 -0.1208 0.9680
vn 0.1924 -0.6007 0.7760
vn 0.1132 -0.9197 0.3760
vn 0.0036 -0.9922 -0.1247
vn -0.1070 -0.7988 -0.5919
vn -0.1888 -0.3915 -0.9006
vn -0.2201 0.1208 -0.9680
vn -0.1924 0.6007 -0.7760
vn -0.1924 0.6007 -0.7759
vn -0.9755 -0.0309 0.2180
vn 0.4755 0.3030 -0.8259
vn -0.1070 -0.7989 -0.5919
vn -0.9754 -0.0309 0.2180
vn -0.9755 -0.0310 0.2180
vt 0.000000 0.000000
vt -0.064516 -0.000818
vt -0.063437 0.008703
vt -0.063999 -0.000848
vt 0.033478 0.243526
vt 0.031761 0.243753
vt 0.031892 0.244745
vt 0.063000 0.006286
vt 0.061870 0.015801
vt 0.063510 0.006375
vt 0.164940 0.054525
vt 0.162184 0.063701
vt 0.165427 0.054700
vt 0.218535 0.093288
vt 0.215081 0.102225
vt 0.219007 0.093500
vt 0.221053 0.087658
vt 0.217832 0.096682
vt 0.221531 0.087858
vt 0.169613 0.042031
vt 0.166569 0.051116
vt 0.167068 0.051254
vt 0.064516 -0.000818
vt 0.063437 0.008703
vt 0.063953 0.008733
vt -0.062999 0.006286
vt -0.061869 0.015801
vt -0.061359 0.015712
vt -0.164941 0.054526
vt -0.162185 0.063702
vt -0.161698 0.063527
vt -0.218535 0.093288
vt -0.215081 0.102225
vt -0.214609 0.102013
vt -0.221053 0.087658
vt -0.217832 0.096682
vt -0.217355 0.096482
vt -0.169613 0.042031
vt -0.166569 0.051116
vt -0.169114 0.041893
vt -0.032076 0.243343
vt -0.033676 0.244004
vt -0.032303 0.245060
vt -0.063953 0.008733
vt 0.033295 0.244928
vt 0.033609 0.244517
vt 0.033677 0.244004
vt 0.033067 0.243211
vt 0.032554 0.243144
vt 0.032076 0.243343
vt 0.031694 0.244267
vt 0.061360 0.015712
vt 0.161697 0.063526
vt 0.214609 0.102013
vt 0.217355 0.096482
vt 0.169114 0.041893
vt 0.063999 -0.000848
vt -0.063509 0.006375
vt -0.165428 0.054701
vt -0.219007 0.093500
vt -0.221531 0.087858
vt -0.167068 0.051254
vt -0.031892 0.244745
vt -0.031694 0.244267
vt -0.031761 0.243754
vt -0.032554 0.243144
vt -0.033067 0.243211
vt -0.033478 0.243526
vt -0.033609 0.244518
vt -0.033294 0.244929
vt -0.032816 0.245127
s 1
usemtl mat23
f 230/722/191 228/722/192 227/722/193
f 231/723/194 228/724/194 232/725/194
f 238/726/195 234/727/195 229/728/195
f 241/729/196 227/730/196 231/731/196
f 242/732/197 230/733/197 241/734/197
f 243/735/198 240/736/198 242/737/198
f 244/738/199 239/739/199 243/740/199
f 244/741/200 237/742/200 238/743/200
f 245/744/201 236/745/201 237/746/201
f 246/747/202 235/748/202 236/749/202
f 247/750/203 234/751/203 235/752/203
f 248/753/204 233/754/204 234/755/204
f 249/756/205 229/757/205 233/758/205
f 232/759/206 229/760/207 250/761/206
f 247/762/208 243/763/208 232/764/208
f 230/722/191 229/722/209 228/722/192
f 231/723/194 227/765/194 228/724/194
f 229/728/195 230/766/195 240/767/195
f 240/767/195 239/768/195 238/726/195
f 238/726/195 237/769/195 236/770/195
f 236/770/195 235/771/195 234/727/195
f 234/727/195 233/772/195 229/728/195
f 229/728/195 240/767/195 238/726/195
f 238/726/195 236/770/195 234/727/195
f 241/729/196 230/773/196 227/730/196
f 242/732/197 240/774/197 230/733/197
f 243/735/198 239/775/198 240/736/198
f 244/738/199 238/776/199 239/739/199
f 244/741/200 245/777/200 237/742/200
f 245/744/201 246/778/201 236/745/201
f 246/747/202 247/779/202 235/748/202
f 247/750/203 248/780/210 234/751/203
f 248/753/204 249/781/204 233/754/204
f 249/756/205 250/782/205 229/757/205
f 232/759/206 228/783/207 229/760/207
f 232/764/208 250/784/211 249/785/208
f 249/785/208 248/786/208 247/762/208
f 247/762/208 246/787/208 245/788/208
f 245/788/208 244/789/211 243/763/208
f 243/763/208 242/790/208 241/791/208
f 241/791/208 231/792/212 232/764/208
f 232/764/208 249/785/208 247/762/208
f 247/762/208 245/788/208 243/763/208
f 243/763/208 241/791/208 232/764/208
o group1667276076
v -0.124102 0.082631 0.008303
v -0.113719 0.082631 0.047053
v -0.103336 0.082631 0.085803
v -0.103336 0.062631 0.085803
v -0.124102 0.062631 0.008303
v -0.046602 0.082631 0.142537
v -0.046602 0.062631 0.142537
v 0.030898 0.082631 0.163303
v 0.030898 0.062631 0.163303
v 0.108398 0.082631 0.142537
v 0.108398 0.062631 0.142537
v 0.165132 0.082631 0.085803
v 0.165132 0.062631 0.085803
v 0.185898 0.082631 0.008303
v 0.185898 0.062631 0.008303
v 0.175515 0.082631 -0.030447
v 0.165132 0.082631 -0.069197
v 0.165132 0.062631 -0.069197
v 0.108398 0.082631 -0.125931
v 0.108398 0.062631 -0.125931
v 0.069648 0.082631 -0.136314
v 0.030898 0.082631 -0.146697
v 0.030898 0.062631 -0.146697
v 0.011523 0.082631 -0.141506
v -0.007852 0.082631 -0.136314
v -0.027227 0.082631 -0.131122
v -0.046602 0.082631 -0.125931
v -0.046602 0.062631 -0.125931
v -0.074969 0.082631 -0.097564
v -0.103336 0.082631 -0.069197
v -0.103336 0.062631 -0.069197
v -0.041410 0.082631 0.027678
v -0.005256 0.082631 0.017991
v 0.030898 0.082631 0.008303
v 0.067053 0.082631 -0.001384
v 0.103207 0.082631 -0.011072
v 0.016205 0.082631 -0.123385
v -0.022221 0.082631 -0.113089
v -0.036265 0.082631 -0.089951
v -0.025929 0.082631 -0.053970
v 0.048976 0.082631 -0.074041
v 0.039937 0.082631 -0.110369
v -0.007203 0.082631 -0.058988
v 0.030249 0.082631 -0.069023
v 0.030250 0.147631 -0.069023
v 0.016205 0.147631 -0.123385
v -0.007203 0.147631 -0.058988
v -0.022221 0.147631 -0.113089
v 0.030250 0.212631 -0.069023
v 0.028494 0.212631 -0.075818
v 0.026738 0.212631 -0.082614
v 0.023227 0.242631 -0.096204
v 0.019716 0.212631 -0.109794
v 0.017961 0.212631 -0.116590
v 0.016205 0.212631 -0.123385
v -0.022221 0.212631 -0.113089
v -0.020343 0.212631 -0.106326
v -0.018466 0.212631 -0.099564
v -0.014712 0.242631 -0.086038
v -0.010957 0.212631 -0.072513
v -0.009080 0.212631 -0.065750
v -0.007203 0.212631 -0.058988
vn -0.9659 -0.0000 0.2588
vn -0.7071 -0.0000 0.7071
vn -0.2588 -0.0000 0.9659
vn 0.2588 -0.0000 0.9659
vn 0.7071 -0.0000 0.7071
vn 0.9659 -0.0000 0.2588
vn 0.9659 -0.0000 -0.2588
vn 0.7071 -0.0000 -0.7071
vn 0.2588 -0.0000 -0.9659
vn -0.2588 -0.0000 -0.9659
vn -0.2588 -0.0002 -0.9659
vn -0.7071 -0.0000 -0.7071
vn -0.9659 -0.0000 -0.2588
vn -0.0000 1.0000 -0.0000
vn -0.0000 -1.0000 -0.0000
vn -0.0000 1.0000 0.0027
vn -0.0000 0.5698 0.8218
vn 0.9682 -0.0000 -0.2501
vn -0.9636 -0.0000 0.2675
vn 0.1863 0.6941 0.6954
vn -0.1945 0.6597 -0.7259
vn -0.9732 0.1840 -0.1380
vn 0.9763 -0.1730 0.1298
vn 0.9763 -0.1731 0.1298
vn 0.8400 -0.1392 -0.5244
vn 0.8400 -0.1393 -0.5244
vn -0.8453 0.1280 0.5187
vn -0.8453 0.1281 0.5187
vn -0.0000 -0.9011 0.4336
vn 0.1864 0.6941 0.6954
vn -0.1943 0.6597 -0.7259
vt -0.030718 0.181418
vt -0.027105 0.184071
vt -0.023151 0.184752
vt 0.124993 0.135039
vt 0.132275 0.131122
vt 0.130929 0.129642
vt 0.160305 0.090331
vt 0.166027 0.084362
vt 0.164291 0.083368
vt 0.021335 0.714240
vt 0.041308 0.544590
vt 0.063747 0.708963
vt 0.030335 0.378869
vt 0.000166 0.544095
vt 0.125220 0.232595
vt 0.070386 0.394127
vt 0.274319 0.116380
vt 0.228739 0.211654
vt 0.158070 0.264386
vt 0.423419 0.000166
vt 0.303288 0.153547
vt -0.164291 0.083368
vt -0.164034 0.087844
vt -0.162041 0.091325
vt -0.169552 0.071859
vt -0.169647 0.076340
vt -0.167933 0.079968
vt -0.165360 0.080836
vt -0.165280 0.085318
vt -0.163426 0.088875
vt -0.142862 0.115972
vt -0.139285 0.123428
vt -0.137745 0.122152
vt 0.006024 -0.017983
vt 0.018340 -0.009470
vt 0.016623 -0.013095
vt -0.014844 0.008753
vt 0.010438 -0.000277
vt -0.010023 -0.017658
vt 0.390514 0.620573
vt 0.189989 0.839198
vt 0.017705 -0.000015
vt 0.019732 -0.001846
vt 0.018028 -0.003980
vt 0.012585 -0.006318
vt 0.016322 -0.006081
vt 0.003595 0.011862
vt 0.014844 0.008753
vt 0.017126 0.005453
vt 0.015681 0.001782
vt 0.004202 0.004401
vt 0.019407 0.002153
vt 0.012428 -0.004386
vt 0.020058 -0.005844
vt 0.004506 0.000670
vt 0.011956 0.001411
vt 0.005113 -0.006791
vt 0.012114 -0.000521
vt 0.019569 0.000153
vt 0.019895 -0.003845
vt 0.024366 0.191329
vt 0.017630 0.186000
vt 0.018851 0.192384
vt 0.176352 0.077364
vt 0.168819 0.078093
vt 0.174696 0.080870
vt -0.017231 0.192107
vt -0.010696 0.186533
vt -0.016246 0.185682
vt -0.174674 0.080915
vt -0.170496 0.074542
vt -0.176373 0.077319
vt 0.021451 0.198505
vt 0.024208 0.197977
vt -0.182250 0.080095
vt -0.016828 0.198745
vt -0.014054 0.199170
vt -0.011681 0.192958
vt 0.453270 0.905429
vt 0.538088 0.763239
vt 0.538088 0.905429
vt 0.452719 0.673362
vt 0.538639 0.673362
vt 0.017328 -0.004031
vt 0.017705 -0.000015
vt 0.018028 -0.003980
vt 0.013128 -0.004335
vt 0.013512 -0.000395
vt 0.013828 -0.004284
vt -0.016628 -0.004081
vt -0.017705 -0.000015
vt -0.016307 -0.000141
vt 0.016307 -0.000142
vt 0.017006 -0.000078
vt 0.012428 -0.004386
vt 0.012813 -0.000458
vt -0.013828 -0.004284
vt -0.012114 -0.000520
vt -0.012428 -0.004385
vt -0.137534 0.035798
vt -0.132462 0.038398
vt -0.133609 0.034589
vt -0.108028 0.164623
vt -0.104081 0.163626
vt -0.105175 0.162942
vt 0.104280 0.165033
vt 0.103180 0.165734
vt 0.107138 0.166707
vt -0.080734 0.184042
vt -0.077179 0.182025
vt -0.078460 0.181633
vt 0.078353 0.181527
vt 0.077062 0.181923
vt 0.080620 0.183942
vt -0.022812 0.182781
vt -0.031058 0.183389
vt 0.126338 0.136519
vt 0.162041 0.091325
vt 0.452388 0.037332
vt -0.160305 0.090332
vt -0.166027 0.084362
vt -0.166125 0.079113
vt -0.171360 0.072713
vt -0.170503 0.074527
vt -0.168790 0.078154
vt -0.161652 0.087951
vt -0.167133 0.081760
vt -0.144403 0.117248
vt 0.010023 -0.017658
vt 0.005417 -0.010522
vt -0.016623 -0.013095
vt -0.020058 -0.005844
vt -0.019407 0.002153
vt -0.007593 0.012187
vt 0.000404 0.011536
vt 0.007004 0.006974
vt 0.009787 -0.008274
vt 0.005225 -0.014874
vt -0.002026 -0.018309
vt 0.313721 0.371261
vt 0.345280 0.454107
vt 0.369890 0.538511
vt 0.452388 0.866759
vt 0.364434 0.888864
vt 0.411139 0.702635
vt 0.007593 0.012187
vt 0.004810 -0.003061
vt 0.023144 0.184945
vt 0.170475 0.074588
vt -0.168797 0.078139
vt 0.020072 0.198769
vt 0.020762 0.198637
vt 0.024898 0.197846
vt 0.025587 0.197714
vt 0.023393 0.201188
vt -0.180551 0.083692
vt -0.018216 0.198532
vt -0.017522 0.198639
vt -0.013360 0.199277
vt -0.012666 0.199383
vt -0.015896 0.201923
vt 0.453270 0.763239
vt -0.018028 -0.003980
vt 0.016628 -0.004082
vt 0.012114 -0.000521
vt -0.013512 -0.000394
vt -0.136401 0.039558
s 1
usemtl mat23
f 254/793/213 252/794/213 251/795/213
f 257/796/214 253/797/214 254/798/214
f 259/799/215 256/800/215 257/801/215
f 259/802/216 260/803/216 258/804/216
f 263/805/217 260/803/217 261/806/217
f 265/807/218 262/808/218 263/805/218
f 268/809/219 266/810/219 264/811/219
f 270/812/220 267/813/220 268/809/220
f 273/814/221 271/815/221 269/816/221
f 278/817/222 275/818/222 272/819/223
f 281/820/224 279/821/224 277/822/224
f 255/823/225 280/824/225 281/825/225
f 252/826/226 279/827/226 280/828/226
f 270/829/227 261/830/227 255/831/227
f 283/832/226 256/833/226 264/811/226
f 287/834/226 275/835/226 288/836/226
f 290/837/226 289/838/226 279/827/226
f 266/839/226 269/840/226 271/841/226
f 292/842/226 286/843/226 272/844/226
f 293/845/226 288/836/226 277/846/226
f 293/845/226 285/847/228 291/848/226
f 283/849/226 293/845/226 290/837/226
f 294/850/229 291/848/226 292/842/226
f 289/838/226 290/837/226 293/845/226
f 287/834/226 292/842/226 274/851/226
f 288/836/226 275/835/226 276/852/226
f 295/853/230 287/854/230 296/855/230
f 297/856/216 294/857/216 295/858/216
f 297/859/231 288/860/231 293/861/231
f 296/862/222 288/863/222 298/864/222
f 251/795/213 255/907/213 254/793/213
f 254/793/213 253/908/213 252/794/213
f 257/796/214 256/909/214 253/797/214
f 259/799/215 258/910/215 256/800/215
f 259/802/216 261/806/216 260/803/216
f 263/805/217 262/808/217 260/803/217
f 265/807/218 264/811/218 262/808/218
f 264/811/219 265/807/219 268/809/219
f 268/809/219 267/813/219 266/810/219
f 270/812/220 269/911/220 267/813/220
f 269/816/221 270/912/221 273/814/221
f 273/814/221 272/913/221 271/815/221
f 272/819/223 273/914/222 278/817/222
f 278/817/222 277/915/222 276/916/222
f 275/818/222 274/917/241 272/819/223
f 278/817/222 276/916/222 275/818/222
f 277/822/224 278/918/224 281/820/224
f 281/820/224 280/919/224 279/821/224
f 255/823/225 251/920/225 280/824/225
f 280/828/226 251/921/226 252/826/226
f 252/826/226 282/922/226 279/827/226
f 255/831/227 281/923/227 278/924/227
f 278/924/227 273/925/227 270/829/227
f 270/829/227 268/926/227 265/927/227
f 265/927/227 263/928/227 261/830/227
f 261/830/227 259/929/227 257/930/227
f 257/930/227 254/931/227 255/831/227
f 255/831/227 278/924/227 270/829/227
f 270/829/227 265/927/227 261/830/227
f 261/830/227 257/930/227 255/831/227
f 286/932/226 285/933/228 284/934/226
f 286/932/226 284/934/226 283/832/226
f 264/811/226 266/810/226 286/932/226
f 260/803/226 262/808/226 264/811/226
f 256/833/226 258/804/226 260/803/226
f 252/935/226 253/936/226 256/833/226
f 282/937/226 252/935/226 256/833/226
f 256/833/226 260/803/226 264/811/226
f 264/811/226 286/932/226 283/832/226
f 283/832/226 282/937/226 256/833/226
f 287/834/226 274/851/226 275/835/226
f 279/827/226 282/922/226 283/849/226
f 279/827/226 283/849/226 290/837/226
f 289/838/226 277/846/226 279/827/226
f 271/841/226 286/843/226 266/839/226
f 266/839/226 267/938/226 269/840/226
f 291/848/226 285/847/228 286/843/226
f 286/843/226 271/841/226 272/844/226
f 292/842/226 291/848/226 286/843/226
f 277/846/226 289/838/226 293/845/226
f 288/836/226 276/852/226 277/846/226
f 291/848/226 294/850/229 293/845/226
f 293/845/226 284/939/226 285/847/228
f 283/849/226 284/939/226 293/845/226
f 287/834/226 294/850/229 292/842/226
f 292/842/226 272/844/226 274/851/226
f 295/853/230 294/940/230 287/854/230
f 297/856/216 293/941/216 294/857/216
f 297/859/231 298/870/231 288/860/231
f 296/862/222 287/942/222 288/863/222
usemtl mat18
f 303/865/230 301/866/230 295/853/230
f 306/867/222 296/862/222 298/864/222
f 310/868/231 308/869/231 298/870/231
f 295/871/216 312/872/216 297/873/216
f 312/872/232 302/874/232 309/875/232
f 307/876/226 305/877/226 306/878/226
f 311/879/226 301/880/226 310/881/226
f 308/882/227 305/883/227 303/884/227
f 307/876/226 303/885/226 304/886/226
f 312/887/226 300/888/226 311/879/226
f 310/889/227 299/890/227 312/891/227
f 309/892/233 305/893/233 306/894/233
f 309/895/234 306/896/234 308/897/234
f 303/898/235 305/899/236 302/900/236
f 302/901/237 299/902/237 301/903/238
f 310/904/239 312/905/239 309/906/240
f 295/853/230 296/855/230 305/943/230
f 295/853/230 305/943/230 304/944/230
f 300/945/230 299/946/230 295/853/230
f 303/865/230 302/947/230 301/866/230
f 301/866/230 300/945/230 295/853/230
f 295/853/230 304/944/230 303/865/230
f 306/867/222 305/948/222 296/862/222
f 298/870/231 297/859/231 312/949/231
f 298/870/231 312/949/231 311/950/231
f 307/951/231 306/952/231 298/870/231
f 310/868/231 309/953/231 308/869/231
f 308/869/231 307/951/231 298/870/231
f 298/870/231 311/950/231 310/868/231
f 295/871/216 299/954/216 312/872/216
f 312/872/232 299/954/242 302/874/232
f 307/876/226 304/886/226 305/877/226
f 311/879/226 300/888/226 301/880/226
f 308/882/227 306/955/227 305/883/227
f 307/876/226 308/956/226 303/885/226
f 312/887/226 299/957/226 300/888/226
f 310/889/227 301/958/227 299/890/227
f 309/892/233 302/959/243 305/893/233
o group1775857955
v 0.055262 0.222619 -0.122854
v 0.038212 0.209109 -0.113759
v 0.037115 0.207150 -0.118726
v 0.054166 0.220660 -0.127820
v 0.035894 0.198540 -0.109078
v 0.033575 0.187972 -0.104397
v 0.032479 0.186013 -0.109363
v 0.038349 0.177626 -0.101369
v 0.043124 0.167281 -0.098342
v 0.042027 0.165321 -0.103308
v 0.063209 0.154939 -0.097909
v 0.062113 0.152980 -0.102875
v 0.074685 0.155300 -0.100585
v 0.073589 0.153341 -0.105551
v 0.066738 0.222980 -0.125531
v 0.065641 0.221021 -0.130497
v 0.067628 0.204101 -0.124260
v 0.068725 0.206060 -0.119294
v 0.071705 0.180680 -0.109940
v 0.072698 0.172220 -0.106821
v 0.068621 0.195641 -0.121142
v 0.062945 0.187181 -0.118024
v 0.070608 0.178721 -0.114906
v 0.064041 0.189140 -0.113058
v 0.071602 0.170261 -0.111788
v 0.069718 0.197600 -0.116176
vn -0.6608 0.7365 -0.1447
vn -0.9596 0.2591 0.1097
vn -0.8919 -0.3173 0.3221
vn -0.4836 -0.7725 0.4115
vn -0.4836 -0.7725 0.4116
vn 0.1095 -0.9327 0.3438
vn 0.1095 -0.9326 0.3438
vn 0.9734 0.0306 -0.2270
vn 0.2012 0.3595 0.9112
vn -0.2011 -0.3595 -0.9112
vn -0.2012 -0.3595 -0.9112
vn -0.2010 -0.3595 -0.9112
vn -0.1095 0.9327 -0.3438
vn -0.1095 0.9326 -0.3438
vn 0.7510 0.5406 -0.3792
vn 0.7510 0.5406 -0.3791
vn 0.9734 0.0306 -0.2271
vn 0.8354 -0.5488 0.0320
vn 0.2180 0.5052 0.8350
vn 0.2632 0.1732 0.9491
vn -0.2632 -0.1732 -0.9491
vn -0.2180 -0.5052 -0.8350
vn 0.1095 -0.9327 0.3437
vn 0.7845 0.1961 0.5883
vt -0.050068 0.119713
vt -0.050498 0.122094
vt -0.049954 0.122068
vt -0.042900 0.184697
vt -0.043360 0.185912
vt -0.043277 0.187087
vt 0.020007 0.183176
vt 0.019986 0.184474
vt 0.020463 0.185553
vt 0.065472 -0.099085
vt 0.065792 -0.096686
vt 0.066015 -0.099033
vt 0.055250 0.011947
vt 0.055855 0.010798
vt 0.055311 0.010769
vt 0.034032 0.195869
vt 0.033281 0.197608
vt 0.033823 0.197671
vt 0.166951 0.084779
vt 0.168995 0.081914
vt 0.165778 0.082961
vt -0.169435 0.085892
vt -0.171916 0.083622
vt -0.171918 0.087006
vt -0.055250 0.011947
vt -0.055855 0.010798
vt -0.055794 0.011975
vt -0.096656 -0.131063
vt -0.095933 -0.130048
vt -0.096132 -0.131215
vt 0.034658 0.190462
vt 0.033908 0.192201
vt 0.034449 0.192264
vt 0.033803 0.193103
vt 0.034345 0.193165
vt 0.034136 0.194967
vt 0.033490 0.195806
vt 0.047867 0.157025
vt 0.047400 0.158058
vt 0.047944 0.158087
vt 0.170262 0.086264
vt 0.172400 0.085930
vt 0.171042 0.082831
vt 0.167779 0.085150
vt 0.170167 0.082040
vt 0.169435 0.085892
vt -0.166951 0.084779
vt -0.165778 0.082961
vt -0.170167 0.082040
vt 0.159405 0.075904
vt 0.160571 0.075704
vt 0.161753 0.072763
vt 0.177126 0.084442
vt 0.175868 0.087352
vt 0.176371 0.088291
vt -0.176265 0.088270
vt -0.175762 0.087331
vt -0.177019 0.084422
vt -0.161825 0.072817
vt -0.160643 0.075758
vt -0.159477 0.075958
vt -0.050612 0.119739
vt -0.042734 0.187049
vt -0.043443 0.184736
vt 0.020961 0.185332
vt 0.019509 0.183396
vt 0.065249 -0.096738
vt 0.055794 0.011975
vt 0.167823 0.081788
vt 0.165296 0.084037
vt -0.170262 0.086263
vt -0.172400 0.085930
vt -0.055311 0.010769
vt -0.096456 -0.129896
vt 0.034116 0.190399
vt 0.033594 0.194905
vt 0.047322 0.156995
vt 0.171918 0.087006
vt 0.171916 0.083622
vt -0.167779 0.085150
vt -0.165296 0.084037
vt -0.167823 0.081788
s 1
usemtl mat23
f 315/960/244 313/961/244 316/962/244
f 319/963/245 317/964/245 314/965/245
f 322/966/246 320/967/246 318/968/246
f 322/969/247 323/970/248 321/971/247
f 326/972/249 323/973/250 324/974/250
f 330/975/251 328/976/251 327/977/251
f 332/978/252 320/979/252 323/980/252
f 333/981/253 315/982/254 328/983/255
f 328/984/256 313/985/257 327/986/256
f 336/987/258 335/988/259 334/989/258
f 325/990/251 337/991/251 332/992/251
f 332/992/251 335/993/251 331/994/251
f 338/995/260 329/996/251 330/975/251
f 336/997/261 333/998/261 338/999/261
f 330/1000/252 313/1001/252 317/1002/252
f 331/1003/252 318/1004/252 320/979/252
f 338/1005/252 317/1002/252 318/1004/252
f 337/1006/254 324/1007/254 319/1008/254
f 331/1009/262 336/1010/262 318/1011/262
f 318/1012/263 336/1013/263 338/1014/263
f 333/1015/264 334/1016/264 319/1017/264
f 319/1018/265 334/1019/265 335/1020/265
f 315/960/244 314/1021/244 313/961/244
f 314/965/245 315/1022/245 319/963/245
f 319/963/245 318/1023/245 317/964/245
f 318/968/246 319/1024/246 322/966/246
f 322/966/246 321/1025/246 320/967/246
f 322/969/247 324/1026/248 323/970/248
f 326/972/249 325/1027/266 323/973/250
f 330/975/251 329/996/251 328/976/251
f 332/978/252 331/1003/252 320/979/252
f 320/979/252 321/1028/252 323/980/252
f 323/980/252 325/1029/252 332/978/252
f 328/983/255 329/1030/267 333/981/253
f 333/981/253 319/1008/254 315/982/254
f 315/982/254 316/1031/254 328/983/255
f 328/984/256 316/1032/257 313/985/257
f 336/987/258 331/1033/259 335/988/259
f 325/990/251 326/1034/251 337/991/251
f 332/992/251 337/991/251 335/993/251
f 338/995/260 333/1035/260 329/996/251
f 336/997/261 334/1036/261 333/998/261
f 317/1002/252 338/1005/252 330/1000/252
f 330/1000/252 327/1037/252 313/1001/252
f 313/1001/252 314/1038/252 317/1002/252
f 319/1008/254 335/1039/254 337/1006/254
f 337/1006/254 326/1040/254 324/1007/254
f 324/1007/254 322/1041/254 319/1008/254
o group1982449423
v -0.066322 0.150119 -0.095878
v -0.025873 0.150380 -0.106494
v -0.034361 0.227320 -0.136945
v -0.074811 0.227058 -0.126329
v -0.052372 0.172918 -0.042160
v -0.060860 0.249858 -0.072612
v -0.020411 0.250119 -0.083228
v -0.011922 0.173179 -0.052776
v -0.049445 0.364030 -0.191051
v -0.089895 0.363769 -0.180435
v -0.071323 0.232758 -0.112900
v -0.064348 0.244158 -0.086041
v -0.023898 0.244419 -0.096657
v -0.025642 0.241569 -0.103372
v -0.030874 0.233020 -0.123516
v -0.035494 0.386830 -0.137334
v -0.038982 0.381130 -0.150764
v -0.044123 0.244289 -0.091349
v -0.051098 0.232889 -0.118208
v -0.075944 0.386568 -0.126719
v -0.079431 0.380868 -0.140148
v -0.059206 0.380999 -0.145456
v -0.050360 0.521570 -0.190661
v -0.053848 0.515870 -0.204091
v -0.045957 0.369730 -0.177622
v -0.066182 0.369599 -0.172314
v -0.086407 0.369469 -0.167006
v -0.064446 0.499991 -0.244862
v -0.071946 0.567972 -0.271767
v -0.075696 0.601962 -0.285220
v -0.079446 0.635952 -0.298673
v -0.119896 0.635691 -0.288057
v -0.105676 0.656049 -0.233372
v -0.065226 0.656310 -0.243988
v -0.061509 0.622626 -0.230656
v -0.057793 0.588940 -0.217324
v -0.094297 0.515609 -0.193475
v -0.101730 0.582979 -0.220138
v -0.105447 0.616664 -0.233470
v -0.074073 0.515740 -0.198783
v -0.060958 0.505691 -0.231433
v -0.072209 0.607662 -0.271791
v -0.068458 0.573672 -0.258338
v -0.061281 0.583240 -0.230754
v -0.064997 0.616925 -0.244086
v -0.081506 0.583110 -0.225446
v -0.085222 0.616795 -0.238778
v -0.113459 0.603570 -0.264320
v -0.093234 0.603701 -0.269628
v -0.082419 0.666438 -0.309249
v -0.122869 0.666176 -0.298633
v -0.068199 0.686796 -0.254564
v -0.072945 0.688834 -0.272600
v -0.076500 0.683745 -0.286271
v -0.080055 0.678655 -0.299943
v -0.108648 0.686535 -0.243948
v -0.120505 0.678394 -0.289327
v -0.116950 0.683484 -0.275655
v -0.113395 0.688573 -0.261984
vn -0.2325 -0.3800 -0.8953
vn 0.2325 0.3800 0.8953
vn 0.1020 -0.9250 0.3661
vn 0.1021 -0.9250 0.3661
vn -0.9672 -0.0062 0.2538
vn -0.9672 -0.0062 0.2539
vn 0.9672 0.0062 -0.2538
vn 0.8530 -0.5219 0.0001
vn 0.8530 -0.5219 -0.0000
vn 0.9525 0.1230 -0.2784
vn -0.0658 0.9718 -0.2267
vn 0.2408 -0.7732 -0.5867
vn 0.7740 0.1699 -0.6099
vn -0.9758 0.1586 -0.1507
vn -0.8355 0.3878 0.3893
vn 0.9142 0.3992 -0.0700
vn 0.2142 -0.1928 0.9576
vn 0.2326 0.3800 0.8953
vn 0.2270 0.4266 0.8755
vn 0.9672 0.0063 -0.2538
vn 0.5195 -0.2642 -0.8126
vn 0.0059 -0.3673 -0.9301
vn 0.2860 0.6641 0.6908
vn -0.2521 -0.0949 -0.9630
vn -0.9672 -0.0063 0.2538
vn -0.1979 -0.6079 -0.7690
vn 0.0531 -0.6807 -0.7306
vn 0.0839 -0.9514 0.2963
vn -0.9084 0.1414 0.3934
vn -0.2368 -0.3390 -0.9105
vn -0.9700 -0.0647 0.2342
vn 0.2368 0.3390 0.9105
vn -0.2033 0.6179 -0.7595
vn 0.0216 0.9941 0.1067
vn -0.0917 0.9408 -0.3264
vn 0.9711 -0.0059 0.2387
vn -0.0000 -0.0000 1.0000
vn -0.9694 0.0404 0.2423
vn 0.9923 -0.0000 -0.1240
vn 0.6854 0.3427 0.6425
vn -0.9701 -0.2425 -0.0000
vn 0.8889 0.1111 -0.4444
vt -0.179069 0.072959
vt -0.169764 0.073260
vt -0.171521 0.069465
vt 0.970172 0.185101
vt 0.877193 0.000166
vt 0.970172 0.000166
vt 0.063646 0.001305
vt 0.058077 -0.003436
vt 0.057674 0.000726
vt -0.190725 0.082963
vt -0.179069 0.072959
vt -0.192482 0.079168
vt -0.022577 0.202056
vt -0.018172 0.201135
vt -0.018407 0.192686
vt 0.020374 0.201596
vt 0.022577 0.202056
vt 0.018407 0.192686
vt 0.045842 0.161455
vt 0.045095 0.161379
vt 0.042857 0.161150
vt 0.018082 0.216216
vt 0.022577 0.202056
vt 0.021108 0.201749
vt -0.029232 -0.004084
vt -0.032304 -0.008188
vt -0.032197 -0.004007
vt 0.000000 0.000000
vt 0.970172 0.513703
vt 0.877193 0.185101
vt -0.018082 0.216216
vt -0.022577 0.202056
vt -0.019550 0.216523
vt -0.191603 0.081066
vt -0.179069 0.072959
vt -0.192482 0.079168
vt -0.191603 0.081066
vt -0.177312 0.076754
vt -0.178191 0.074857
vt 0.877193 0.837901
vt 0.910543 0.514035
vt 0.910543 0.837901
vt 0.013677 0.215295
vt 0.018172 0.201135
vt 0.016704 0.200828
vt 0.190725 0.082963
vt 0.178191 0.074857
vt 0.177312 0.076754
vt 0.191603 0.081066
vt 0.179069 0.072959
vt 0.178191 0.074857
vt -0.013678 0.215295
vt -0.018172 0.201135
vt -0.015146 0.215602
vt -0.210733 0.092226
vt -0.190725 0.082963
vt -0.192482 0.079168
vt 0.213859 0.093673
vt 0.218920 0.091408
vt 0.190725 0.082964
vt -0.013608 0.237604
vt -0.018082 0.216216
vt -0.019550 0.216523
vt -0.204823 0.087185
vt -0.192482 0.079168
vt -0.205701 0.085288
vt -0.190725 0.082963
vt -0.191603 0.081066
vt 0.010667 0.229682
vt 0.015145 0.215602
vt 0.013677 0.215295
vt 0.210733 0.092226
vt 0.191603 0.081066
vt 0.190725 0.082963
vt 0.216632 0.089169
vt 0.189863 0.076925
vt 0.188993 0.078827
vt -0.007658 0.244070
vt -0.013678 0.215295
vt -0.015146 0.215602
vt 0.009162 0.236876
vt 0.012135 0.229989
vt 0.877193 0.999835
vt 0.012862 0.241168
vt 0.015076 0.237911
vt 0.013608 0.237604
vt 0.009878 0.240780
vt 0.010630 0.237183
vt 0.013584 0.245040
vt 0.014330 0.241475
vt -0.211432 0.090245
vt -0.203944 0.089083
vt -0.211432 0.090245
vt -0.214737 0.091775
vt -0.210554 0.092143
vt -0.212311 0.088348
vt -0.214737 0.091775
vt -0.221297 0.096596
vt -0.223952 0.100159
vt -0.220406 0.098488
vt -0.007657 0.244070
vt -0.009489 0.240462
vt -0.012862 0.241168
vt 0.059125 -0.003334
vt 0.062353 -0.000921
vt 0.062555 -0.003002
vt -0.197100 0.073329
vt -0.200828 0.074901
vt -0.196288 0.075256
vt -0.175039 0.096861
vt -0.171328 0.095454
vt -0.172048 0.093427
vt 0.059165 0.000871
vt 0.062353 -0.000921
vt 0.058923 -0.001253
vt 0.188993 0.078827
vt 0.214892 0.092972
vt 0.216632 0.089169
vt -0.200828 0.074901
vt -0.199203 0.078754
vt -0.196288 0.075256
vt 0.041083 -0.002338
vt 0.044086 -0.002155
vt 0.044214 -0.004242
vt 0.059936 0.230855
vt 0.062981 0.233400
vt 0.048040 0.207952
vt -0.223889 0.094546
vt -0.219184 0.096965
vt -0.220953 0.093176
vt -0.030384 0.239722
vt -0.031381 0.243525
vt -0.025403 0.242993
vt 0.009877 0.240780
vt 0.013584 0.245040
vt 0.012861 0.241168
vt 0.009782 0.248536
vt 0.013060 0.248238
vt 0.007657 0.244070
vt 0.222121 0.098336
vt 0.220953 0.093176
vt 0.219184 0.096965
vt -0.009782 0.248536
vt -0.007134 0.247267
vt -0.013584 0.245040
vt -0.163880 0.046110
vt -0.163643 0.041654
vt -0.165126 0.042118
vt 0.059732 -0.000958
vt 0.061026 0.003439
vt 0.061591 -0.000705
vt -0.048852 -0.005311
vt -0.050030 -0.001027
vt -0.048533 -0.001142
vt -0.050349 -0.005197
vt -0.051528 -0.000913
vt -0.177312 0.076754
vt 0.064049 -0.002858
vt -0.177313 0.076754
vt -0.024280 0.193915
vt -0.021109 0.201749
vt -0.016704 0.200828
vt 0.016704 0.200828
vt 0.018172 0.201135
vt 0.021109 0.201749
vt 0.024280 0.193915
vt 0.019550 0.216523
vt -0.029340 -0.008265
vt 0.877193 0.513703
vt -0.021109 0.201749
vt -0.178191 0.074857
vt -0.190725 0.082963
vt 0.877193 0.514035
vt 0.015145 0.215602
vt 0.191603 0.081066
vt 0.192482 0.079168
vt -0.016704 0.200828
vt -0.219160 0.091518
vt -0.217403 0.095313
vt -0.214068 0.093769
vt -0.204064 0.089138
vt 0.203944 0.089083
vt 0.210554 0.092143
vt 0.217163 0.095203
vt 0.192482 0.079168
vt -0.013584 0.245040
vt -0.012862 0.241168
vt -0.015099 0.230474
vt 0.204064 0.089138
vt 0.214068 0.093769
vt 0.910543 0.999835
vt 0.008409 0.240473
vt -0.213859 0.093673
vt -0.215615 0.089878
vt 0.058923 -0.001253
vt -0.222121 0.098336
vt 0.007657 0.244070
vt 0.007133 0.247267
vt 0.008300 0.248294
vt 0.011264 0.248779
vt 0.013584 0.245040
vt 0.223889 0.094546
vt -0.013061 0.248238
vt -0.011264 0.248779
vt -0.008301 0.248294
vt -0.007657 0.244070
vt -0.162396 0.045646
vt 0.059167 0.003186
vt -0.051846 -0.005083
s 1
usemtl mat18
f 342/1042/268 340/1043/268 339/1044/268
f 345/1045/269 343/1046/269 346/1047/269
f 346/1048/270 339/1049/271 340/1050/271
f 347/1051/268 342/1052/268 348/1053/268
f 344/1054/272 349/1055/273 339/1056/272
f 352/1057/274 345/1058/274 340/1059/274
f 351/1060/275 352/1061/276 353/1062/276
f 355/1063/274 345/1064/274 351/1065/277
f 353/1066/278 350/1067/278 351/1068/278
f 356/1069/279 351/1069/280 350/1069/281
f 349/1069/282 353/1069/283 357/1069/284
f 354/1070/269 344/1071/269 345/1045/269
f 359/1072/272 344/1073/272 358/1074/272
f 360/1075/268 350/1076/268 359/1077/268
f 360/1078/268 351/1079/268 356/1080/268
f 361/1081/274 355/1082/274 362/1083/274
f 347/1084/274 353/1085/274 341/1086/274
f 363/1087/285 357/1088/269 353/1089/269
f 364/1090/269 349/1091/269 357/1092/269
f 348/1093/272 349/1094/273 365/1095/272
f 367/1096/268 347/1097/268 348/1098/268
f 373/1099/285 371/1100/269 354/1101/269
f 376/1102/272 359/1103/272 358/1104/272
f 378/1105/268 359/1106/268 375/1107/268
f 378/1105/268 355/1108/268 360/1109/268
f 366/1110/274 363/1111/274 347/1112/274
f 381/1113/269 364/1114/269 363/1115/285
f 370/1116/286 365/1117/286 364/1118/286
f 370/1119/272 348/1120/272 365/1121/272
f 367/1122/274 379/1123/274 366/1110/274
f 362/1083/274 374/1124/274 361/1081/274
f 383/1125/287 374/1126/274 382/1127/274
f 367/1122/274 380/1128/274 381/1129/274
f 383/1125/287 372/1130/287 373/1131/287
f 368/1069/288 369/1069/289 380/1069/290
f 384/1132/268 362/1133/268 378/1105/268
f 375/1107/268 384/1134/268 378/1105/268
f 385/1135/268 382/1136/268 384/1132/268
f 376/1137/268 385/1138/268 384/1134/268
f 385/1139/291 372/1140/291 383/1141/291
f 370/1142/292 386/1143/292 377/1144/292
f 386/1145/271 385/1146/271 377/1147/271
f 386/1148/293 370/1149/293 387/1150/293
f 369/1151/294 380/1152/294 387/1153/294
f 380/1154/271 385/1155/271 387/1156/271
f 364/1157/286 369/1158/286 370/1159/286
f 370/1160/293 369/1161/293 387/1162/293
f 380/1163/295 383/1164/295 385/1165/295
f 380/1166/296 369/1167/296 364/1168/296
f 389/1169/297 369/1170/297 370/1171/297
f 377/1172/298 371/1173/298 370/1174/298
f 380/1175/274 372/1176/274 383/1177/287
f 392/1178/274 390/1179/274 369/1180/274
f 390/1181/299 371/1182/299 372/1183/299
f 396/1184/272 389/1185/272 371/1186/272
f 393/1187/300 389/1188/300 395/1189/300
f 394/1190/301 391/1191/301 397/1192/301
f 395/1193/302 392/1194/302 393/1195/302
f 396/1196/302 391/1197/302 392/1194/302
f 342/1042/268 341/1198/268 340/1043/268
f 345/1045/269 344/1071/269 343/1046/269
f 346/1048/270 343/1199/270 339/1049/271
f 347/1051/268 341/1200/268 342/1052/268
f 339/1056/272 343/1201/272 344/1054/272
f 344/1054/272 350/1202/303 349/1055/273
f 349/1055/273 342/1203/272 339/1056/272
f 340/1059/274 341/1204/274 353/1205/274
f 352/1057/274 351/1206/277 345/1058/274
f 340/1059/274 353/1205/274 352/1057/274
f 345/1058/274 346/1207/274 340/1059/274
f 355/1063/274 354/1208/274 345/1064/274
f 353/1066/278 349/1209/278 350/1067/278
f 354/1070/269 358/1210/269 344/1071/269
f 359/1072/272 350/1211/303 344/1073/272
f 360/1075/268 356/1212/268 350/1076/268
f 360/1078/268 355/1213/268 351/1079/268
f 361/1081/274 354/1214/274 355/1082/274
f 347/1084/274 363/1215/274 353/1085/274
f 363/1087/285 364/1216/269 357/1088/269
f 364/1090/269 365/1217/269 349/1091/269
f 348/1093/272 342/1218/272 349/1094/273
f 348/1098/268 370/1219/268 369/1220/268
f 369/1220/268 368/1221/304 367/1096/268
f 367/1096/268 366/1222/305 347/1097/268
f 348/1098/268 369/1220/268 367/1096/268
f 361/1223/306 374/1224/307 373/1099/285
f 373/1099/285 372/1225/269 371/1100/269
f 371/1100/269 358/1226/269 354/1101/269
f 354/1101/269 361/1223/306 373/1099/285
f 358/1104/272 371/1227/292 377/1228/292
f 376/1102/272 375/1229/308 359/1103/272
f 358/1104/272 377/1228/292 376/1102/272
f 378/1105/268 360/1109/268 359/1106/268
f 378/1105/268 362/1133/268 355/1108/268
f 366/1110/274 379/1123/274 363/1111/274
f 363/1115/285 379/1230/309 381/1113/269
f 381/1113/269 380/1231/269 364/1114/269
f 367/1122/274 381/1129/274 379/1123/274
f 362/1083/274 382/1232/274 374/1124/274
f 383/1125/287 373/1131/287 374/1126/274
f 367/1122/274 368/1233/274 380/1128/274
f 384/1132/268 382/1136/268 362/1133/268
f 375/1107/268 376/1137/268 384/1134/268
f 385/1135/268 383/1234/268 382/1136/268
f 376/1137/268 377/1235/268 385/1138/268
f 386/1145/271 387/1236/271 385/1146/271
f 389/1169/297 388/1237/297 369/1170/297
f 380/1175/274 369/1238/274 372/1176/274
f 369/1180/274 388/1239/274 393/1240/274
f 392/1178/274 391/1241/274 390/1179/274
f 369/1180/274 393/1240/274 392/1178/274
f 390/1179/274 372/1242/274 369/1180/274
f 390/1181/299 394/1243/299 371/1182/299
f 371/1186/272 394/1244/272 397/1245/272
f 396/1184/272 395/1246/272 389/1185/272
f 371/1186/272 397/1245/272 396/1184/272
f 389/1185/272 370/1247/272 371/1186/272
f 393/1187/300 388/1248/300 389/1188/300
f 394/1190/301 390/1249/301 391/1191/301
f 395/1193/302 396/1196/302 392/1194/302
f 396/1196/302 397/1250/302 391/1197/302
o group2094850929
v 0.087984 1.039252 0.066149
v 0.069330 1.026665 0.073188
v 0.068614 1.024876 0.068090
v 0.087268 1.037462 0.061051
v 0.065924 1.016175 0.077350
v 0.062517 1.005684 0.081512
v 0.061801 1.003894 0.076414
v 0.066332 0.995002 0.084726
v 0.070148 0.984321 0.087941
v 0.069432 0.982530 0.082843
v 0.089307 0.970736 0.090020
v 0.088591 0.968946 0.084922
v 0.100992 0.970428 0.088487
v 0.100276 0.968638 0.083389
v 0.099670 1.038943 0.064616
v 0.098953 1.037153 0.059518
v 0.099284 1.020025 0.065486
v 0.100000 1.021814 0.070584
v 0.100496 0.996121 0.079535
v 0.100662 0.987557 0.082519
v 0.099450 1.011460 0.068470
v 0.092990 1.003314 0.070802
v 0.099780 0.994331 0.074438
v 0.093706 1.005104 0.075900
v 0.099946 0.985767 0.077421
v 0.100166 1.013250 0.073568
vn -0.5973 0.7792 -0.1897
vn -0.9483 0.3166 0.0220
vn -0.9370 -0.2669 0.2253
vn -0.5678 -0.7485 0.3426
vn 0.0182 -0.9442 0.3290
vn 0.9912 -0.0262 -0.1300
vn 0.9912 -0.0262 -0.1301
vn 0.1314 0.3284 0.9354
vn -0.1314 -0.3284 -0.9354
vn -0.0182 0.9442 -0.3289
vn -0.0182 0.9442 -0.3290
vn 0.8162 0.4996 -0.2901
vn 0.7933 -0.6006 0.0995
vn 0.1644 0.4743 0.8649
vn 0.1779 0.1379 0.9743
vn -0.1779 -0.1379 -0.9743
vn -0.1644 -0.4743 -0.8649
vn 0.1314 0.3284 0.9353
vt -0.099175 0.147432
vt -0.099642 0.145058
vt -0.099720 0.147414
vt -0.105151 0.241462
vt -0.105748 0.242616
vt -0.105801 0.243794
vt -0.134609 0.229912
vt -0.135344 0.230984
vt -0.135541 0.232146
vt 0.081582 -0.166035
vt 0.082309 -0.163727
vt 0.082125 -0.166078
vt 0.093988 -0.008823
vt 0.094489 -0.010021
vt 0.093944 -0.010001
vt 0.111724 0.256426
vt 0.112389 0.258200
vt 0.112267 0.256389
vt 0.229410 0.121877
vt 0.231696 0.119201
vt 0.228399 0.119964
vt -0.232579 0.123645
vt -0.232852 0.119429
vt -0.234737 0.123499
vt -0.093988 -0.008823
vt -0.094489 -0.010021
vt -0.094533 -0.008843
vt 0.000385 -0.240766
vt 0.000299 -0.239524
vt 0.000886 -0.240551
vt 0.111902 0.250959
vt 0.111480 0.252806
vt 0.112024 0.252769
vt 0.111541 0.253711
vt 0.112085 0.253674
vt 0.112206 0.255484
vt 0.101820 0.199283
vt 0.101447 0.200354
vt 0.101992 0.200335
vt 0.232579 0.123645
vt 0.234737 0.123499
vt 0.233654 0.120293
vt 0.230202 0.122319
vt 0.232852 0.119429
vt 0.231786 0.123203
vt -0.229410 0.121877
vt -0.228399 0.119964
vt 0.216456 0.108818
vt 0.217636 0.108732
vt 0.219098 0.105920
vt 0.247471 0.120313
vt 0.246012 0.123126
vt 0.246449 0.124098
vt -0.246344 0.124070
vt -0.245907 0.123098
vt -0.247366 0.120284
vt -0.219165 0.105981
vt -0.217703 0.108793
vt -0.216522 0.108878
vt -0.099098 0.145076
vt -0.105257 0.243818
vt -0.105696 0.241438
vt -0.135004 0.232237
vt -0.135147 0.229821
vt 0.081765 -0.163685
vt 0.094533 -0.008843
vt 0.111846 0.258236
vt 0.230539 0.118973
vt 0.227825 0.120994
vt -0.231786 0.123203
vt -0.234456 0.121158
vt -0.234163 0.124528
vt -0.093944 -0.010001
vt -0.000202 -0.239739
vt 0.111358 0.250996
vt 0.111663 0.255521
vt 0.101276 0.199302
vt 0.234163 0.124528
vt 0.234456 0.121158
vt -0.230202 0.122319
vt -0.227825 0.120994
vt -0.230539 0.118973
s 1
usemtl mat23
f 401/1251/310 399/1252/310 398/1253/310
f 404/1254/311 402/1255/311 399/1256/311
f 407/1257/312 405/1258/312 403/1259/312
f 407/1260/313 408/1261/313 406/1262/313
f 411/1263/314 408/1264/314 409/1265/314
f 414/1266/315 412/1267/315 415/1268/316
f 417/1269/317 405/1270/317 408/1271/317
f 414/1272/318 404/1273/318 401/1274/318
f 413/1275/319 398/1276/320 412/1277/319
f 421/1278/321 420/1279/321 419/1280/321
f 410/1281/315 422/1282/315 417/1283/315
f 417/1283/315 420/1284/315 416/1285/315
f 423/1286/315 414/1266/315 415/1268/316
f 421/1287/322 418/1288/322 423/1289/322
f 415/1290/317 398/1291/317 402/1292/317
f 416/1293/317 403/1294/317 405/1270/317
f 423/1295/317 402/1292/317 403/1294/317
f 422/1296/318 409/1297/318 404/1273/318
f 416/1298/323 421/1299/323 403/1300/323
f 403/1301/324 421/1302/324 423/1303/324
f 418/1304/325 419/1305/325 404/1306/325
f 404/1307/326 419/1308/326 420/1309/326
f 401/1251/310 400/1310/310 399/1252/310
f 399/1256/311 400/1311/311 404/1254/311
f 404/1254/311 403/1312/311 402/1255/311
f 403/1259/312 404/1313/312 407/1257/312
f 407/1257/312 406/1314/312 405/1258/312
f 407/1260/313 409/1315/313 408/1261/313
f 411/1263/314 410/1316/314 408/1264/314
f 414/1266/315 413/1317/315 412/1267/315
f 417/1269/317 416/1293/317 405/1270/317
f 405/1270/317 406/1318/327 408/1271/317
f 408/1271/317 410/1319/317 417/1269/317
f 414/1272/318 418/1320/318 404/1273/318
f 404/1273/318 400/1321/318 401/1274/318
f 401/1274/318 413/1322/318 414/1272/318
f 413/1275/319 401/1323/320 398/1276/320
f 421/1278/321 416/1324/321 420/1279/321
f 410/1281/315 411/1325/315 422/1282/315
f 417/1283/315 422/1282/315 420/1284/315
f 423/1286/315 418/1326/315 414/1266/315
f 421/1287/322 419/1327/322 418/1288/322
f 402/1292/317 423/1295/317 415/1290/317
f 415/1290/317 412/1328/317 398/1291/317
f 398/1291/317 399/1329/317 402/1292/317
f 404/1273/318 420/1330/318 422/1296/318
f 422/1296/318 411/1331/318 409/1297/318
f 409/1297/318 407/1332/318 404/1273/318
o group274337514
v 0.032202 0.875807 0.325140
v 0.017594 0.875700 0.337200
v 0.013744 0.873392 0.328650
v 0.025357 0.877186 0.342750
v 0.034951 0.877451 0.343811
v 0.043808 0.876425 0.340100
v 0.049552 0.874383 0.332611
v 0.050646 0.871871 0.323350
v 0.046795 0.869563 0.314800
v 0.039033 0.868077 0.309251
v 0.029438 0.867812 0.308190
v 0.020582 0.868838 0.311901
v 0.014838 0.870880 0.319390
v 0.006198 0.925801 0.314768
v 0.011452 0.928950 0.326434
v 0.022043 0.930977 0.334005
v 0.035135 0.931339 0.335453
v 0.055056 0.927152 0.320171
v 0.056548 0.923725 0.307536
v 0.051295 0.920576 0.295870
v 0.040703 0.918549 0.288299
v 0.027612 0.918187 0.286851
v 0.015528 0.919587 0.291915
v 0.007690 0.922374 0.302133
v -0.004828 0.857253 0.360632
v -0.014578 0.851409 0.338983
v 0.014827 0.861015 0.374683
v 0.039122 0.861687 0.377370
v 0.061546 0.859089 0.367973
v 0.076091 0.853917 0.349010
v 0.078861 0.847557 0.325563
v 0.069111 0.841713 0.303913
v 0.049456 0.837951 0.289863
v 0.025162 0.837279 0.287176
v 0.002737 0.839877 0.296573
v -0.011808 0.845049 0.315535
v -0.009939 0.841137 0.369178
v -0.021025 0.834491 0.344559
v 0.012412 0.845415 0.385155
v 0.040039 0.846179 0.388211
v 0.065539 0.843225 0.377525
v 0.082080 0.837344 0.355962
v 0.085229 0.830112 0.329298
v 0.074143 0.823467 0.304679
v 0.051791 0.819188 0.288701
v 0.024165 0.818424 0.285646
v -0.001335 0.821378 0.296331
v -0.017876 0.827260 0.317895
v -0.009981 0.822853 0.374132
v -0.021067 0.816208 0.349513
v 0.012370 0.827131 0.390110
v 0.039997 0.827895 0.393165
v 0.065497 0.824941 0.382480
v 0.082038 0.819060 0.360916
v 0.085187 0.811828 0.334253
v 0.074100 0.805182 0.309633
v 0.051749 0.800905 0.293656
v 0.024122 0.800140 0.290600
v -0.001378 0.803094 0.301286
v -0.017918 0.808975 0.322850
v -0.004950 0.804606 0.374898
v -0.014699 0.798762 0.353248
v 0.014706 0.808368 0.388949
v 0.039000 0.809040 0.391635
v 0.061425 0.806442 0.382239
v 0.075970 0.801270 0.363276
v 0.078739 0.794910 0.339828
v 0.068990 0.789067 0.318179
v 0.049335 0.785305 0.304128
v 0.025040 0.784633 0.301441
v 0.002616 0.787230 0.310838
v -0.011930 0.792402 0.329801
v 0.004548 0.788597 0.371383
v -0.002688 0.784259 0.355314
v 0.019137 0.791389 0.381812
v 0.037169 0.791888 0.383806
v 0.053813 0.789960 0.376831
v 0.064609 0.786121 0.362757
v 0.066664 0.781401 0.345353
v 0.059428 0.777063 0.329284
v 0.044839 0.774271 0.318855
v 0.026807 0.773772 0.316861
v 0.010163 0.775700 0.323836
v -0.000633 0.779539 0.337911
v 0.017366 0.776756 0.364011
v 0.013516 0.774448 0.355461
v 0.025129 0.778242 0.369560
v 0.034724 0.778507 0.370621
v 0.043580 0.777482 0.366910
v 0.049324 0.775439 0.359421
v 0.050418 0.772927 0.350161
v 0.046567 0.770619 0.341611
v 0.038805 0.769134 0.336062
v 0.029210 0.768868 0.335000
v 0.020354 0.769894 0.338712
v 0.014610 0.771937 0.346200
v 0.031960 0.770513 0.353671
v 0.047218 0.929939 0.330390
vn 0.0022 0.9652 -0.2615
vn 0.0023 0.9652 -0.2615
vn 0.0022 0.9652 -0.2616
vn 0.9095 0.0210 -0.4152
vn 0.5908 -0.0939 -0.8013
vn 0.1128 -0.1527 -0.9818
vn -0.3964 -0.1394 -0.9074
vn -0.7997 -0.0575 -0.5977
vn -0.9882 0.0710 -0.1360
vn -0.9113 0.2115 0.3533
vn -0.5903 0.3261 0.7384
vn -0.1120 0.3842 0.9165
vn 0.3952 0.3704 0.8406
vn 0.7961 0.2887 0.5319
vn 0.9843 0.1609 0.0726
vn -0.8867 0.3471 0.3056
vn -0.5738 0.4551 0.6809
vn -0.1086 0.5080 0.8545
vn 0.3843 0.4921 0.7811
vn 0.7738 0.4118 0.4813
vn 0.9568 0.2885 0.0347
vn 0.8845 0.1549 -0.4401
vn 0.5750 0.0466 -0.8168
vn 0.1101 -0.0073 -0.9939
vn -0.3857 0.0080 -0.9226
vn -0.7785 0.0886 -0.6213
vn -0.9619 0.2129 -0.1713
vn -0.8554 0.5179 -0.0077
vn -0.6767 0.6250 0.3892
vn -0.3163 0.6940 0.6468
vn 0.1291 0.7063 0.6960
vn 0.5402 0.6587 0.5237
vn 0.8069 0.5639 0.1761
vn 0.8576 0.4473 -0.2538
vn 0.6789 0.3401 -0.6507
vn 0.3185 0.2712 -0.9083
vn -0.1269 0.2588 -0.9576
vn -0.1269 0.2589 -0.9575
vn -0.1269 0.2588 -0.9575
vn -0.5380 0.3065 -0.7853
vn -0.8047 0.4013 -0.4376
vn -0.9736 0.2077 0.0945
vn -0.9736 0.2078 0.0945
vn -0.7703 0.3296 0.5459
vn -0.3605 0.4080 0.8388
vn 0.1460 0.4220 0.8948
vn 0.6134 0.3678 0.6988
vn 0.6135 0.3678 0.6988
vn 0.9167 0.2600 0.3035
vn 0.9744 0.1274 -0.1853
vn 0.7711 0.0056 -0.6367
vn 0.3613 -0.0728 -0.9296
vn -0.1452 -0.0869 -0.9856
vn -0.1452 -0.0868 -0.9856
vn -0.6127 -0.0327 -0.7897
vn -0.9159 0.0751 -0.3943
vn -0.9159 0.0752 -0.3943
vn -0.9744 -0.1275 0.1853
vn -0.7711 -0.0056 0.6367
vn -0.7711 -0.0057 0.6367
vn -0.3613 0.0728 0.9296
vn 0.1452 0.0868 0.9856
vn 0.1451 0.0868 0.9856
vn 0.6127 0.0326 0.7897
vn 0.6126 0.0326 0.7897
vn 0.9159 -0.0752 0.3943
vn 0.9736 -0.2078 -0.0945
vn 0.7703 -0.3296 -0.5458
vn 0.3606 -0.4080 -0.8387
vn 0.3606 -0.4080 -0.8388
vn -0.1459 -0.4221 -0.8948
vn -0.1459 -0.4220 -0.8948
vn -0.1459 -0.4221 -0.8947
vn -0.6134 -0.3679 -0.6988
vn -0.9167 -0.2600 -0.3035
vn -0.9167 -0.2601 -0.3035
vn -0.8576 -0.4473 0.2538
vn -0.6789 -0.3402 0.6507
vn -0.3185 -0.2712 0.9083
vn 0.1269 -0.2589 0.9575
vn 0.5380 -0.3065 0.7853
vn 0.8046 -0.4013 0.4376
vn 0.8554 -0.5179 0.0077
vn 0.6766 -0.6251 -0.3892
vn 0.3163 -0.6940 -0.6468
vn 0.3163 -0.6940 -0.6467
vn -0.1291 -0.7063 -0.6960
vn -0.1291 -0.7064 -0.6960
vn -0.5402 -0.6587 -0.5237
vn -0.8069 -0.5639 -0.1761
vn -0.6374 -0.7132 0.2917
vn -0.5047 -0.6337 0.5863
vn -0.2373 -0.5825 0.7774
vn 0.0933 -0.5734 0.8140
vn 0.3984 -0.6087 0.6861
vn 0.5963 -0.6791 0.4281
vn 0.6340 -0.7656 0.1090
vn 0.5013 -0.8451 -0.1856
vn 0.2339 -0.8963 -0.3767
vn -0.0967 -0.9055 -0.4133
vn -0.4018 -0.8701 -0.2854
vn -0.5997 -0.7997 -0.0274
vn -0.3403 -0.8930 0.2944
vn -0.2697 -0.8507 0.4511
vn -0.1274 -0.8235 0.5528
vn 0.0484 -0.8186 0.5723
vn 0.0485 -0.8186 0.5723
vn 0.2108 -0.8374 0.5042
vn 0.3161 -0.8749 0.3669
vn 0.3161 -0.8749 0.3670
vn 0.3362 -0.9209 0.1972
vn 0.2656 -0.9632 0.0404
vn 0.1232 -0.9905 -0.0613
vn -0.0526 -0.9953 -0.0807
vn -0.2150 -0.9765 -0.0127
vn -0.3203 -0.9391 0.1246
vn -0.6766 0.6250 0.3892
vn -0.5380 0.3065 -0.7852
vn 0.9744 0.1274 -0.1854
vn -0.6789 -0.3401 0.6507
vn 0.0933 -0.5733 0.8140
vt -0.093302 -0.026908
vt -0.094248 -0.026717
vt -0.093418 -0.025046
vt -0.094972 -0.026078
vt -0.095280 -0.025163
vt -0.095089 -0.024217
vt -0.094451 -0.023492
vt -0.093535 -0.023184
vt -0.092589 -0.023375
vt -0.091864 -0.024014
vt -0.091557 -0.024929
vt -0.091748 -0.025876
vt -0.092386 -0.026600
vt -0.028909 0.269960
vt -0.025507 0.265504
vt -0.026385 0.265103
vt -0.182625 0.195037
vt -0.177449 0.192892
vt -0.178010 0.192105
vt -0.227308 0.132616
vt -0.221940 0.131050
vt -0.222409 0.130206
vt -0.247124 0.096156
vt -0.241828 0.094401
vt -0.242322 0.093571
vt -0.249106 0.104573
vt -0.245045 0.100938
vt -0.245666 0.100198
vt -0.196497 0.186397
vt -0.194337 0.181389
vt -0.195207 0.180969
vt -0.012220 0.261973
vt -0.014029 0.256821
vt -0.014955 0.257095
vt 0.134755 0.208791
vt 0.131588 0.204228
vt 0.130909 0.204916
vt 0.198367 0.134027
vt 0.194313 0.130215
vt 0.193794 0.131030
vt 0.230833 0.077277
vt 0.226543 0.073710
vt 0.226081 0.074559
vt 0.249412 0.061139
vt 0.245367 0.057277
vt 0.244857 0.058096
vt 0.226488 0.144273
vt 0.224188 0.139164
vt 0.223413 0.139740
vt -0.028391 0.239846
vt -0.030764 0.240436
vt -0.026891 0.247800
vt 0.104352 0.195550
vt 0.102527 0.197178
vt 0.109408 0.201890
vt 0.172261 0.120414
vt 0.170906 0.122449
vt 0.178758 0.125292
vt 0.209340 0.055398
vt 0.208244 0.057584
vt 0.216376 0.059489
vt 0.234306 0.022742
vt 0.233239 0.024942
vt 0.240798 0.027982
vt 0.239135 0.084007
vt 0.237497 0.085823
vt 0.243868 0.090888
vt -0.069128 0.253195
vt -0.071135 0.251799
vt -0.075388 0.258722
vt -0.201454 0.169122
vt -0.202602 0.166963
vt -0.208922 0.172323
vt -0.231129 0.121982
vt -0.232210 0.119789
vt -0.238672 0.124957
vt -0.242608 0.098919
vt -0.243881 0.096831
vt -0.249823 0.102588
vt -0.236305 0.114812
vt -0.237988 0.113038
vt -0.242545 0.119955
vt -0.178225 0.185129
vt -0.180490 0.184208
vt -0.181735 0.192414
vt -0.109916 0.193018
vt -0.107331 0.194690
vt -0.107212 0.192828
vt 0.007924 0.192306
vt 0.010996 0.192516
vt 0.010197 0.190830
vt 0.097448 0.135273
vt 0.100375 0.134317
vt 0.099003 0.133053
vt 0.150974 0.060338
vt 0.153553 0.058655
vt 0.151899 0.057791
vt 0.183625 -0.011854
vt 0.185039 -0.008966
vt 0.185412 -0.011320
vt 0.203801 -0.065307
vt 0.205652 -0.062678
vt 0.205650 -0.065061
vt 0.203906 -0.121442
vt 0.205026 -0.124310
vt 0.203178 -0.124052
vt -0.232802 0.095081
vt -0.235198 0.092937
vt -0.234659 0.095258
vt -0.240006 0.090602
vt -0.240797 0.093578
vt -0.238990 0.093114
vt -0.240762 0.089644
vt -0.243731 0.088409
vt -0.242457 0.090423
vt -0.233553 0.100636
vt -0.233059 0.103675
vt -0.231599 0.102514
vt -0.195039 0.143638
vt -0.198192 0.144270
vt -0.196011 0.145230
vt -0.114485 0.225403
vt -0.117331 0.227157
vt -0.114645 0.227262
vt 0.056150 0.232160
vt 0.059350 0.232216
vt 0.058362 0.230633
vt 0.155441 0.161149
vt 0.155349 0.164491
vt 0.156908 0.162301
vt 0.200485 0.095245
vt 0.203327 0.093772
vt 0.201706 0.092849
vt 0.228605 0.049991
vt 0.229090 0.053298
vt 0.230249 0.050872
vt 0.239525 0.067702
vt 0.242526 0.066590
vt 0.241031 0.065475
vt 0.129743 0.223156
vt 0.132674 0.224441
vt 0.132374 0.222600
vt -0.135933 0.220641
vt -0.139211 0.219984
vt -0.137317 0.221892
vt -0.208314 0.147567
vt -0.208535 0.150760
vt -0.206903 0.149856
vt -0.233499 0.103004
vt -0.233735 0.106196
vt -0.232099 0.105300
vt -0.241195 0.092516
vt -0.244372 0.091475
vt -0.242717 0.093594
vt -0.222428 0.134155
vt -0.225770 0.134056
vt -0.223583 0.135621
vt -0.132374 0.222600
vt -0.135305 0.223886
vt -0.132674 0.224441
vt 0.134268 0.222320
vt 0.137317 0.221892
vt 0.135933 0.220641
vt 0.206903 0.149856
vt 0.207124 0.153049
vt 0.208535 0.150760
vt 0.232099 0.105300
vt 0.232335 0.108491
vt 0.233735 0.106196
vt 0.239739 0.094379
vt 0.242717 0.093594
vt 0.241195 0.092516
vt 0.222428 0.134155
vt 0.221396 0.137185
vt 0.223583 0.135621
vt 0.112123 0.225496
vt 0.114645 0.227262
vt 0.114485 0.225403
vt -0.060308 0.229290
vt -0.059350 0.232216
vt -0.058362 0.230633
vt -0.155441 0.161149
vt -0.158468 0.160111
vt -0.156908 0.162301
vt -0.201706 0.092849
vt -0.204548 0.091376
vt -0.203327 0.093772
vt -0.229624 0.047857
vt -0.230249 0.050872
vt -0.228605 0.049991
vt -0.242355 0.063516
vt -0.242526 0.066590
vt -0.241031 0.065475
vt -0.202704 -0.125757
vt -0.205026 -0.124310
vt -0.203178 -0.124053
vt 0.232802 0.095081
vt 0.234120 0.097579
vt 0.234659 0.095258
vt 0.238990 0.093114
vt 0.239904 0.095787
vt 0.240797 0.093578
vt 0.239816 0.091138
vt 0.242457 0.090423
vt 0.240762 0.089644
vt 0.230324 0.103739
vt 0.233059 0.103675
vt 0.231599 0.102514
vt 0.195039 0.143638
vt 0.193830 0.146190
vt 0.196011 0.145230
vt 0.107212 0.192828
vt 0.104953 0.194524
vt 0.107331 0.194690
vt -0.010197 0.190830
vt -0.012995 0.191218
vt -0.010996 0.192516
vt -0.100018 0.131604
vt -0.100375 0.134317
vt -0.099003 0.133053
vt -0.152503 0.056129
vt -0.153553 0.058655
vt -0.151899 0.057791
vt -0.183625 -0.011854
vt -0.185786 -0.013673
vt -0.185412 -0.011320
vt -0.203801 -0.065308
vt -0.205649 -0.067444
vt -0.205650 -0.065061
vt 0.067519 -0.181775
vt 0.069018 -0.183534
vt 0.067230 -0.183618
vt 0.207742 -0.059794
vt 0.208861 -0.061756
vt 0.207350 -0.060662
vt 0.226350 0.014613
vt 0.227978 0.016253
vt 0.228211 0.014479
vt 0.221841 0.051114
vt 0.224083 0.050846
vt 0.222305 0.050283
vt 0.204651 0.079587
vt 0.204750 0.081896
vt 0.206117 0.080741
vt 0.166346 0.111598
vt 0.165540 0.113764
vt 0.167248 0.113231
vt 0.102414 0.134354
vt 0.100747 0.135955
vt 0.102517 0.136217
vt 0.024867 0.124875
vt 0.024923 0.127133
vt 0.025651 0.125415
vt -0.040043 0.080295
vt -0.042341 0.080056
vt -0.041398 0.081577
vt -0.083156 0.012604
vt -0.084701 0.014251
vt -0.082977 0.013539
vt -0.100552 -0.061395
vt -0.102102 -0.063108
vt -0.102417 -0.061347
vt -0.075974 -0.141006
vt -0.078231 -0.141084
vt -0.076560 -0.140255
vt 0.086135 -0.106923
vt 0.086927 -0.108626
vt 0.085978 -0.108782
vt 0.139844 -0.075584
vt 0.141536 -0.076401
vt 0.140899 -0.077122
vt 0.167181 -0.032384
vt 0.169039 -0.032111
vt 0.168918 -0.033065
vt 0.171446 0.003828
vt 0.172937 0.004971
vt 0.173295 0.004078
vt 0.159533 0.031455
vt 0.160353 0.033145
vt 0.161073 0.032507
vt 0.134137 0.050761
vt 0.134129 0.052640
vt 0.135056 0.052384
vt 0.098163 0.058002
vt 0.097322 0.059682
vt 0.098266 0.059864
vt 0.058272 0.048116
vt 0.056772 0.049246
vt 0.057536 0.049830
vt 0.023711 0.020277
vt 0.021866 0.020630
vt 0.022294 0.021491
vt 0.002825 -0.020459
vt 0.001016 -0.020964
vt 0.001017 -0.020002
vt 0.002765 -0.065262
vt 0.001409 -0.066563
vt 0.000955 -0.065716
vt 0.030975 -0.100929
vt 0.030539 -0.102756
vt 0.029698 -0.102288
vt -0.247124 0.096156
vt -0.246450 0.097288
vt -0.241828 0.094401
vt -0.245666 0.100198
vt -0.249953 0.103563
vt -0.249106 0.104573
vt 0.208244 0.057584
vt 0.215786 0.060667
vt 0.216376 0.059489
vt 0.240798 0.027982
vt 0.241373 0.026796
vt 0.234306 0.022742
vt -0.195206 0.180969
vt -0.197683 0.185824
vt -0.196497 0.186397
vt 0.243868 0.090888
vt 0.244751 0.089910
vt 0.239135 0.084008
vt -0.014956 0.257095
vt -0.013484 0.262346
vt -0.012220 0.261973
vt -0.075388 0.258722
vt -0.074306 0.259474
vt -0.069128 0.253195
vt -0.226667 0.133767
vt 0.178028 0.126389
vt -0.182625 0.195037
vt -0.181859 0.196110
vt -0.177449 0.192891
vt 0.102527 0.197178
vt 0.108424 0.202767
vt 0.109408 0.201890
vt -0.028909 0.269960
vt -0.027711 0.270507
vt -0.025507 0.265504
vt -0.030764 0.240436
vt -0.028170 0.248118
vt -0.026891 0.247800
vt 0.226488 0.144273
vt 0.227545 0.143487
vt 0.224188 0.139164
vt -0.180490 0.184208
vt -0.182956 0.191917
vt -0.181735 0.192414
vt 0.249412 0.061139
vt 0.250108 0.060021
vt 0.245367 0.057276
vt -0.237988 0.113038
vt -0.243452 0.118999
vt -0.242545 0.119955
vt 0.230833 0.077277
vt 0.231462 0.076119
vt 0.226543 0.073710
vt -0.243881 0.096831
vt -0.250509 0.101463
vt 0.199074 0.132915
vt 0.194313 0.130215
vt -0.232210 0.119789
vt -0.239255 0.123775
vt 0.134755 0.208791
vt 0.135680 0.207853
vt 0.131587 0.204229
vt -0.209540 0.171159
vt -0.208922 0.172322
vt -0.109708 0.194857
vt 0.008998 0.193814
vt 0.099008 0.136269
vt 0.152739 0.060895
vt 0.183200 -0.009178
vt 0.203802 -0.062598
vt 0.205666 -0.122014
vt -0.233415 0.092441
vt -0.241690 0.091368
vt -0.242211 0.087354
vt -0.234777 0.102024
vt -0.197519 0.142546
vt -0.117172 0.225298
vt 0.057137 0.233743
vt 0.153881 0.163339
vt 0.202106 0.096168
vt 0.227446 0.052417
vt 0.241020 0.068818
vt 0.130044 0.224997
vt -0.137827 0.218733
vt -0.209946 0.148471
vt -0.235135 0.103900
vt -0.242850 0.090397
vt -0.224615 0.132591
vt -0.134687 0.222111
vt 0.135423 0.223801
vt 0.205662 0.151869
vt 0.230868 0.107318
vt 0.241062 0.095713
vt 0.220505 0.135531
vt 0.111958 0.227367
vt -0.061562 0.230688
vt -0.156812 0.159223
vt -0.202779 0.090742
vt -0.231408 0.048446
vt -0.244032 0.064363
vt -0.204386 -0.126606
vt 0.232402 0.096803
vt 0.238327 0.094754
vt 0.241183 0.092437
vt 0.231341 0.105327
vt 0.193421 0.144350
vt 0.105448 0.192705
vt -0.011681 0.189867
vt -0.101742 0.132365
vt -0.154366 0.056416
vt -0.183902 -0.013601
vt -0.203800 -0.067076
vt 0.068470 -0.181730
vt 0.209598 -0.060125
vt 0.226226 0.015557
vt 0.223211 0.052408
vt 0.203923 0.080202
vt 0.165437 0.111881
vt 0.101472 0.134215
vt 0.023449 0.126118
vt -0.040544 0.079486
vt -0.085037 0.012493
vt -0.100385 -0.062332
vt -0.077130 -0.142495
s 1
usemtl mat21
f 426/1333/328 425/1334/328 424/1335/328
f 425/1334/328 427/1336/328 424/1335/328
f 427/1336/328 428/1337/328 424/1335/328
f 428/1337/328 429/1338/329 424/1335/328
f 429/1338/329 430/1339/329 424/1335/328
f 430/1339/329 431/1340/329 424/1335/328
f 431/1340/329 432/1341/328 424/1335/328
f 432/1341/328 433/1342/330 424/1335/328
f 433/1342/330 434/1343/330 424/1335/328
f 434/1343/330 435/1344/330 424/1335/328
f 435/1344/330 436/1345/328 424/1335/328
f 436/1345/328 426/1333/328 424/1335/328
f 437/1346/331 425/1347/331 426/1348/331
f 438/1349/332 427/1350/332 425/1351/332
f 439/1352/333 428/1353/333 427/1354/333
f 440/1355/334 429/1356/334 428/1357/334
f 441/1358/335 430/1359/335 429/1360/335
f 442/1361/336 431/1362/336 430/1363/336
f 443/1364/337 432/1365/337 431/1366/337
f 443/1367/338 433/1368/338 432/1369/338
f 444/1370/339 434/1371/339 433/1372/339
f 445/1373/340 435/1374/340 434/1375/340
f 446/1376/341 436/1377/341 435/1378/341
f 447/1379/342 426/1380/342 436/1381/342
f 449/1382/343 448/1383/343 437/1384/343
f 448/1385/344 450/1386/344 438/1387/344
f 450/1388/345 451/1389/345 439/1390/345
f 451/1391/346 452/1392/346 440/1393/346
f 452/1394/347 453/1395/347 441/1396/347
f 453/1397/348 454/1398/348 442/1399/348
f 454/1400/349 455/1401/349 443/1402/349
f 455/1403/350 456/1404/350 443/1405/350
f 456/1406/351 457/1407/351 444/1408/351
f 457/1409/352 458/1410/352 445/1411/352
f 458/1412/353 459/1413/353 446/1414/353
f 459/1415/354 449/1416/354 447/1417/354
f 460/1418/355 449/1419/355 461/1420/355
f 462/1421/356 448/1422/356 460/1423/356
f 463/1424/357 450/1425/357 462/1426/357
f 464/1427/358 451/1428/358 463/1429/358
f 464/1430/359 453/1431/359 452/1432/359
f 465/1433/360 454/1434/360 453/1435/360
f 467/1436/361 454/1437/361 466/1438/361
f 467/1439/362 456/1440/362 455/1441/362
f 469/1442/363 456/1443/363 468/1444/363
f 469/1445/364 458/1446/365 457/1447/366
f 471/1448/367 458/1449/367 470/1450/367
f 471/1451/368 449/1452/368 459/1453/368
f 473/1454/369 460/1455/370 461/1456/369
f 474/1457/371 460/1458/371 472/1459/371
f 474/1460/372 463/1461/372 462/1462/372
f 476/1463/373 463/1464/373 475/1465/373
f 476/1466/374 465/1467/375 464/1468/375
f 478/1469/376 465/1470/376 477/1471/376
f 479/1472/377 466/1473/377 478/1474/377
f 479/1475/378 468/1476/378 467/1477/378
f 481/1478/379 468/1479/379 480/1480/379
f 482/1481/380 469/1482/381 481/1483/380
f 482/1484/382 471/1485/382 470/1486/382
f 483/1487/383 461/1488/384 471/1489/384
f 485/1490/385 472/1491/385 473/1492/385
f 486/1493/386 472/1494/387 484/1495/387
f 486/1496/388 475/1497/388 474/1498/388
f 487/1499/389 476/1500/389 475/1501/390
f 489/1502/391 476/1503/392 488/1504/392
f 489/1505/393 478/1506/393 477/1507/393
f 491/1508/394 478/1509/394 490/1510/394
f 492/1511/395 479/1512/395 491/1513/395
f 492/1514/396 481/1515/397 480/1516/396
f 493/1517/398 482/1518/399 481/1519/400
f 495/1520/401 482/1521/401 494/1522/401
f 485/1523/402 483/1524/403 495/1525/403
f 496/1526/404 485/1527/404 497/1528/404
f 496/1529/405 486/1530/405 484/1531/405
f 498/1532/406 487/1533/406 486/1534/406
f 500/1535/407 487/1536/407 499/1537/407
f 501/1538/408 488/1539/408 500/1540/408
f 501/1541/409 490/1542/409 489/1543/409
f 502/1544/410 491/1545/410 490/1546/410
f 503/1547/411 492/1548/411 491/1549/411
f 505/1550/412 492/1551/413 504/1552/412
f 506/1553/414 493/1554/415 505/1555/414
f 506/1556/416 495/1557/416 494/1558/416
f 507/1559/417 485/1560/417 495/1561/417
f 509/1562/418 496/1563/418 497/1564/418
f 510/1565/419 496/1566/419 508/1567/419
f 510/1568/420 499/1569/420 498/1570/420
f 512/1571/421 499/1572/421 511/1573/421
f 512/1574/422 501/1575/422 500/1576/422
f 513/1577/423 502/1578/423 501/1579/423
f 514/1580/424 503/1581/424 502/1582/424
f 516/1583/425 503/1584/425 515/1585/425
f 516/1586/426 505/1587/426 504/1588/426
f 518/1589/427 505/1590/427 517/1591/427
f 518/1592/428 507/1593/428 506/1594/428
f 509/1595/429 507/1596/429 519/1597/429
f 520/1598/430 508/1599/430 509/1600/430
f 520/1601/431 510/1602/431 508/1603/431
f 520/1604/432 511/1605/432 510/1606/432
f 520/1607/433 512/1608/433 511/1609/434
f 520/1610/435 513/1611/435 512/1612/435
f 520/1613/436 514/1614/437 513/1615/436
f 520/1616/438 515/1617/438 514/1618/438
f 520/1619/439 516/1620/439 515/1621/439
f 520/1622/440 517/1623/440 516/1624/440
f 520/1625/441 518/1626/441 517/1627/441
f 520/1628/442 519/1629/442 518/1630/442
f 520/1631/443 509/1632/443 519/1633/443
f 440/1634/334 521/1635/334 429/1636/334
f 429/1637/335 521/1638/335 441/1639/335
f 452/1640/346 521/1641/346 440/1642/346
f 441/1643/347 521/1644/347 452/1645/347
f 430/1646/336 441/1647/336 442/1648/336
f 442/1649/348 441/1650/348 453/1651/348
f 431/1652/337 442/1653/337 443/1654/337
f 443/1655/349 442/1656/349 454/1657/349
f 439/1352/333 440/1658/333 428/1353/333
f 451/1389/345 440/1659/345 439/1390/345
f 438/1660/332 439/1661/332 427/1662/332
f 450/1663/344 439/1664/344 438/1665/344
f 437/1666/331 438/1667/331 425/1668/331
f 448/1669/343 438/1670/343 437/1671/343
f 447/1672/342 437/1673/342 426/1674/342
f 449/1675/354 437/1676/354 447/1677/354
f 446/1678/341 447/1679/341 436/1680/341
f 459/1681/353 447/1682/353 446/1683/353
f 445/1684/340 446/1685/340 435/1686/340
f 458/1687/352 446/1688/352 445/1411/352
f 444/1370/339 445/1689/339 434/1690/339
f 457/1691/351 445/1692/351 444/1408/351
f 443/1693/338 444/1694/338 433/1695/338
f 456/1404/350 444/1696/350 443/1697/350
f 460/1418/355 448/1698/355 449/1419/355
f 462/1421/356 450/1699/444 448/1422/356
f 463/1424/357 451/1700/357 450/1425/357
f 464/1427/358 452/1701/358 451/1428/358
f 464/1430/359 465/1702/359 453/1431/359
f 465/1433/360 466/1703/360 454/1434/360
f 467/1436/361 455/1704/361 454/1437/361
f 467/1439/362 468/1705/362 456/1440/362
f 469/1442/363 457/1706/363 456/1443/363
f 469/1445/364 470/1707/364 458/1446/365
f 471/1448/367 459/1708/445 458/1449/367
f 471/1451/368 461/1709/368 449/1452/368
f 473/1454/369 472/1710/369 460/1455/370
f 474/1457/371 462/1711/371 460/1458/371
f 474/1460/372 475/1712/372 463/1461/372
f 476/1463/373 464/1713/373 463/1464/373
f 476/1466/374 477/1714/374 465/1467/375
f 478/1469/376 466/1715/376 465/1470/376
f 479/1472/377 467/1716/446 466/1473/377
f 479/1475/378 480/1717/378 468/1476/378
f 481/1478/379 469/1718/379 468/1479/379
f 482/1481/380 470/1719/381 469/1482/381
f 482/1484/382 483/1720/382 471/1485/382
f 483/1487/383 473/1721/383 461/1488/384
f 485/1490/385 484/1722/385 472/1491/385
f 486/1493/386 474/1723/386 472/1494/387
f 486/1496/388 487/1724/388 475/1497/388
f 487/1499/389 488/1725/389 476/1500/389
f 489/1502/391 477/1726/391 476/1503/392
f 489/1505/393 490/1727/393 478/1506/393
f 491/1508/394 479/1728/394 478/1509/394
f 492/1511/395 480/1729/395 479/1512/395
f 492/1514/396 493/1730/397 481/1515/397
f 493/1517/398 494/1731/399 482/1518/399
f 495/1520/401 483/1732/401 482/1521/401
f 485/1523/402 473/1733/402 483/1524/403
f 496/1526/404 484/1734/404 485/1527/404
f 496/1529/405 498/1735/447 486/1530/405
f 498/1532/406 499/1736/406 487/1533/406
f 500/1535/407 488/1737/407 487/1536/407
f 501/1538/408 489/1738/408 488/1539/408
f 501/1541/409 502/1739/409 490/1542/409
f 502/1544/410 503/1740/410 491/1545/410
f 503/1547/411 504/1741/411 492/1548/411
f 505/1550/412 493/1742/412 492/1551/413
f 506/1553/414 494/1743/414 493/1554/415
f 506/1556/416 507/1744/416 495/1557/416
f 507/1559/417 497/1745/417 485/1560/417
f 509/1562/418 508/1746/418 496/1563/418
f 510/1565/419 498/1747/419 496/1566/419
f 510/1568/420 511/1748/420 499/1569/420
f 512/1571/421 500/1749/448 499/1572/421
f 512/1574/422 513/1750/422 501/1575/422
f 513/1577/423 514/1751/423 502/1578/423
f 514/1580/424 515/1752/424 503/1581/424
f 516/1583/425 504/1753/425 503/1584/425
f 516/1586/426 517/1754/426 505/1587/426
f 518/1589/427 506/1755/427 505/1590/427
f 518/1592/428 519/1756/428 507/1593/428
f 509/1595/429 497/1757/429 507/1596/429
o group289902031
v 0.030650 0.999379 0.299574
v 0.006591 0.981754 0.253579
v 0.033951 0.981357 0.247909
v -0.014274 0.984357 0.271985
v -0.023054 0.988468 0.298195
v -0.017394 0.992986 0.325185
v 0.001187 0.996701 0.345724
v 0.027711 0.998616 0.354308
v 0.055072 0.998219 0.348637
v 0.075937 0.995616 0.330231
v 0.084716 0.991505 0.304022
v 0.079057 0.986987 0.277032
v 0.060476 0.983272 0.256493
v -0.014203 0.947469 0.216201
v 0.037218 0.946723 0.205544
v -0.069916 0.960088 0.300050
v -0.059280 0.968579 0.350775
v -0.024359 0.975559 0.389375
v 0.025491 0.979159 0.405508
v 0.076912 0.978413 0.394851
v 0.116126 0.973521 0.360260
v 0.132625 0.965794 0.311002
v 0.121989 0.957303 0.260277
v 0.087068 0.950323 0.221677
v -0.029223 0.900660 0.191947
v 0.040056 0.899654 0.177589
v -0.082056 0.907250 0.238552
v -0.104286 0.917661 0.304916
v -0.089956 0.929101 0.373258
v -0.042906 0.938506 0.425264
v 0.024256 0.943355 0.447000
v 0.093535 0.942350 0.432642
v 0.146368 0.935760 0.386037
v 0.168598 0.925349 0.319672
v 0.154268 0.913909 0.251331
v 0.107218 0.904504 0.199325
v -0.036659 0.846972 0.183743
v 0.042122 0.845829 0.167415
v -0.096738 0.854466 0.236740
v -0.122016 0.866304 0.312207
v -0.105721 0.879314 0.389922
v -0.052218 0.890009 0.449061
v 0.024156 0.895524 0.473779
v 0.102937 0.894380 0.457451
v 0.163016 0.886886 0.404454
v 0.188295 0.875048 0.328987
v 0.171999 0.862038 0.251272
v 0.118497 0.851343 0.192133
v -0.036136 0.819926 0.188160
v 0.042646 0.818783 0.171833
v -0.096215 0.827421 0.241158
v -0.121493 0.839259 0.316625
v -0.105198 0.852268 0.394340
v -0.051695 0.862963 0.453479
v 0.024679 0.868478 0.478196
v 0.103460 0.867335 0.461869
v 0.163539 0.859840 0.408871
v 0.188818 0.848002 0.333405
v 0.172523 0.834993 0.255690
v 0.119020 0.824298 0.196550
v -0.104675 0.825223 0.398757
v -0.051172 0.835918 0.457897
v -0.041333 0.834621 0.441679
v -0.088148 0.825263 0.389932
v 0.043169 0.791737 0.176251
v -0.035613 0.792881 0.192578
v -0.027718 0.796963 0.209525
v 0.041215 0.795963 0.195239
v -0.095692 0.800375 0.245576
v -0.080287 0.803522 0.255898
v 0.025202 0.841432 0.482614
v 0.103983 0.840289 0.466287
v 0.094428 0.838446 0.449020
v 0.025495 0.839446 0.463307
v 0.164062 0.832795 0.413289
v 0.146997 0.831888 0.402647
v 0.189341 0.820957 0.337822
v 0.169116 0.821530 0.336614
v 0.173046 0.807947 0.260107
v 0.154858 0.810147 0.268613
v 0.119543 0.797252 0.200968
v 0.173178 0.845839 0.421398
v 0.103255 0.853760 0.473931
v 0.198924 0.834054 0.336078
v 0.129593 0.810403 0.189370
v 0.024473 0.854903 0.490259
v -0.061745 0.849813 0.465077
v -0.114781 0.839171 0.396084
v -0.131076 0.826162 0.318369
v -0.105330 0.814376 0.233049
v -0.035407 0.806456 0.180516
v 0.043374 0.805313 0.164188
v 0.183096 0.821097 0.248510
v -0.111872 0.814512 0.324722
v -0.094446 0.815891 0.325152
v -0.053417 0.942497 0.260657
v 0.024525 0.963622 0.299604
v -0.023765 0.927587 0.211044
v 0.035355 0.927015 0.202881
v 0.063677 0.929773 0.205375
v 0.129162 0.930613 0.246625
v 0.125395 0.957408 0.301671
v 0.085491 0.971020 0.357763
v 0.021211 0.968627 0.347727
v -0.021680 0.968834 0.353568
v -0.058296 0.963486 0.304269
v 0.108043 0.800789 0.207002
v 0.035651 0.975564 0.374948
vn -0.0191 0.9867 -0.1612
vn -0.0191 0.9867 -0.1611
vn 0.0018 0.8725 -0.4885
vn -0.1716 0.8751 -0.4526
vn -0.1715 0.8751 -0.4526
vn -0.3038 0.8916 -0.3359
vn -0.3038 0.8915 -0.3360
vn -0.3594 0.9176 -0.1699
vn -0.3235 0.9462 0.0011
vn -0.2057 0.9698 0.1313
vn -0.2058 0.9698 0.1313
vn -0.0377 0.9819 0.1856
vn 0.1357 0.9794 0.1497
vn 0.2679 0.9629 0.0331
vn 0.3235 0.9368 -0.1330
vn 0.2876 0.9082 -0.3040
vn 0.1699 0.8847 -0.4342
vn 0.0225 0.6531 -0.7569
vn -0.3033 0.6579 -0.6894
vn -0.3033 0.6578 -0.6894
vn -0.6562 0.7378 -0.1582
vn -0.6561 0.7379 -0.1582
vn -0.6562 0.7378 -0.1581
vn -0.5888 0.7916 0.1632
vn -0.3676 0.8358 0.4078
vn -0.0517 0.8586 0.5100
vn 0.2740 0.8539 0.4425
vn 0.2740 0.8539 0.4424
vn 0.5225 0.8229 0.2233
vn 0.6270 0.7740 -0.0888
vn 0.5596 0.7202 -0.4102
vn 0.3383 0.6759 -0.6547
vn 0.0405 0.3549 -0.9340
vn -0.3984 0.3613 -0.8430
vn -0.7332 0.4030 -0.5478
vn -0.7332 0.4031 -0.5478
vn -0.8740 0.4690 -0.1273
vn -0.7832 0.5415 0.3057
vn -0.4851 0.6011 0.6352
vn -0.0596 0.6318 0.7729
vn -0.0596 0.6318 0.7728
vn 0.3794 0.6254 0.6819
vn 0.3794 0.6254 0.6818
vn 0.7141 0.5837 0.3866
vn 0.8549 0.5177 -0.0339
vn 0.7641 0.4452 -0.4668
vn 0.7641 0.4452 -0.4669
vn 0.4660 0.3856 -0.7963
vn 0.4660 0.3857 -0.7963
vn 0.0536 0.0139 -0.9985
vn 0.0535 0.0139 -0.9985
vn -0.4456 0.0211 -0.8950
vn -0.4456 0.0212 -0.8950
vn -0.8262 0.0686 -0.5592
vn -0.9863 0.1436 -0.0811
vn -0.8830 0.2260 0.4113
vn -0.8830 0.2261 0.4113
vn -0.5441 0.2938 0.7859
vn -0.0602 0.3287 0.9425
vn 0.4389 0.3215 0.8390
vn 0.8195 0.2740 0.5033
vn 0.8196 0.2740 0.5032
vn 0.9797 0.1990 0.0251
vn 0.8764 0.1166 -0.4672
vn 0.5374 0.0488 -0.8419
vn 0.0661 -0.9906 0.1193
vn 0.0661 -0.9907 0.1193
vn 0.0315 -0.9749 0.2202
vn 0.0607 -0.9765 0.2069
vn 0.0607 -0.9765 0.2070
vn 0.0068 -0.9947 0.1024
vn -0.0204 -0.9929 0.1173
vn -0.0366 -0.9891 0.1429
vn -0.0382 -0.9842 0.1728
vn -0.0250 -0.9795 0.1998
vn 0.0002 -0.9761 0.2173
vn 0.7473 0.6476 0.1487
vn 0.5982 0.5272 0.6035
vn 0.8052 0.5339 -0.2582
vn 0.4904 0.6645 -0.5638
vn 0.1626 0.6540 0.7388
vn -0.2544 0.7417 0.6206
vn -0.6650 0.5534 0.5016
vn -0.8008 0.5950 0.0683
vn -0.6662 0.6696 -0.3282
vn -0.5863 0.3756 -0.7178
vn -0.1714 0.4792 -0.8608
vn 0.2148 0.5724 -0.7914
vn -0.1626 -0.6540 -0.7388
vn -0.5982 -0.5272 -0.6035
vn -0.6614 -0.3523 0.6621
vn -0.2148 -0.5724 0.7914
vn 0.1714 -0.4792 0.8608
vn 0.5863 -0.3756 0.7178
vn 0.6663 -0.6696 0.3282
vn 0.8008 -0.5950 -0.0683
vn 0.5545 -0.7471 -0.3666
vn 0.2544 -0.7417 -0.6206
vn 0.7149 0.6613 -0.2271
vn 0.7736 -0.6320 -0.0463
vn 0.7858 0.5989 0.1544
vn 0.7863 -0.5339 0.3110
vn 0.4512 0.7472 0.4879
vn 0.3969 -0.6684 0.6291
vn -0.2490 0.6454 0.7221
vn -0.2175 -0.4906 0.8438
vn -0.5832 0.7404 0.3341
vn -0.5337 -0.6716 0.5139
vn -0.8052 -0.5339 0.2582
vn -0.7863 0.5339 -0.3110
vn -0.5098 -0.8596 -0.0351
vn -0.3969 0.6684 -0.6291
vn -0.4512 -0.7472 -0.4879
vn 0.2175 0.4906 -0.8438
vn 0.2490 -0.6454 -0.7221
vn 0.0385 -0.9940 0.1028
vn -0.7982 -0.5997 -0.0561
vn 0.0748 -0.9879 0.1356
vn -0.5518 -0.8161 0.1717
vn 0.0873 -0.9384 0.3342
vn 0.0404 -0.9330 0.3576
vn 0.0591 -0.9314 0.3591
vn -0.1604 -0.9483 0.2740
vn -0.0643 -0.8990 0.4332
vn -0.0643 -0.9793 0.1919
vn 0.0205 -0.9943 0.1048
vn 0.0070 -0.9946 0.1037
vn 0.0206 -0.9943 0.1048
vn 0.0092 -0.9945 0.1039
vn 0.0074 -0.9947 0.1024
vn 0.0260 -0.8996 0.4359
vn 0.9126 -0.3272 0.2450
vn 0.2020 -0.0480 0.9782
vn -0.1699 -0.0460 0.9844
vn -0.7907 -0.0574 0.6095
vn -0.9598 -0.1630 0.2285
vn -0.9022 -0.3537 -0.2467
vn -0.5833 -0.5677 -0.5809
vn -0.1751 -0.5662 -0.8054
vn 0.2922 -0.5544 -0.7793
vn 0.6911 -0.4827 -0.5380
vn 0.9435 -0.3283 -0.0442
vn 0.0728 -0.9791 0.1898
vn 0.6592 -0.0287 0.7514
vn -0.0027 -0.9687 0.2483
vn 0.0271 -0.9720 0.2333
vn -0.3229 -0.4983 -0.8047
vn 0.3504 -0.5282 -0.7734
vn 0.7431 -0.4399 -0.5042
vn 0.9804 -0.1107 0.1630
vn 0.8564 -0.0146 0.5162
vn 0.1366 -0.0157 0.9905
vn -0.0816 -0.0617 0.9948
vn -0.5237 -0.1696 0.8348
vn -0.9547 -0.2879 0.0748
vn -0.5905 0.6728 -0.4456
vn -0.5482 0.6538 -0.5216
vn -0.5612 0.7162 -0.4149
vn -0.4762 0.7112 -0.5171
vn -0.7949 -0.3795 -0.4734
vn -0.1551 -0.9524 0.2625
vn -0.0204 -0.8790 0.4763
vn -0.2057 0.9698 0.1312
vn 0.2679 0.9629 0.0330
vn -0.0518 0.8586 0.5100
vn -0.7332 0.4031 -0.5477
vn -0.4851 0.6011 0.6351
vn -0.0595 0.6318 0.7728
vn 0.3793 0.6254 0.6819
vn -0.5440 0.2938 0.7859
vn -0.0602 0.3288 0.9425
vn 0.8764 0.1166 -0.4673
vt -0.062688 -0.015896
vt -0.062524 -0.018685
vt -0.067812 -0.017597
vt -0.063776 -0.021183
vt -0.066110 -0.022721
vt -0.068900 -0.022885
vt -0.071398 -0.021633
vt -0.072935 -0.019299
vt -0.073099 -0.016509
vt -0.071847 -0.014011
vt -0.069513 -0.012474
vt -0.066724 -0.012310
vt -0.064226 -0.013562
vt -0.147224 -0.019382
vt -0.151961 -0.014878
vt -0.146606 -0.014188
vt -0.142585 0.019917
vt -0.149222 0.019499
vt -0.147646 0.021794
vt -0.127840 0.043932
vt -0.129390 0.049058
vt -0.126955 0.050407
vt -0.091404 0.062567
vt -0.095716 0.067630
vt -0.092935 0.067744
vt -0.052328 0.063012
vt -0.053882 0.069479
vt -0.051350 0.068321
vt -0.014864 0.044951
vt -0.013344 0.051425
vt -0.011603 0.049253
vt 0.725990 0.385191
vt 0.829423 0.333712
vt 0.803698 0.430275
vt 0.671907 0.320647
vt 0.784467 0.311322
vt 0.735744 0.227515
vt 0.751300 0.274518
vt 0.642171 0.241966
vt 0.738610 0.177142
vt -0.084951 -0.092919
vt -0.090923 -0.095575
vt -0.089516 -0.090363
vt -0.130875 -0.054300
vt -0.133951 -0.060196
vt -0.135100 -0.057661
vt -0.212265 0.016904
vt -0.215633 0.024069
vt -0.210256 0.023586
vt -0.198648 0.063146
vt -0.202921 0.057630
vt -0.203494 0.065526
vt -0.107126 0.138049
vt -0.113272 0.134746
vt -0.114819 0.139918
vt -0.120222 0.134131
vt -0.037103 0.143576
vt -0.040905 0.150839
vt -0.036110 0.148882
vt 0.031332 0.119571
vt 0.039204 0.118724
vt 0.035996 0.114382
vt 0.765144 0.521256
vt 0.596752 0.364440
vt 0.667315 0.450445
vt 0.547299 0.144341
vt 0.554530 0.259455
vt 0.569653 0.024555
vt 0.641792 0.151278
vt -0.203501 -0.033739
vt -0.207779 -0.040732
vt -0.208563 -0.035613
vt -0.241163 0.068586
vt -0.243121 0.077278
vt -0.237946 0.075737
vt -0.230412 0.091957
vt -0.239243 0.089027
vt -0.235137 0.094567
vt -0.211014 0.123169
vt -0.208459 0.131705
vt -0.204705 0.127826
vt -0.136805 0.182435
vt -0.145324 0.186178
vt -0.138564 0.187539
vt -0.026624 0.210723
vt -0.018106 0.213336
vt -0.019249 0.208060
vt 0.710134 0.603258
vt 0.876862 0.582613
vt 0.837176 0.673031
vt 0.605266 0.514196
vt 0.516627 0.410789
vt 0.452719 0.139911
vt 0.465592 0.280327
vt -0.238719 0.063083
vt -0.245682 0.056911
vt -0.244091 0.063621
vt -0.236734 0.107800
vt -0.235544 0.115829
vt -0.233101 0.114681
vt -0.241652 0.096919
vt -0.248066 0.091568
vt -0.244020 0.098214
vt -0.233325 0.116851
vt -0.240629 0.112799
vt -0.235408 0.118567
vt -0.169525 0.194571
vt -0.177860 0.194010
vt -0.170681 0.197011
vt 0.009489 0.250085
vt 0.002927 0.255253
vt 0.010266 0.252670
vt 0.140334 0.197664
vt 0.147380 0.193636
vt 0.145422 0.191778
vt 0.571970 0.547052
vt 0.678097 0.640355
vt 0.240735 0.058599
vt 0.239895 0.066910
vt 0.243134 0.059835
vt 0.214453 0.137677
vt 0.221720 0.134062
vt 0.219872 0.132094
vt -0.084829 0.244984
vt -0.079410 0.251026
vt -0.078005 0.248721
vt -0.210120 0.153056
vt -0.208372 0.160982
vt -0.206015 0.159666
vt 0.069483 -0.014480
vt 0.063535 -0.019385
vt 0.063148 -0.017552
vt 0.070619 -0.012086
vt 0.068548 -0.019495
vt 0.068770 -0.011452
vt 0.068841 -0.011507
vt 0.070764 -0.018965
vt 0.066963 -0.011873
vt 0.065310 -0.016032
vt 0.066530 -0.023635
vt 0.064681 -0.023044
vt 0.064058 -0.017185
vt 0.068973 -0.023147
vt 0.067035 -0.023565
vt 0.063625 -0.018255
vt 0.070932 -0.020885
vt 0.069435 -0.022231
vt 0.071177 -0.019592
vt 0.063781 -0.017179
vt 0.071812 -0.017667
vt 0.071929 -0.016531
vt 0.064386 -0.018262
vt 0.071526 -0.014552
vt 0.067983 -0.019836
vt 0.066137 -0.019192
vt 0.070382 -0.012357
vt 0.165926 -0.100131
vt 0.163838 -0.100445
vt 0.167299 -0.092203
vt 0.557714 0.575054
vt 0.480791 0.441848
vt 0.021648 -0.222099
vt 0.020713 -0.220628
vt 0.028964 -0.218750
vt -0.191835 -0.065673
vt -0.185653 -0.071172
vt -0.187202 -0.072251
vt 0.164118 0.056878
vt 0.162590 0.055897
vt 0.160727 0.064175
vt 0.095436 0.109689
vt 0.094472 0.107912
vt 0.090090 0.115703
vt 0.045221 0.194892
vt 0.045152 0.193262
vt 0.038061 0.198565
vt -0.075641 0.183918
vt -0.075310 0.182320
vt -0.083674 0.183445
vt -0.143868 0.125128
vt -0.142464 0.124023
vt -0.150842 0.121114
vt -0.217168 0.108846
vt -0.215643 0.108565
vt -0.221965 0.102386
vt -0.222569 0.071137
vt -0.221047 0.070843
vt -0.225330 0.063580
vt -0.219997 0.024051
vt -0.218247 0.024759
vt -0.219902 0.016005
vt -0.174382 0.070793
vt -0.172854 0.069812
vt -0.176246 0.062515
vt -0.217873 0.024581
vt -0.216470 0.023427
vt -0.218866 0.015746
vt 0.245349 0.081942
vt 0.243667 0.082402
vt 0.242580 0.090374
vt 0.240329 0.015075
vt 0.238578 0.015784
vt 0.238673 0.023829
vt 0.242166 0.069469
vt 0.240644 0.069174
vt 0.237883 0.076732
vt 0.233576 0.110158
vt 0.232051 0.109876
vt 0.227253 0.116336
vt 0.162185 0.139490
vt 0.160781 0.138386
vt 0.153807 0.142399
vt 0.084919 0.200566
vt 0.084587 0.198968
vt 0.076555 0.199440
vt -0.015013 0.169932
vt -0.022336 0.166598
vt -0.023182 0.168433
vt -0.103765 0.128777
vt -0.102801 0.127000
vt -0.108147 0.120986
vt -0.009203 -0.196337
vt -0.000634 -0.193610
vt -0.000783 -0.195492
vt -0.191836 -0.065672
vt -0.190287 -0.064593
vt -0.185654 -0.071172
vt 0.078197 0.191503
vt 0.077611 0.193438
vt 0.086565 0.192602
vt -0.023182 0.168433
vt -0.015859 0.171767
vt -0.015013 0.169932
vt 0.183982 -0.085940
vt 0.184863 -0.076993
vt 0.186562 -0.077381
vt 0.164920 0.163574
vt 0.165508 0.165097
vt 0.173248 0.160523
vt 0.452719 0.465228
vt 0.200089 0.087908
vt 0.201500 0.089004
vt 0.206398 0.081715
vt 0.162590 0.055897
vt 0.159198 0.063194
vt 0.160726 0.064175
vt 0.237883 0.076732
vt 0.239406 0.077027
vt 0.242167 0.069469
vt 0.122522 0.120785
vt 0.116727 0.127667
vt 0.118259 0.128642
vt 0.245448 0.046208
vt 0.246954 0.046576
vt 0.247824 0.037622
vt 0.004215 0.152055
vt -0.004024 0.155050
vt -0.003199 0.156895
vt 0.195782 -0.100528
vt 0.197244 -0.101722
vt 0.191367 -0.108227
vt -0.075310 0.182320
vt -0.083342 0.181847
vt -0.083674 0.183445
vt -0.027613 -0.235124
vt -0.028547 -0.236596
vt -0.035864 -0.233247
vt -0.154798 0.149572
vt -0.162537 0.144999
vt -0.163126 0.146521
vt -0.063030 -0.135891
vt -0.064781 -0.137435
vt -0.070432 -0.130443
vt -0.182286 0.073869
vt -0.187185 0.066581
vt -0.188595 0.067677
vt -0.169450 -0.022708
vt -0.171553 -0.022520
vt -0.170175 -0.013847
vt -0.221047 0.070843
vt -0.223808 0.063285
vt -0.225330 0.063580
vt -0.176245 0.062515
vt -0.177773 0.063496
vt -0.174382 0.070793
vt -0.227318 0.046075
vt -0.228188 0.037120
vt -0.229694 0.037488
vt -0.133179 0.131904
vt -0.134711 0.132879
vt -0.128917 0.139761
vt 0.067222 -0.015000
vt 0.064481 -0.022189
vt 0.063203 -0.020781
vt -0.191819 -0.104373
vt -0.189745 -0.104768
vt -0.188207 -0.112824
vt 0.060925 -0.016567
vt 0.067926 -0.016027
vt 0.068329 -0.017857
vt 0.006905 -0.174295
vt 0.008231 -0.172374
vt 0.015353 -0.174775
vt 0.107082 -0.005250
vt 0.117283 -0.001982
vt 0.111717 -0.009011
vt 0.111326 -0.010834
vt 0.121390 -0.013450
vt 0.111216 -0.016802
vt 0.113253 -0.003308
vt 0.122579 -0.008657
vt 0.112509 -0.006066
vt 0.084397 -0.055773
vt 0.087891 -0.067446
vt 0.079033 -0.061353
vt 0.140051 -0.025518
vt 0.139038 -0.035576
vt 0.134007 -0.024479
vt 0.076853 -0.036851
vt 0.069636 -0.041263
vt 0.072300 -0.031512
vt 0.056616 -0.016849
vt 0.052076 -0.015143
vt 0.059441 -0.010983
vt 0.054825 -0.024084
vt 0.050969 -0.018095
vt 0.055506 -0.019809
vt 0.048397 -0.026593
vt 0.050355 -0.018532
vt 0.054204 -0.024526
vt 0.136756 -0.020763
vt 0.141949 -0.013454
vt 0.141522 -0.021738
vt 0.175601 0.169582
vt 0.169268 0.172955
vt 0.172916 0.186836
vt 0.236145 0.103419
vt 0.248336 0.108323
vt 0.239221 0.097086
vt 0.226956 0.123388
vt 0.240451 0.125380
vt 0.229629 0.117133
vt 0.136083 0.221246
vt 0.145935 0.228959
vt 0.141736 0.215880
vt -0.115697 0.230465
vt -0.110340 0.244149
vt -0.108772 0.231735
vt -0.238787 0.028824
vt -0.249437 0.041103
vt -0.235950 0.035268
vt -0.200188 0.004048
vt -0.212477 0.018786
vt -0.198303 0.010831
vt -0.180912 0.068808
vt -0.191972 0.082886
vt -0.177835 0.075141
vt -0.136625 0.138361
vt -0.149011 0.148764
vt -0.132123 0.143774
vt -0.055266 0.204796
vt -0.065241 0.217981
vt -0.049078 0.208155
vt 0.111311 0.213183
vt 0.110289 0.227937
vt 0.117734 0.211775
vt 0.074574 -0.018965
vt 0.068566 -0.014226
vt 0.075058 -0.017285
vt 0.237291 0.101713
vt 0.248806 0.107895
vt 0.241096 0.095789
vt 0.097061 -0.026403
vt 0.094006 -0.027203
vt 0.096407 -0.021152
vt 0.091325 -0.023530
vt 0.091717 -0.019219
vt 0.094776 -0.018432
vt -0.201572 0.056677
vt -0.214666 0.066317
vt -0.212267 0.071034
vt -0.144962 0.160353
vt -0.141050 0.165106
vt -0.128101 0.155273
vt -0.052976 0.229196
vt -0.047260 0.231503
vt -0.037096 0.218921
vt 0.193560 0.188706
vt 0.198259 0.187447
vt 0.195960 0.171075
vt 0.240151 0.125943
vt 0.244464 0.121817
vt 0.237729 0.108650
vt 0.246881 0.111069
vt 0.249505 0.105709
vt 0.237877 0.099743
vt 0.243687 0.119024
vt 0.244686 0.116348
vt 0.232656 0.111059
vt 0.230301 0.140454
vt 0.233874 0.133588
vt 0.220518 0.130810
vt -0.232188 0.122156
vt -0.226844 0.125167
vt -0.222461 0.111141
vt -0.167101 0.118173
vt -0.170442 0.113251
vt -0.173787 0.118040
vt -0.187169 0.108244
vt -0.183804 0.103468
vt -0.188034 0.101612
vt -0.156847 0.104112
vt -0.160694 0.107384
vt -0.157337 0.112295
vt -0.181360 0.086228
vt -0.177131 0.088086
vt -0.173285 0.084812
vt -0.234751 0.024092
vt -0.246846 0.034748
vt -0.243746 0.041043
vt 0.081209 -0.049896
vt 0.074100 -0.053092
vt 0.073709 -0.051804
vt 0.136120 -0.010543
vt 0.136729 -0.011744
vt 0.134957 -0.018312
vt -0.152289 -0.017642
vt -0.096631 0.062353
vt -0.057085 0.065187
vt -0.018136 0.049033
vt -0.088494 -0.096935
vt -0.128716 -0.059065
vt -0.217124 0.019110
vt -0.119978 0.139462
vt -0.043563 0.146212
vt 0.035742 0.122576
vt 0.660572 0.059773
vt -0.202444 -0.040636
vt -0.245949 0.070989
vt -0.235081 0.085657
vt -0.214008 0.127610
vt -0.144492 0.180887
vt -0.024592 0.215678
vt 0.476241 0.000166
vt -0.240529 0.055453
vt -0.239177 0.108948
vt -0.245698 0.090273
vt -0.238546 0.111083
vt -0.176704 0.191571
vt 0.002150 0.252668
vt 0.142292 0.199523
vt 0.237496 0.065673
vt 0.216301 0.139645
vt -0.086235 0.247289
vt -0.212476 0.154372
vt 0.070775 -0.015874
vt 0.070425 -0.019123
vt 0.072167 -0.017712
vt 0.067249 -0.015621
vt 0.065570 -0.015856
vt 0.064292 -0.016341
vt 0.064149 -0.019164
vt 0.069074 -0.015582
vt 0.061448 -0.014898
vt 0.067155 -0.015469
s 1
usemtl mat23
f 524/1758/449 523/1759/449 522/1760/449
f 523/1759/449 525/1761/449 522/1760/449
f 525/1761/449 526/1762/449 522/1760/449
f 526/1762/449 527/1763/449 522/1760/449
f 527/1763/449 528/1764/450 522/1760/449
f 528/1764/450 529/1765/450 522/1760/449
f 529/1765/450 530/1766/449 522/1760/449
f 530/1766/449 531/1767/449 522/1760/449
f 531/1767/449 532/1768/449 522/1760/449
f 532/1768/449 533/1769/449 522/1760/449
f 533/1769/449 534/1770/449 522/1760/449
f 534/1770/449 524/1758/449 522/1760/449
f 535/1771/451 524/1772/451 536/1773/451
f 535/1774/452 525/1775/453 523/1776/453
f 537/1777/454 526/1778/455 525/1779/455
f 537/1780/456 527/1781/456 526/1782/456
f 538/1783/457 528/1784/457 527/1785/457
f 539/1786/458 529/1787/459 528/1788/458
f 541/1789/460 529/1790/460 540/1791/460
f 542/1792/461 530/1793/461 541/1789/461
f 542/1792/462 532/1794/462 531/1795/462
f 543/1796/463 533/1797/463 532/1794/463
f 545/1798/464 533/1799/464 544/1800/464
f 545/1801/465 524/1802/465 534/1803/465
f 546/1804/466 536/1805/466 547/1806/466
f 546/1807/467 548/1808/468 535/1809/467
f 548/1810/469 549/1811/469 537/1812/470
f 550/1813/471 537/1812/470 549/1811/469
f 550/1814/472 539/1815/472 538/1816/472
f 552/1817/473 539/1818/473 551/1819/473
f 552/1820/474 541/1789/474 540/1791/474
f 554/1821/475 541/1789/475 553/1822/476
f 554/1821/477 543/1796/477 542/1792/477
f 556/1823/478 543/1796/478 555/1824/478
f 557/1825/479 544/1826/479 556/1823/479
f 557/1827/480 536/1828/480 545/1829/480
f 558/1830/481 547/1831/481 559/1832/481
f 558/1833/482 548/1834/482 546/1835/482
f 561/1836/483 548/1837/484 560/1838/483
f 561/1839/485 550/1840/485 549/1841/485
f 563/1842/486 550/1843/486 562/1844/486
f 564/1845/487 551/1846/487 563/1847/487
f 565/1848/488 552/1820/489 564/1845/488
f 565/1848/490 554/1821/491 553/1822/490
f 566/1849/492 555/1824/492 554/1821/492
f 568/1850/493 555/1824/493 567/1851/493
f 568/1850/494 557/1825/495 556/1823/494
f 569/1852/496 547/1853/497 557/1854/496
f 570/1855/498 559/1856/499 571/1857/498
f 570/1858/500 560/1859/501 558/1860/500
f 572/1861/502 561/1862/502 560/1863/502
f 573/1864/503 562/1865/503 561/1866/503
f 574/1867/504 563/1868/505 562/1869/505
f 576/1870/506 563/1871/506 575/1872/506
f 577/1873/507 564/1845/507 576/1874/507
f 577/1873/508 566/1849/508 565/1848/508
f 578/1875/509 567/1876/510 566/1877/510
f 580/1878/511 567/1879/511 579/1880/511
f 581/1881/512 568/1882/512 580/1883/512
f 571/1884/513 569/1885/513 581/1886/513
f 584/1887/514 582/1888/515 585/1889/515
f 589/1890/516 587/1891/516 586/1892/516
f 588/1893/517 590/1894/518 587/1895/517
f 594/1896/519 592/1897/519 595/1898/519
f 597/1899/520 593/1900/520 594/1901/520
f 599/1902/521 596/1903/521 597/1904/521
f 599/1905/522 600/1906/522 598/1907/522
f 601/1908/523 602/1909/523 600/1910/523
f 589/1911/524 586/1912/524 602/1913/524
f 578/1914/525 603/1915/525 579/1916/525
f 577/1873/526 604/1917/526 578/1918/526
f 579/1919/527 605/1920/527 580/1921/527
f 580/1922/528 606/1923/528 581/1924/528
f 576/1925/529 607/1926/529 577/1927/529
f 575/1928/530 608/1929/530 576/1930/530
f 574/1931/531 609/1932/531 575/1933/531
f 573/1934/532 610/1935/532 574/1936/532
f 572/1937/533 611/1938/533 573/1939/533
f 570/1940/534 612/1941/534 572/1942/534
f 571/1943/535 613/1944/535 570/1945/535
f 581/1946/536 606/1947/536 571/1948/536
f 613/1949/537 586/1950/537 587/1951/537
f 612/1952/538 587/1953/538 590/1954/538
f 609/1955/539 582/1956/539 583/1957/539
f 608/1958/540 583/1959/540 592/1960/540
f 607/1961/541 592/1962/541 593/1963/541
f 604/1964/542 593/1965/542 596/1966/542
f 603/1967/543 596/1968/543 598/1969/543
f 605/1970/544 598/1971/544 600/1972/544
f 600/1973/545 602/1974/545 606/1975/545
f 606/1976/546 602/1977/546 586/1978/546
f 605/1979/547 614/1980/547 580/1981/547
f 580/1982/528 614/1983/528 606/1984/528
f 600/1985/548 614/1986/548 605/1987/548
f 606/1988/545 614/1989/545 600/1990/545
f 603/1991/549 605/1992/549 579/1993/549
f 598/1994/550 605/1995/550 603/1996/550
f 604/1917/551 603/1997/551 578/1918/551
f 596/1998/552 603/1999/552 604/2000/552
f 607/2001/529 604/2002/529 577/2003/529
f 593/2004/541 604/2005/541 607/2006/541
f 608/2007/553 607/2008/553 576/2009/553
f 592/2010/554 607/2011/554 608/2012/554
f 609/2013/555 608/2014/555 575/2015/555
f 583/2016/556 608/2017/556 609/2018/556
f 610/2019/532 609/2020/532 574/2021/532
f 582/2022/557 609/2023/557 610/2024/557
f 611/2025/558 610/2026/558 573/2027/558
f 615/2028/559 610/2029/559 611/2030/559
f 612/2031/560 611/2032/560 572/2033/560
f 590/2034/561 611/2035/561 612/2036/561
f 613/2037/535 612/2038/535 570/2039/535
f 587/2040/537 612/2041/537 613/2042/537
f 606/2043/562 613/2044/562 571/2045/562
f 586/2046/563 613/2047/563 606/2048/563
f 595/2049/564 583/2050/564 584/2051/564
f 611/2052/565 590/2053/565 615/2054/565
f 615/2055/566 585/2056/566 582/2057/566
f 610/2058/567 615/2059/567 582/2060/567
f 619/2061/568 618/2062/568 617/2063/568
f 620/2064/569 618/2065/569 619/2066/569
f 621/2067/570 618/2068/570 620/2069/570
f 622/2070/571 618/2071/571 621/2072/571
f 623/2073/572 618/2074/572 622/2075/572
f 624/2076/573 618/2077/573 623/2078/573
f 625/2079/574 618/2080/575 624/2081/576
f 626/2082/577 618/2083/575 625/2084/574
f 627/2085/578 618/2086/575 626/2087/577
f 617/2088/579 618/2089/579 627/2090/579
f 616/2091/580 591/2092/580 619/2093/580
f 589/2094/581 620/2095/581 588/2096/581
f 628/2097/582 621/2098/582 589/2099/582
f 601/2100/583 622/2101/583 628/2102/583
f 599/2103/584 622/2104/584 601/2105/584
f 597/2106/585 623/2107/585 599/2108/585
f 594/2109/586 623/2110/586 597/2111/586
f 595/2112/587 624/2113/587 594/2114/587
f 584/2115/588 626/2116/588 595/2117/588
f 585/2118/589 627/2119/589 584/2120/589
f 616/2121/590 617/2122/590 585/2123/590
f 615/2124/591 591/2125/591 616/2126/591
f 588/2127/592 619/2128/592 591/2129/592
f 629/2130/593 625/2131/593 624/2132/593
f 626/2133/594 625/2134/594 629/2135/594
f 595/2136/595 629/2137/595 624/2138/595
f 626/2139/596 629/2140/596 595/2141/596
f 627/2142/597 626/2143/597 584/2144/597
f 617/2145/598 627/2146/598 585/2147/598
f 619/2148/599 617/2149/599 616/2150/599
f 620/2151/600 619/2152/600 588/2153/600
f 621/2154/601 620/2155/601 589/2156/601
f 622/2157/602 621/2158/602 628/2159/602
f 623/2160/603 622/2161/603 599/2162/603
f 535/2163/604 617/2164/604 525/2165/604
f 525/2166/605 617/2167/605 537/2168/605
f 548/2169/606 617/2170/606 535/2171/606
f 537/2172/607 617/2173/607 548/2174/607
f 594/2175/608 624/2176/608 623/2177/608
f 601/2178/609 628/2179/609 602/2180/609
f 602/2181/610 628/2182/610 589/2183/610
f 535/1771/451 523/2184/451 524/1772/451
f 537/1780/456 538/2185/456 527/1781/456
f 538/1783/457 539/2186/457 528/1784/457
f 539/1786/458 540/2187/611 529/1787/459
f 541/1789/460 530/1793/460 529/1790/460
f 542/1792/461 531/1795/461 530/1793/461
f 542/1792/462 543/1796/612 532/1794/462
f 543/1796/463 544/1826/463 533/1797/463
f 545/1798/464 534/2188/464 533/1799/464
f 545/1801/465 536/2189/465 524/1802/465
f 546/1804/466 535/2190/466 536/1805/466
f 550/1813/471 538/2191/471 537/1812/470
f 550/1814/472 551/2192/472 539/1815/472
f 552/1817/473 540/2193/473 539/1818/473
f 552/1820/474 553/1822/613 541/1789/474
f 554/1821/475 542/1792/475 541/1789/475
f 554/1821/477 555/1824/477 543/1796/477
f 556/1823/478 544/1826/478 543/1796/478
f 557/1825/479 545/2194/479 544/1826/479
f 557/1827/480 547/2195/480 536/1828/480
f 558/1830/481 546/2196/481 547/1831/481
f 558/1833/482 560/2197/482 548/1834/482
f 561/1836/483 549/2198/614 548/1837/484
f 561/1839/485 562/2199/485 550/1840/485
f 563/1842/486 551/2200/486 550/1843/486
f 564/1845/487 552/1820/615 551/1846/487
f 565/1848/488 553/1822/616 552/1820/489
f 565/1848/490 566/1849/617 554/1821/491
f 566/1849/492 567/1851/492 555/1824/492
f 568/1850/493 556/1823/493 555/1824/493
f 568/1850/494 569/2201/494 557/1825/495
f 569/1852/496 559/2202/496 547/1853/497
f 570/1855/498 558/2203/499 559/1856/499
f 570/1858/500 572/2204/500 560/1859/501
f 572/1861/502 573/2205/502 561/1862/502
f 573/1864/503 574/2206/503 562/1865/503
f 574/1867/504 575/2207/504 563/1868/505
f 576/1870/506 564/2208/618 563/1871/506
f 577/1873/507 565/1848/619 564/1845/507
f 577/1873/508 578/1918/508 566/1849/508
f 578/1875/509 579/2209/509 567/1876/510
f 580/1878/511 568/2210/511 567/1879/511
f 581/1881/512 569/2211/620 568/1882/512
f 571/1884/513 559/2212/513 569/1885/513
f 584/1887/514 583/2213/514 582/1888/515
f 589/1890/516 588/2214/516 587/1891/516
f 588/1893/517 591/2215/518 590/1894/518
f 594/1896/519 593/2216/519 592/1897/519
f 597/1899/520 596/2217/520 593/1900/520
f 599/1902/521 598/2218/521 596/1903/521
f 599/1905/522 601/2219/522 600/1906/522
f 595/2049/564 592/2220/564 583/2050/564
f 615/2055/566 616/2221/566 585/2056/566
f 615/2124/591 590/2222/591 591/2125/591
o group64761282
v -0.033909 1.007690 0.075374
v -0.033758 0.995350 0.076078
v -0.028862 0.995353 0.075062
v -0.029014 1.007692 0.074358
v -0.032161 0.985791 0.083750
v -0.027266 0.985793 0.082734
v -0.029731 0.982663 0.095458
v -0.024835 0.982665 0.094443
v -0.027394 0.987161 0.106732
v -0.022498 0.987163 0.105716
v -0.026043 0.997568 0.113264
v -0.021147 0.997570 0.112248
v -0.026195 1.009907 0.112559
v -0.021299 1.009910 0.111544
v -0.027791 1.019467 0.104888
v -0.022895 1.019469 0.103872
v -0.030222 1.022595 0.093179
v -0.025326 1.022597 0.092163
v -0.032559 1.018097 0.081906
v -0.027663 1.018099 0.080890
vn -0.2028 -0.0583 -0.9775
vn -0.1568 -0.6339 -0.7573
vn -0.0510 -0.9675 -0.2479
vn 0.0744 -0.9314 0.3563
vn 0.0743 -0.9314 0.3562
vn 0.1713 -0.5396 0.8243
vn 0.2028 0.0583 0.9775
vn 0.1569 0.6339 0.7573
vn 0.1568 0.6339 0.7573
vn 0.0510 0.9675 0.2479
vn -0.0743 0.9314 -0.3562
vn -0.0743 0.9314 -0.3563
vn -0.1713 0.5396 -0.8243
vn 0.9791 0.0004 -0.2032
vn -0.9791 -0.0004 0.2032
vn 0.0510 0.9675 0.2478
vt -0.253964 0.110491
vt -0.255294 0.110577
vt -0.255077 0.111028
vt -0.197922 0.078322
vt -0.199254 0.078380
vt -0.199047 0.078835
vt -0.067568 0.006102
vt -0.068890 0.005923
vt -0.068766 0.006407
vt 0.103573 -0.006329
vt 0.104829 -0.006775
vt 0.103594 -0.006829
vt 0.227993 0.062679
vt 0.226972 0.061821
vt 0.226817 0.062297
vt 0.255077 0.111028
vt 0.254181 0.110041
vt 0.253964 0.110491
vt 0.199047 0.078835
vt 0.198129 0.077867
vt 0.197922 0.078322
vt 0.068766 0.006407
vt 0.067692 0.005617
vt 0.067568 0.006102
vt -0.104808 -0.006276
vt -0.103594 -0.006829
vt -0.104829 -0.006775
vt -0.227993 0.062679
vt -0.226972 0.061821
vt -0.228147 0.062203
vt 0.082978 0.266137
vt 0.079476 0.264651
vt 0.079271 0.266993
vt -0.080535 0.264014
vt -0.082495 0.267275
vt -0.080204 0.267804
vt -0.254181 0.110041
vt -0.198130 0.077867
vt -0.067692 0.005617
vt 0.104808 -0.006276
vt 0.228147 0.062203
vt 0.255294 0.110577
vt 0.199254 0.078380
vt 0.068890 0.005923
vt -0.103573 -0.006329
vt -0.226817 0.062297
vt 0.080204 0.267804
vt 0.081436 0.267911
vt 0.082495 0.267275
vt 0.082700 0.264932
vt 0.081767 0.264122
vt 0.080535 0.264014
vt 0.078993 0.265789
vt -0.079271 0.266993
vt -0.078993 0.265789
vt -0.079476 0.264651
vt -0.081767 0.264122
vt -0.082700 0.264932
vt -0.082978 0.266137
vt -0.081436 0.267911
s 1
usemtl mat23
f 632/2223/621 630/2224/621 633/2225/621
f 635/2226/622 631/2227/622 632/2228/622
f 637/2229/623 634/2230/623 635/2231/623
f 637/2232/624 638/2233/625 636/2234/624
f 641/2235/626 638/2236/626 639/2237/626
f 643/2238/627 640/2239/627 641/2240/627
f 645/2241/628 642/2242/629 643/2243/629
f 647/2244/630 644/2245/630 645/2246/630
f 647/2247/631 648/2248/631 646/2249/632
f 649/2250/633 630/2251/633 648/2252/633
f 643/2253/634 635/2254/634 633/2255/634
f 636/2256/635 644/2257/635 648/2258/635
f 632/2223/621 631/2259/621 630/2224/621
f 635/2226/622 634/2260/622 631/2227/622
f 637/2229/623 636/2261/623 634/2230/623
f 637/2232/624 639/2262/625 638/2233/625
f 641/2235/626 640/2263/626 638/2236/626
f 643/2238/627 642/2264/627 640/2239/627
f 645/2241/628 644/2265/628 642/2242/629
f 647/2244/630 646/2266/636 644/2245/630
f 647/2247/631 649/2267/631 648/2248/631
f 649/2250/633 633/2268/633 630/2251/633
f 633/2255/634 649/2269/634 647/2270/634
f 647/2270/634 645/2271/634 643/2253/634
f 643/2253/634 641/2272/634 639/2273/634
f 639/2273/634 637/2274/634 635/2254/634
f 635/2254/634 632/2275/634 633/2255/634
f 633/2255/634 647/2270/634 643/2253/634
f 643/2253/634 639/2273/634 635/2254/634
f 648/2258/635 630/2276/635 631/2277/635
f 631/2277/635 634/2278/635 636/2256/635
f 636/2256/635 638/2279/635 640/2280/635
f 640/2280/635 642/2281/635 644/2257/635
f 644/2257/635 646/2282/635 648/2258/635
f 648/2258/635 631/2277/635 636/2256/635
f 636/2256/635 640/2280/635 644/2257/635
o group652232159
v 0.023002 0.808913 0.316854
v 0.036024 0.809013 0.318865
v 0.039307 0.907372 0.292758
v 0.026285 0.907273 0.290747
v 0.046316 0.810800 0.326896
v 0.049599 0.909160 0.300788
v 0.051122 0.813798 0.338792
v 0.054405 0.912157 0.312685
v 0.049153 0.817202 0.351368
v 0.052436 0.915561 0.325261
v 0.040937 0.820100 0.361253
v 0.044220 0.918459 0.335146
v 0.028676 0.821715 0.365799
v 0.031959 0.920075 0.339692
v 0.015655 0.821616 0.363788
v 0.018938 0.919976 0.337680
v 0.005362 0.819828 0.355757
v 0.008645 0.918188 0.329650
v 0.000557 0.816831 0.343861
v 0.003839 0.915190 0.317753
v 0.002525 0.813427 0.331285
v 0.005808 0.911786 0.305177
v 0.010741 0.810529 0.321400
v 0.014024 0.908889 0.295292
v 0.040479 0.942500 0.283433
v 0.027457 0.942401 0.281421
v 0.050771 0.944288 0.291463
v 0.055577 0.947285 0.303360
v 0.053608 0.950689 0.315936
v 0.045392 0.953587 0.325821
v 0.033131 0.955203 0.330367
v 0.020110 0.955104 0.328355
v 0.009817 0.953316 0.320325
v 0.005012 0.950318 0.308428
v 0.006981 0.946915 0.295852
v 0.015196 0.944017 0.285967
vn 0.1494 -0.2583 -0.9544
vn 0.6235 -0.2200 -0.7502
vn 0.6235 -0.2199 -0.7502
vn 0.9306 -0.1226 -0.3450
vn 0.9882 0.0075 0.1527
vn 0.7811 0.1357 0.6094
vn 0.3647 0.2275 0.9029
vn -0.1494 0.2583 0.9544
vn -0.6235 0.2200 0.7502
vn -0.6235 0.2199 0.7502
vn -0.9306 0.1226 0.3450
vn -0.9882 -0.0075 -0.1527
vn -0.7811 -0.1357 -0.6094
vn -0.3647 -0.2275 -0.9029
vn -0.0322 -0.9660 0.2564
vn -0.1494 0.2584 0.9544
vn 0.0322 0.9660 -0.2564
vn -0.0323 -0.9660 0.2564
vn 0.0323 0.9660 -0.2564
vt -0.211050 0.139251
vt -0.203218 0.132612
vt -0.211766 0.138145
vt -0.147574 0.211327
vt -0.141146 0.203321
vt -0.148487 0.210377
vt 0.017825 0.265643
vt 0.021636 0.256110
vt 0.020360 0.255782
vt 0.211376 0.168434
vt 0.207301 0.159010
vt 0.206169 0.159684
vt 0.250708 0.089385
vt 0.241857 0.084181
vt 0.249899 0.090426
vt 0.239747 0.092586
vt 0.231748 0.086150
vt 0.231061 0.087275
vt 0.211049 0.139252
vt 0.203218 0.132613
vt 0.202502 0.133719
vt 0.148487 0.210377
vt 0.140233 0.204271
vt 0.147574 0.211327
vt -0.017825 0.265643
vt -0.021636 0.256110
vt -0.019101 0.265971
vt -0.212508 0.167760
vt -0.206169 0.159684
vt -0.207301 0.159010
vt -0.249900 0.090426
vt -0.242666 0.083140
vt -0.250708 0.089385
vt -0.240434 0.091462
vt -0.231060 0.087275
vt -0.231748 0.086151
vt -0.214099 0.141227
vt -0.211762 0.138145
vt -0.214815 0.140121
vt 0.090568 -0.030583
vt 0.092356 -0.034613
vt 0.087972 -0.034147
vt -0.150192 0.213847
vt -0.148483 0.210377
vt -0.151105 0.212897
vt 0.018197 0.269493
vt 0.017826 0.265643
vt 0.016920 0.269165
vt 0.214369 0.170883
vt 0.211377 0.168432
vt 0.213237 0.171557
vt 0.253580 0.091611
vt 0.249900 0.090422
vt 0.252772 0.092652
vt 0.242848 0.094481
vt 0.240433 0.091460
vt 0.239745 0.092584
vt 0.214099 0.141227
vt 0.211762 0.138145
vt 0.211046 0.139251
vt 0.150191 0.213848
vt 0.148483 0.210378
vt 0.147570 0.211328
vt -0.018196 0.269493
vt -0.017826 0.265643
vt -0.019102 0.265971
vt -0.214369 0.170883
vt -0.211377 0.168432
vt -0.212509 0.167758
vt -0.253580 0.091612
vt -0.249900 0.090422
vt -0.250708 0.089382
vt -0.243535 0.093357
vt -0.239745 0.092584
vt -0.240433 0.091460
vt -0.091331 -0.035441
vt -0.091797 -0.031057
vt -0.087767 -0.032845
vt -0.202502 0.133719
vt -0.140233 0.204271
vt 0.019101 0.265971
vt 0.212508 0.167760
vt 0.242666 0.083140
vt 0.240435 0.091462
vt 0.211765 0.138146
vt 0.141146 0.203321
vt -0.020360 0.255782
vt -0.211376 0.168434
vt -0.241857 0.084181
vt -0.239747 0.092586
vt -0.211046 0.139251
vt 0.087767 -0.032845
vt 0.088241 -0.031616
vt 0.089266 -0.030788
vt 0.091797 -0.031057
vt 0.092625 -0.032082
vt 0.092830 -0.033383
vt 0.091331 -0.035441
vt 0.090030 -0.035646
vt 0.088800 -0.035172
vt -0.147570 0.211327
vt 0.019102 0.265971
vt 0.212509 0.167758
vt 0.250708 0.089381
vt 0.243535 0.093357
vt 0.214815 0.140121
vt 0.151104 0.212898
vt -0.016920 0.269165
vt -0.213237 0.171557
vt -0.252772 0.092653
vt -0.242848 0.094481
vt -0.087972 -0.034147
vt -0.088800 -0.035172
vt -0.090029 -0.035646
vt -0.092356 -0.034613
vt -0.092830 -0.033383
vt -0.092625 -0.032082
vt -0.090568 -0.030583
vt -0.089266 -0.030788
vt -0.088241 -0.031616
s 1
usemtl mat21
f 652/2283/637 650/2284/637 653/2285/637
f 655/2286/638 651/2287/639 652/2288/638
f 655/2289/640 656/2290/640 654/2291/640
f 657/2292/641 658/2293/641 656/2294/641
f 661/2295/642 658/2296/642 659/2297/642
f 661/2298/643 662/2299/643 660/2300/643
f 663/2301/644 664/2302/644 662/2303/644
f 667/2304/645 664/2305/646 665/2306/645
f 669/2307/647 666/2308/647 667/2309/647
f 669/2310/648 670/2311/648 668/2312/648
f 673/2313/649 670/2314/649 671/2315/649
f 673/2316/650 650/2317/650 672/2318/650
f 674/2319/637 653/2320/637 675/2321/637
f 656/2322/651 664/2323/651 672/2324/651
f 676/2325/638 652/2326/638 674/2327/638
f 677/2328/640 655/2329/640 676/2330/640
f 678/2331/641 657/2332/641 677/2333/641
f 679/2334/642 659/2335/642 678/2336/642
f 679/2337/643 663/2338/643 661/2339/643
f 680/2340/652 665/2341/644 663/2342/644
f 681/2343/645 667/2344/645 665/2345/645
f 682/2346/647 669/2347/647 667/2348/647
f 683/2349/648 671/2350/648 669/2351/648
f 684/2352/649 673/2353/649 671/2354/649
f 685/2355/650 653/2356/650 673/2357/650
f 682/2358/653 678/2359/653 675/2360/653
f 652/2283/637 651/2361/637 650/2284/637
f 655/2286/638 654/2362/639 651/2287/639
f 655/2289/640 657/2363/640 656/2290/640
f 657/2292/641 659/2364/641 658/2293/641
f 661/2295/642 660/2365/642 658/2296/642
f 661/2298/643 663/2366/643 662/2299/643
f 663/2301/644 665/2367/644 664/2302/644
f 667/2304/645 666/2368/646 664/2305/646
f 669/2307/647 668/2369/647 666/2308/647
f 669/2310/648 671/2370/648 670/2311/648
f 673/2313/649 672/2371/649 670/2314/649
f 673/2316/650 653/2372/650 650/2317/650
f 674/2319/637 652/2373/637 653/2320/637
f 672/2324/651 650/2374/651 651/2375/651
f 651/2375/651 654/2376/651 656/2322/651
f 656/2322/651 658/2377/651 660/2378/651
f 660/2378/651 662/2379/654 664/2323/651
f 664/2323/651 666/2380/651 668/2381/651
f 668/2381/651 670/2382/651 672/2324/651
f 672/2324/651 651/2375/651 656/2322/651
f 656/2322/651 660/2378/651 664/2323/651
f 664/2323/651 668/2381/651 672/2324/651
f 676/2325/638 655/2383/638 652/2326/638
f 677/2328/640 657/2384/640 655/2329/640
f 678/2331/641 659/2385/641 657/2332/641
f 679/2334/642 661/2386/642 659/2335/642
f 679/2337/643 680/2387/643 663/2338/643
f 680/2340/652 681/2388/652 665/2341/644
f 681/2343/645 682/2389/645 667/2344/645
f 682/2346/647 683/2390/647 669/2347/647
f 683/2349/648 684/2391/648 671/2350/648
f 684/2352/649 685/2392/649 673/2353/649
f 685/2355/650 675/2393/650 653/2356/650
f 675/2360/653 685/2394/653 684/2395/653
f 684/2395/653 683/2396/653 682/2358/653
f 682/2358/653 681/2397/653 680/2398/653
f 680/2398/653 679/2399/655 678/2359/653
f 678/2359/653 677/2400/655 676/2401/653
f 676/2401/653 674/2402/653 675/2360/653
f 675/2360/653 684/2395/653 682/2358/653
f 682/2358/653 680/2398/653 678/2359/653
f 678/2359/653 676/2401/653 675/2360/653
o group67639701
v 0.038565 1.134603 0.270253
v 0.035688 1.133418 0.264913
v 0.039310 1.119579 0.268919
v 0.042184 1.120608 0.274293
v 0.030145 1.132857 0.262237
v 0.033770 1.119189 0.266206
v 0.024054 1.133135 0.263247
v 0.027682 1.119587 0.267190
v 0.019741 1.134145 0.267557
v 0.023370 1.120621 0.271495
v 0.018854 1.135502 0.273521
v 0.022481 1.121897 0.277476
v 0.021731 1.136688 0.278860
v 0.025355 1.122925 0.282850
v 0.027274 1.137249 0.281536
v 0.030894 1.123315 0.285563
v 0.033365 1.136971 0.280526
v 0.036983 1.122917 0.284579
v 0.037678 1.135960 0.276216
v 0.041295 1.121883 0.280275
v -0.019416 1.081009 0.098047
v -0.023985 1.082813 0.101797
v -0.028836 1.080835 0.105077
v -0.032113 1.075832 0.106636
v -0.032567 1.069716 0.105877
v -0.030023 1.064821 0.103090
v -0.025453 1.063018 0.099339
v -0.020603 1.064996 0.096059
v -0.017325 1.069998 0.094501
v -0.016871 1.076115 0.095260
v 0.032231 1.152623 0.277064
v 0.036544 1.151657 0.272743
v 0.026141 1.152772 0.278104
v 0.020599 1.152047 0.275466
v 0.017722 1.150725 0.270158
v 0.018610 1.149311 0.264207
v 0.022922 1.148345 0.259887
v 0.029012 1.148196 0.258847
v 0.034554 1.148921 0.261485
v 0.037431 1.150243 0.266792
v 0.030435 1.162963 0.265810
v 0.034754 1.161852 0.261530
v 0.024353 1.162910 0.266907
v 0.018831 1.161712 0.264403
v 0.015978 1.159828 0.259255
v 0.016884 1.157977 0.253428
v 0.021202 1.156866 0.249149
v 0.027284 1.156919 0.248052
v 0.032806 1.158117 0.250555
v 0.035659 1.160001 0.255704
v 0.027096 1.165727 0.250700
v 0.031436 1.164435 0.246493
v 0.021055 1.165318 0.251940
v 0.015620 1.163364 0.249740
v 0.012868 1.160611 0.244940
v 0.013848 1.158111 0.239373
v 0.018188 1.156819 0.235167
v 0.024229 1.157228 0.233927
v 0.029663 1.159182 0.236127
v 0.032416 1.161935 0.240927
v 0.019730 1.162283 0.237480
v 0.024076 1.160952 0.233293
v 0.013714 1.161739 0.238788
v 0.008327 1.159526 0.236719
v 0.005627 1.156490 0.232062
v 0.006645 1.153790 0.226596
v 0.010991 1.152459 0.222409
v 0.017007 1.153003 0.221101
v 0.022394 1.155216 0.223170
v 0.025094 1.158252 0.227827
v 0.010827 1.160200 0.224554
v 0.015212 1.158728 0.220454
v 0.004905 1.159306 0.226079
v -0.000292 1.156385 0.224449
v -0.002779 1.152555 0.220285
v -0.001607 1.149278 0.215178
v 0.002778 1.147805 0.211079
v 0.008700 1.148700 0.209553
v 0.013897 1.151620 0.211183
v 0.016384 1.155450 0.215348
v 0.001758 1.156006 0.213213
v 0.006187 1.154423 0.209204
v -0.004057 1.154844 0.214957
v -0.009036 1.151380 0.213768
v -0.011277 1.146939 0.210101
v -0.009926 1.143216 0.205357
v -0.005497 1.141634 0.201347
v 0.000317 1.142796 0.199604
v 0.005296 1.146259 0.200792
v 0.007538 1.150700 0.204459
v -0.005341 1.149682 0.200763
v -0.000824 1.147949 0.196919
v -0.010988 1.148235 0.202818
v -0.015605 1.144160 0.202299
v -0.017431 1.139014 0.199404
v -0.015767 1.134763 0.195238
v -0.011249 1.133030 0.191394
v -0.005603 1.134476 0.189339
v -0.000985 1.138551 0.189858
v 0.000840 1.143697 0.192753
v -0.013574 1.148744 0.186778
v -0.009016 1.146966 0.183002
v -0.019036 1.147088 0.189150
v -0.023314 1.142628 0.189212
v -0.024775 1.137069 0.186941
v -0.022862 1.132534 0.183204
v -0.018304 1.130755 0.179428
v -0.012842 1.132412 0.177056
v -0.008564 1.136871 0.176994
v -0.007102 1.142430 0.179265
v -0.018386 1.141554 0.174019
v -0.013799 1.139752 0.170289
v -0.023703 1.139781 0.176624
v -0.027718 1.135107 0.177108
v -0.028900 1.129321 0.175286
v -0.026795 1.124631 0.171855
v -0.022209 1.122829 0.168125
v -0.016892 1.124603 0.165521
v -0.012876 1.129276 0.165037
v -0.011695 1.135062 0.166859
v -0.023069 1.132536 0.162394
v -0.018458 1.130719 0.158702
v -0.028274 1.130693 0.165171
v -0.032084 1.125893 0.165972
v -0.033045 1.119971 0.164490
v -0.030789 1.115187 0.161292
v -0.026178 1.113370 0.157600
v -0.020973 1.115214 0.154823
v -0.017163 1.120013 0.154022
v -0.016202 1.125936 0.155504
v -0.024707 1.123495 0.149380
v -0.020099 1.121680 0.145683
v -0.029815 1.121605 0.152299
v -0.033474 1.116730 0.153326
v -0.034284 1.110734 0.152068
v -0.031938 1.105906 0.149005
v -0.027330 1.104091 0.145308
v -0.022221 1.105981 0.142388
v -0.018563 1.110855 0.141362
v -0.017752 1.116852 0.142620
v -0.024875 1.113026 0.137077
v -0.020278 1.111215 0.133365
v -0.029917 1.111108 0.140093
v -0.033476 1.106192 0.141263
v -0.034194 1.100158 0.140139
v -0.031796 1.095309 0.137151
v -0.027198 1.093497 0.133440
v -0.022156 1.095415 0.130423
v -0.018597 1.100330 0.129253
v -0.017879 1.106365 0.130377
v -0.025060 1.102910 0.125011
v -0.020467 1.101100 0.121293
v -0.030041 1.100970 0.128112
v -0.033508 1.096021 0.129413
v -0.034136 1.089955 0.128416
v -0.031685 1.085087 0.125502
v -0.027092 1.083277 0.121784
v -0.022110 1.085216 0.118682
v -0.018644 1.090165 0.117382
v -0.018016 1.096232 0.118379
v -0.024483 1.091708 0.113652
v -0.019904 1.089902 0.109914
v -0.029396 1.089747 0.116848
v -0.032767 1.084769 0.118281
v -0.033308 1.078675 0.117403
v -0.030813 1.073793 0.114551
v -0.026234 1.071988 0.110813
v -0.021320 1.073948 0.107618
v -0.017949 1.078926 0.106185
v -0.017408 1.085020 0.107062
v -0.015893 1.066856 0.083607
v -0.016283 1.060725 0.082931
v -0.017325 1.069998 0.094501
v -0.016871 1.076115 0.095260
v -0.019490 1.055707 0.084584
v -0.020603 1.064996 0.096059
v -0.024288 1.053717 0.087933
v -0.025453 1.063018 0.099339
v -0.028845 1.055518 0.091700
v -0.030023 1.064821 0.103090
v -0.031420 1.060419 0.094446
v -0.032567 1.069716 0.105877
v -0.031030 1.066550 0.095121
v -0.032113 1.075832 0.106636
v -0.027824 1.071569 0.093468
v -0.028836 1.080835 0.105077
v -0.023025 1.073558 0.090119
v -0.023985 1.082813 0.101797
v -0.018468 1.071757 0.086352
v -0.019416 1.081009 0.098047
v 0.014562 0.907710 -0.027714
v 0.010026 0.908348 -0.023566
v 0.005935 0.905258 -0.020115
v 0.003852 0.899618 -0.018680
v 0.004573 0.893585 -0.019809
v 0.007821 0.889462 -0.023071
v 0.012358 0.888824 -0.027220
v 0.016449 0.891914 -0.030671
v 0.018532 0.897554 -0.032105
v 0.017811 0.903587 -0.030976
v -0.021965 1.063297 0.079489
v -0.017420 1.061498 0.075707
v -0.026722 1.061299 0.082892
v -0.029872 1.056270 0.084618
v -0.030213 1.050129 0.084007
v -0.027614 1.045223 0.081292
v -0.023069 1.043425 0.077510
v -0.018312 1.045422 0.074107
v -0.015162 1.050452 0.072381
v -0.014821 1.056592 0.072992
v -0.024214 1.051658 0.070504
v -0.019694 1.049864 0.066689
v -0.028925 1.049652 0.073966
v -0.032026 1.044614 0.075754
v -0.032335 1.038468 0.075184
v -0.029733 1.033561 0.072473
v -0.025213 1.031768 0.068658
v -0.020502 1.033773 0.065196
v -0.017400 1.038811 0.063409
v -0.017092 1.044957 0.063979
v -0.026380 1.043601 0.058004
v -0.021884 1.041811 0.054160
v -0.031027 1.041586 0.061545
v -0.034050 1.036535 0.063431
v -0.034294 1.030380 0.062942
v -0.031665 1.025468 0.060264
v -0.027169 1.023679 0.056420
v -0.022522 1.025694 0.052879
v -0.019499 1.030744 0.050992
v -0.019255 1.036899 0.051482
v -0.029135 1.034128 0.046050
v -0.024668 1.032342 0.042172
v -0.033716 1.032105 0.049673
v -0.036659 1.027045 0.051656
v -0.036841 1.020881 0.051242
v -0.034193 1.015968 0.048588
v -0.029725 1.014182 0.044709
v -0.025145 1.016205 0.041087
v -0.022201 1.021265 0.039104
v -0.022019 1.027428 0.039518
v -0.030370 1.021008 0.038148
v -0.025911 1.019222 0.034259
v -0.034922 1.018981 0.041804
v -0.037828 1.013917 0.043833
v -0.037977 1.007750 0.043458
v -0.035313 1.002836 0.040822
v -0.030854 1.001050 0.036934
v -0.026302 1.003076 0.033277
v -0.023396 1.008140 0.031249
v -0.023247 1.014307 0.031624
v -0.030470 1.006490 0.031806
v -0.026026 1.004706 0.027899
v -0.035006 1.004462 0.035481
v -0.037903 0.999398 0.037520
v -0.038054 0.993231 0.037143
v -0.035401 0.988317 0.034495
v -0.030957 0.986533 0.030588
v -0.026421 0.988560 0.026913
v -0.023524 0.993625 0.024874
v -0.023373 0.999792 0.025251
v -0.028333 0.992521 0.027263
v -0.023894 0.990737 0.023351
v -0.032861 0.990492 0.030949
v -0.035745 0.985426 0.033001
v -0.035887 0.979259 0.032636
v -0.033230 0.974344 0.029992
v -0.028790 0.972561 0.026080
v -0.024263 0.974589 0.022394
v -0.021378 0.979655 0.020342
v -0.021237 0.985822 0.020707
v -0.023865 0.978987 0.020990
v -0.019433 0.977204 0.017069
v -0.028378 0.976957 0.024693
v -0.031247 0.971890 0.026765
v -0.031377 0.965721 0.026412
v -0.028718 0.960807 0.023771
v -0.024286 0.959024 0.019850
v -0.019774 0.961054 0.016147
v -0.016905 0.966121 0.014076
v -0.016774 0.972290 0.014428
v -0.015061 0.955416 0.008469
v -0.013530 0.961400 0.008674
v -0.018721 0.951103 0.010960
v -0.023112 0.950109 0.015194
v -0.026556 0.952814 0.019555
v -0.027738 0.958183 0.022377
v -0.026207 0.964167 0.022582
v -0.022548 0.968480 0.020092
v -0.018157 0.969474 0.015857
v -0.014713 0.966770 0.011496
v -0.007328 0.941990 0.003783
v -0.006320 0.948077 0.003433
v -0.010835 0.937647 0.006435
v -0.015502 0.936707 0.010377
v -0.019545 0.939530 0.014102
v -0.021421 0.945037 0.016188
v -0.020413 0.951124 0.015839
v -0.016906 0.955467 0.013186
v -0.012239 0.956407 0.009244
v -0.008196 0.953584 0.005519
v -0.010309 0.947418 0.006054
v -0.005294 0.946210 0.002651
v -0.014789 0.944845 0.009447
v -0.017020 0.939472 0.011534
v -0.016152 0.933353 0.011517
v -0.012516 0.928825 0.009403
v -0.007501 0.927616 0.006000
v -0.003021 0.930190 0.002607
v -0.000790 0.935562 0.000521
v -0.001658 0.941681 0.000538
v 0.004761 0.921624 -0.005008
v 0.005445 0.927766 -0.005130
v 0.001486 0.917007 -0.002528
v -0.003128 0.915677 0.001363
v -0.007318 0.918142 0.005179
v -0.009485 0.923461 0.007462
v -0.008800 0.929602 0.007340
v -0.005526 0.934219 0.004859
v -0.000912 0.935549 0.000968
v 0.003278 0.933084 -0.002847
v 0.001366 0.926844 -0.002448
v 0.006458 0.926209 -0.005894
v -0.002903 0.923756 0.000782
v -0.004718 0.918122 0.002563
v -0.003388 0.912097 0.002214
v 0.000581 0.907981 -0.000131
v 0.005672 0.907345 -0.003577
v 0.009941 0.910434 -0.006807
v 0.011757 0.916067 -0.008588
v 0.010426 0.922093 -0.008239
v 0.006609 0.916538 -0.011886
v 0.011199 0.915895 -0.015974
v 0.002471 0.913451 -0.008488
v 0.000368 0.907814 -0.007076
v 0.001101 0.901779 -0.008191
v 0.004392 0.897653 -0.011406
v 0.008982 0.897009 -0.015494
v 0.013120 0.900096 -0.018892
v 0.015223 0.905733 -0.020304
v 0.014490 0.911768 -0.019189
v 0.019414 0.896312 -0.043567
v 0.020131 0.890279 -0.044699
v 0.018532 0.897554 -0.032105
v 0.017811 0.903587 -0.030976
v 0.018067 0.884638 -0.043244
v 0.016449 0.891914 -0.030671
v 0.014010 0.881545 -0.039756
v 0.012358 0.888824 -0.027220
v 0.009508 0.882180 -0.035569
v 0.007821 0.889462 -0.023071
v 0.006283 0.886301 -0.032282
v 0.004573 0.893585 -0.019809
v 0.005565 0.892334 -0.031150
v 0.003852 0.899618 -0.018680
v 0.007629 0.897975 -0.032606
v 0.005935 0.905258 -0.020115
v 0.011686 0.901069 -0.036093
v 0.010026 0.908348 -0.023566
v 0.016188 0.900434 -0.040280
v 0.014562 0.907710 -0.027714
v 0.019131 0.759422 -0.219526
v 0.014638 0.760056 -0.215329
v 0.010597 0.756961 -0.211824
v 0.008552 0.751318 -0.210349
v 0.009282 0.745285 -0.211468
v 0.012510 0.741163 -0.214753
v 0.017002 0.740529 -0.218950
v 0.021043 0.743624 -0.222455
v 0.023089 0.749267 -0.223930
v 0.022359 0.755300 -0.222811
v 0.014264 0.890093 -0.045845
v 0.018747 0.889460 -0.050051
v 0.010223 0.886998 -0.042339
v 0.008169 0.881356 -0.040873
v 0.008885 0.875323 -0.042007
v 0.012098 0.871204 -0.045308
v 0.016581 0.870570 -0.049515
v 0.020622 0.873665 -0.053021
v 0.022676 0.879307 -0.054486
v 0.021960 0.885339 -0.053352
v 0.013245 0.878240 -0.057432
v 0.017715 0.877608 -0.061654
v 0.009208 0.875145 -0.053923
v 0.007144 0.869504 -0.052466
v 0.007843 0.863473 -0.053619
v 0.011037 0.859355 -0.056941
v 0.015506 0.858722 -0.061163
v 0.019544 0.861817 -0.064672
v 0.021608 0.867458 -0.066128
v 0.020909 0.873490 -0.064975
v 0.011635 0.869033 -0.069643
v 0.016103 0.868400 -0.073866
v 0.007606 0.865937 -0.066125
v 0.005556 0.860294 -0.064654
v 0.006267 0.854262 -0.065794
v 0.009468 0.850143 -0.069108
v 0.013936 0.849510 -0.073331
v 0.017965 0.852606 -0.076849
v 0.020015 0.858249 -0.078319
v 0.019304 0.864281 -0.077180
v 0.009723 0.862068 -0.083315
v 0.014183 0.861437 -0.087547
v 0.005697 0.858972 -0.079793
v 0.003644 0.853330 -0.078326
v 0.004347 0.847298 -0.079475
v 0.007537 0.843180 -0.082800
v 0.011996 0.842549 -0.087032
v 0.016022 0.845644 -0.090554
v 0.018076 0.851287 -0.092021
v 0.017373 0.857318 -0.090872
v 0.009422 0.857156 -0.097076
v 0.013876 0.856525 -0.101314
v 0.005409 0.854059 -0.093541
v 0.003371 0.848415 -0.092057
v 0.004086 0.842383 -0.093193
v 0.007280 0.838264 -0.096514
v 0.011734 0.837633 -0.100752
v 0.015747 0.840730 -0.104287
v 0.017786 0.846374 -0.105770
v 0.017071 0.852406 -0.104635
v 0.009471 0.850564 -0.112536
v 0.013925 0.849933 -0.116773
v 0.005458 0.847467 -0.109001
v 0.003420 0.841823 -0.107517
v 0.004135 0.835791 -0.108653
v 0.007329 0.831672 -0.111974
v 0.011783 0.831041 -0.116212
v 0.015796 0.834138 -0.119747
v 0.017835 0.839782 -0.121230
v 0.017120 0.845814 -0.120094
v 0.010027 0.844192 -0.126577
v 0.014481 0.843561 -0.130814
v 0.006014 0.841095 -0.123041
v 0.003976 0.835451 -0.121558
v 0.004691 0.829419 -0.122694
v 0.007885 0.825300 -0.126015
v 0.012339 0.824669 -0.130253
v 0.016352 0.827766 -0.133788
v 0.018390 0.833410 -0.135271
v 0.017676 0.839442 -0.134135
v 0.010490 0.837695 -0.140045
v 0.014946 0.837065 -0.144280
v 0.006483 0.834598 -0.136502
v 0.004457 0.828953 -0.135006
v 0.005185 0.822920 -0.136128
v 0.008388 0.818800 -0.139439
v 0.012844 0.818169 -0.143675
v 0.016851 0.821267 -0.147217
v 0.018877 0.826911 -0.148713
v 0.018149 0.832945 -0.147591
v 0.010141 0.830415 -0.153364
v 0.014598 0.829785 -0.157599
v 0.006129 0.827318 -0.149828
v 0.004094 0.821674 -0.148341
v 0.004812 0.815642 -0.149473
v 0.008011 0.811523 -0.152790
v 0.012467 0.810891 -0.157025
v 0.016480 0.813988 -0.160561
v 0.018515 0.819633 -0.162047
v 0.017796 0.825665 -0.160916
v 0.009620 0.820081 -0.167653
v 0.014085 0.819450 -0.171880
v 0.005611 0.816984 -0.164114
v 0.003591 0.811339 -0.162612
v 0.004329 0.805305 -0.163722
v 0.007545 0.801184 -0.167020
v 0.012010 0.800553 -0.171247
v 0.016019 0.803650 -0.174786
v 0.018040 0.809295 -0.176288
v 0.017301 0.815329 -0.175177
v 0.007536 0.808318 -0.179619
v 0.012007 0.807686 -0.183839
v 0.003518 0.805221 -0.176089
v 0.001488 0.799577 -0.174597
v 0.002221 0.793543 -0.175714
v 0.005437 0.789422 -0.179012
v 0.009907 0.788790 -0.183232
v 0.013925 0.791887 -0.186762
v 0.015956 0.797531 -0.188254
v 0.015223 0.803565 -0.187137
v 0.004755 0.795217 -0.187724
v 0.009234 0.794584 -0.191935
v 0.000723 0.792121 -0.184209
v -0.001320 0.786478 -0.182731
v -0.000596 0.780445 -0.183856
v 0.002620 0.776325 -0.187154
v 0.007100 0.775692 -0.191365
v 0.011131 0.778787 -0.194881
v 0.013175 0.784431 -0.196358
v 0.012450 0.790464 -0.195233
v 0.003156 0.780701 -0.194121
v 0.007654 0.780067 -0.198312
v -0.000888 0.777607 -0.190620
v -0.002934 0.771964 -0.189145
v -0.002200 0.765930 -0.190260
v 0.001033 0.761808 -0.193540
v 0.005530 0.761174 -0.197731
v 0.009575 0.764269 -0.201233
v 0.011621 0.769911 -0.202707
v 0.010887 0.775945 -0.201592
v 0.008547 0.770208 -0.204891
v 0.013054 0.769574 -0.209072
v 0.004490 0.767115 -0.201403
v 0.002435 0.761473 -0.199938
v 0.003164 0.755439 -0.201059
v 0.006400 0.751317 -0.204334
v 0.010907 0.750682 -0.208516
v 0.014964 0.753776 -0.212004
v 0.017020 0.759418 -0.213467
v 0.016291 0.765451 -0.212347
v 0.026014 0.742030 -0.229643
v 0.026718 0.735999 -0.230791
v 0.023089 0.749267 -0.223930
v 0.022359 0.755300 -0.222811
v 0.024657 0.730357 -0.229332
v 0.021043 0.743624 -0.222455
v 0.020621 0.727262 -0.225822
v 0.017002 0.740529 -0.218950
v 0.016150 0.727894 -0.221602
v 0.012510 0.741163 -0.214753
v 0.012952 0.732013 -0.218284
v 0.009282 0.745285 -0.211468
v 0.012249 0.738044 -0.217136
v 0.008552 0.751318 -0.210349
v 0.014309 0.743686 -0.218596
v 0.010597 0.756961 -0.211824
v 0.018345 0.746781 -0.222106
v 0.014638 0.760056 -0.215329
v 0.022816 0.746149 -0.226325
v 0.019131 0.759422 -0.219526
v -0.084347 0.620803 -0.350829
v -0.087909 0.621302 -0.345802
v -0.091423 0.618129 -0.341829
v -0.093547 0.612497 -0.340428
v -0.093470 0.606558 -0.342133
v -0.091221 0.602578 -0.346292
v -0.087660 0.602079 -0.351319
v -0.084145 0.605252 -0.355291
v -0.082021 0.610885 -0.356693
v -0.082098 0.616824 -0.354988
v 0.018308 0.734512 -0.231661
v 0.022743 0.733883 -0.235920
v 0.014284 0.731415 -0.228138
v 0.012210 0.725775 -0.226694
v 0.012876 0.719747 -0.227882
v 0.016028 0.715632 -0.231248
v 0.020462 0.715004 -0.235507
v 0.024486 0.718100 -0.239030
v 0.026561 0.723741 -0.240473
v 0.025895 0.729768 -0.239285
v 0.014181 0.724940 -0.242254
v 0.018542 0.724319 -0.246589
v 0.010184 0.721840 -0.238703
v 0.008077 0.716203 -0.237292
v 0.008666 0.710184 -0.238560
v 0.011725 0.706079 -0.242023
v 0.016086 0.705458 -0.246358
v 0.020084 0.708557 -0.249909
v 0.022190 0.714195 -0.251320
v 0.021602 0.720214 -0.250052
v 0.010238 0.719421 -0.256156
v 0.014517 0.718810 -0.260574
v 0.006289 0.716315 -0.252557
v 0.004177 0.710679 -0.251151
v 0.004710 0.704667 -0.252476
v 0.007683 0.700573 -0.256025
v 0.011961 0.699962 -0.260443
v 0.015911 0.703067 -0.264042
v 0.018023 0.708704 -0.265447
v 0.017490 0.714716 -0.264122
v 0.004997 0.713826 -0.268738
v 0.009201 0.713226 -0.273227
v 0.001087 0.710716 -0.265100
v -0.001034 0.705080 -0.263703
v -0.000556 0.699076 -0.265081
v 0.002337 0.694992 -0.268707
v 0.006542 0.694391 -0.273197
v 0.010451 0.697502 -0.276835
v 0.012573 0.703137 -0.278231
v 0.012095 0.709142 -0.276853
v 0.000232 0.703315 -0.277974
v 0.004357 0.702726 -0.282539
v -0.003618 0.700196 -0.274280
v -0.005720 0.694558 -0.272866
v -0.005273 0.688558 -0.274273
v -0.002448 0.684484 -0.277963
v 0.001677 0.683894 -0.282528
v 0.005526 0.687013 -0.286222
v 0.007629 0.692651 -0.287636
v 0.007182 0.698652 -0.286229
v -0.002656 0.693042 -0.288944
v 0.001397 0.692463 -0.293574
v -0.006453 0.689916 -0.285203
v -0.008543 0.684276 -0.283777
v -0.008128 0.678280 -0.285213
v -0.005366 0.674215 -0.288961
v -0.001313 0.673636 -0.293590
v 0.002484 0.676762 -0.297332
v 0.004574 0.682402 -0.298757
v 0.004159 0.688398 -0.297322
v -0.006141 0.683833 -0.299791
v -0.002157 0.683264 -0.304483
v -0.009880 0.680699 -0.295999
v -0.011947 0.675055 -0.294553
v -0.011552 0.669063 -0.296007
v -0.008847 0.665006 -0.299805
v -0.004864 0.664437 -0.304496
v -0.001124 0.667571 -0.308289
v 0.000943 0.673215 -0.309734
v 0.000548 0.679207 -0.308280
v -0.010500 0.672681 -0.309646
v -0.006585 0.672122 -0.314395
v -0.014201 0.669541 -0.305820
v -0.016272 0.663898 -0.304378
v -0.015923 0.657912 -0.305871
v -0.013288 0.653866 -0.309729
v -0.009373 0.653307 -0.314478
v -0.005672 0.656447 -0.318304
v -0.003601 0.662090 -0.319746
v -0.003949 0.668076 -0.318253
v -0.015932 0.661462 -0.319402
v -0.012079 0.660912 -0.324202
v -0.019589 0.658315 -0.315539
v -0.021651 0.652671 -0.314089
v -0.021331 0.646689 -0.315606
v -0.018752 0.642652 -0.319511
v -0.014898 0.642102 -0.324311
v -0.011242 0.645249 -0.328174
v -0.009180 0.650893 -0.329623
v -0.009499 0.656874 -0.328106
v -0.024338 0.652116 -0.328499
v -0.020558 0.651579 -0.333359
v -0.027954 0.648963 -0.324604
v -0.030025 0.643320 -0.323161
v -0.029760 0.637348 -0.324723
v -0.027261 0.633323 -0.328692
v -0.023482 0.632785 -0.333553
v -0.019866 0.635938 -0.337448
v -0.017794 0.641581 -0.338890
v -0.018059 0.647553 -0.337328
v -0.034437 0.643831 -0.336085
v -0.030724 0.643305 -0.340997
v -0.038026 0.640673 -0.332168
v -0.040119 0.635035 -0.330744
v -0.039918 0.629073 -0.332355
v -0.037499 0.625061 -0.336387
v -0.033786 0.624535 -0.341299
v -0.030197 0.627693 -0.345216
v -0.028103 0.633332 -0.346640
v -0.028304 0.639293 -0.345029
v -0.047331 0.637980 -0.343177
v -0.043686 0.637466 -0.348142
v -0.050888 0.634816 -0.339236
v -0.052997 0.629180 -0.337823
v -0.052854 0.623229 -0.339479
v -0.050512 0.619231 -0.343570
v -0.046867 0.618717 -0.348535
v -0.043311 0.621881 -0.352476
v -0.041201 0.627517 -0.353888
v -0.041345 0.633468 -0.352233
v -0.060232 0.632272 -0.347647
v -0.056640 0.631768 -0.352652
v -0.063761 0.629103 -0.343685
v -0.065878 0.623468 -0.342279
v -0.065775 0.617525 -0.343965
v -0.063492 0.613538 -0.348099
v -0.059901 0.613034 -0.353104
v -0.056372 0.616203 -0.357066
v -0.054255 0.621838 -0.358472
v -0.054357 0.627782 -0.356786
v -0.074209 0.626804 -0.349886
v -0.070638 0.626304 -0.354905
v -0.077739 0.623635 -0.345925
v -0.079879 0.618005 -0.344534
v -0.079812 0.612068 -0.346247
v -0.077563 0.608089 -0.350406
v -0.073992 0.607588 -0.355426
v -0.070462 0.610757 -0.359387
v -0.068322 0.616387 -0.360777
v -0.068390 0.622324 -0.359065
v -0.094681 0.615337 -0.347661
v -0.094651 0.609408 -0.349400
v -0.082021 0.610885 -0.356693
v -0.082098 0.616824 -0.354988
v -0.096828 0.603786 -0.348037
v -0.084145 0.605252 -0.355291
v -0.100380 0.600621 -0.344092
v -0.087660 0.602079 -0.351319
v -0.103950 0.601121 -0.339072
v -0.091221 0.602578 -0.346292
v -0.106175 0.605096 -0.334895
v -0.093470 0.606558 -0.342133
v -0.106205 0.611025 -0.333156
v -0.093547 0.612497 -0.340428
v -0.104029 0.616648 -0.334519
v -0.091423 0.618129 -0.341829
v -0.100477 0.619812 -0.338464
v -0.087909 0.621302 -0.345802
v -0.096906 0.619312 -0.343484
v -0.084347 0.620803 -0.350829
v -0.081013 0.498958 -0.218865
v -0.075614 0.500577 -0.221401
v -0.071647 0.499292 -0.225962
v -0.070626 0.495591 -0.230806
v -0.072942 0.490891 -0.234082
v -0.077709 0.486985 -0.234540
v -0.083108 0.485365 -0.232004
v -0.087075 0.486651 -0.227444
v -0.088096 0.490352 -0.222599
v -0.085780 0.495052 -0.219323
v -0.112485 0.620060 -0.329592
v -0.108909 0.619559 -0.334608
v -0.116074 0.616903 -0.325674
v -0.118304 0.611293 -0.324350
v -0.118325 0.605375 -0.326127
v -0.116128 0.601406 -0.330324
v -0.112552 0.600904 -0.335340
v -0.108963 0.604061 -0.339258
v -0.106733 0.609672 -0.340582
v -0.106712 0.615590 -0.338806
v -0.119446 0.618241 -0.322220
v -0.123867 0.615649 -0.318766
v -0.115214 0.617128 -0.326584
v -0.112788 0.612735 -0.330193
v -0.113095 0.606742 -0.331665
v -0.116017 0.601435 -0.330441
v -0.120439 0.598843 -0.326987
v -0.124671 0.599956 -0.322623
v -0.127097 0.604349 -0.319015
v -0.126789 0.610342 -0.317542
v -0.126386 0.615839 -0.308651
v -0.130145 0.613064 -0.304605
v -0.122842 0.614917 -0.313629
v -0.120867 0.610648 -0.317639
v -0.121214 0.604666 -0.319148
v -0.123751 0.599252 -0.317580
v -0.127509 0.596477 -0.313534
v -0.131053 0.597399 -0.308556
v -0.133029 0.601668 -0.304546
v -0.132682 0.607650 -0.303038
v -0.133176 0.616023 -0.295523
v -0.137021 0.613271 -0.291543
v -0.129639 0.615103 -0.300507
v -0.127762 0.610861 -0.304592
v -0.128262 0.604919 -0.306216
v -0.130946 0.599546 -0.304761
v -0.134791 0.596794 -0.300781
v -0.138328 0.597715 -0.295797
v -0.140205 0.601957 -0.291712
v -0.139706 0.607898 -0.290088
v -0.137916 0.618797 -0.280722
v -0.142159 0.616199 -0.277056
v -0.134337 0.617860 -0.285673
v -0.132791 0.613746 -0.290019
v -0.133867 0.608028 -0.292098
v -0.137155 0.602887 -0.291118
v -0.141398 0.600289 -0.287452
v -0.144977 0.601225 -0.282501
v -0.146523 0.605340 -0.278156
v -0.145447 0.611058 -0.276077
v -0.133794 0.609364 -0.267713
v -0.138380 0.606960 -0.264338
v -0.130124 0.608375 -0.272586
v -0.128772 0.604372 -0.277097
v -0.130254 0.598884 -0.279521
v -0.134004 0.594006 -0.278933
v -0.138590 0.591603 -0.275558
v -0.142260 0.592592 -0.270685
v -0.143612 0.596595 -0.266174
v -0.142130 0.602083 -0.263750
v -0.127161 0.599102 -0.256419
v -0.131969 0.596860 -0.253248
v -0.123408 0.598054 -0.261216
v -0.122144 0.594114 -0.265808
v -0.123852 0.588790 -0.268439
v -0.127878 0.584113 -0.268106
v -0.132686 0.581870 -0.264936
v -0.136439 0.582919 -0.260139
v -0.137702 0.586859 -0.255547
v -0.135995 0.592183 -0.252916
v -0.117174 0.590929 -0.247120
v -0.122152 0.588831 -0.244116
v -0.113364 0.589831 -0.251861
v -0.112178 0.585958 -0.256529
v -0.114067 0.580789 -0.259340
v -0.118311 0.576297 -0.259221
v -0.123288 0.574200 -0.256217
v -0.127098 0.575297 -0.251476
v -0.128285 0.579171 -0.246808
v -0.126396 0.584340 -0.243998
v -0.107215 0.582055 -0.240270
v -0.112311 0.580072 -0.237389
v -0.103371 0.580925 -0.244976
v -0.102248 0.577113 -0.249709
v -0.104274 0.572076 -0.252661
v -0.108675 0.567738 -0.252706
v -0.113771 0.565755 -0.249825
v -0.117615 0.566885 -0.245120
v -0.118738 0.570697 -0.240386
v -0.116712 0.575733 -0.237434
v -0.099379 0.568672 -0.238585
v -0.104563 0.566785 -0.235800
v -0.095525 0.567531 -0.243280
v -0.094476 0.563798 -0.248093
v -0.096630 0.558900 -0.251184
v -0.101165 0.554705 -0.251373
v -0.106349 0.552818 -0.248588
v -0.110203 0.553958 -0.243893
v -0.111253 0.557692 -0.239080
v -0.109099 0.562590 -0.235989
v -0.094172 0.554431 -0.238614
v -0.099408 0.552602 -0.235886
v -0.090304 0.553273 -0.243293
v -0.089281 0.549571 -0.248136
v -0.091494 0.544741 -0.251291
v -0.096097 0.540625 -0.251556
v -0.101332 0.538796 -0.248827
v -0.105200 0.539954 -0.244148
v -0.106223 0.543656 -0.239305
v -0.104011 0.548486 -0.236150
v -0.086822 0.541930 -0.235077
v -0.092094 0.540146 -0.232390
v -0.082932 0.540746 -0.239732
v -0.081911 0.537046 -0.244576
v -0.084147 0.532244 -0.247758
v -0.088787 0.528173 -0.248065
v -0.094059 0.526389 -0.245377
v -0.097949 0.527573 -0.240723
v -0.098970 0.531273 -0.235879
v -0.096734 0.536075 -0.232696
v -0.082589 0.527687 -0.231938
v -0.087910 0.525965 -0.229309
v -0.078673 0.526471 -0.236563
v -0.077660 0.522782 -0.241417
v -0.079935 0.518028 -0.244645
v -0.084630 0.514026 -0.245015
v -0.089952 0.512305 -0.242386
v -0.093867 0.513520 -0.237762
v -0.094880 0.517211 -0.232907
v -0.092605 0.521963 -0.229680
v -0.081273 0.513622 -0.226274
v -0.086641 0.511961 -0.223700
v -0.077339 0.512383 -0.230877
v -0.076343 0.508715 -0.235751
v -0.078664 0.504021 -0.239033
v -0.083415 0.500093 -0.239471
v -0.088782 0.498432 -0.236897
v -0.092716 0.499672 -0.232295
v -0.093713 0.503340 -0.227420
v -0.091392 0.508033 -0.224138
v -0.083752 0.482191 -0.213047
v -0.086062 0.477485 -0.216317
v -0.088096 0.490352 -0.222599
v -0.085780 0.495052 -0.219323
v -0.085016 0.473749 -0.221129
v -0.087075 0.486651 -0.227444
v -0.081012 0.472413 -0.225643
v -0.083108 0.485365 -0.232004
v -0.075580 0.473986 -0.228136
v -0.077709 0.486985 -0.234540
v -0.070795 0.477867 -0.227655
v -0.072942 0.490891 -0.234082
v -0.068484 0.482574 -0.224385
v -0.070626 0.495591 -0.230806
v -0.069529 0.486310 -0.219573
v -0.071647 0.499292 -0.225962
v -0.073534 0.487645 -0.215059
v -0.075614 0.500577 -0.221401
v -0.078966 0.486073 -0.212566
v -0.081013 0.498958 -0.218865
v -0.007899 0.287397 -0.148591
v -0.002091 0.288374 -0.150464
v 0.002365 0.286317 -0.154220
v 0.003766 0.282009 -0.158424
v 0.001578 0.277097 -0.161470
v -0.003363 0.273456 -0.162195
v -0.009171 0.272478 -0.160321
v -0.013627 0.274535 -0.156566
v -0.015028 0.278844 -0.152361
v -0.012841 0.283755 -0.149316
v -0.071296 0.474436 -0.208934
v -0.076768 0.472919 -0.206494
v -0.067260 0.473055 -0.213406
v -0.066202 0.469302 -0.218203
v -0.068526 0.464614 -0.221489
v -0.073344 0.460778 -0.222013
v -0.078816 0.459262 -0.219573
v -0.082852 0.460642 -0.215101
v -0.083909 0.464395 -0.210305
v -0.081586 0.469084 -0.207018
v -0.069078 0.459678 -0.205897
v -0.074561 0.458179 -0.203473
v -0.065014 0.458258 -0.210332
v -0.063924 0.454459 -0.215085
v -0.066224 0.449735 -0.218338
v -0.071034 0.445889 -0.218851
v -0.076518 0.444390 -0.216427
v -0.080581 0.445810 -0.211992
v -0.081671 0.449609 -0.207240
v -0.079372 0.454332 -0.203986
v -0.062586 0.446861 -0.200424
v -0.068102 0.445409 -0.198046
v -0.058482 0.445383 -0.204802
v -0.057359 0.441537 -0.209509
v -0.059645 0.436794 -0.212744
v -0.064467 0.432965 -0.213274
v -0.069984 0.431513 -0.210896
v -0.074087 0.432991 -0.206518
v -0.075210 0.436838 -0.201811
v -0.072924 0.441580 -0.198576
v -0.057616 0.434145 -0.194608
v -0.063167 0.432743 -0.192279
v -0.053482 0.432621 -0.198941
v -0.052344 0.428752 -0.203626
v -0.054636 0.424019 -0.206869
v -0.059483 0.420226 -0.207436
v -0.065034 0.418824 -0.205107
v -0.069168 0.420348 -0.200774
v -0.070306 0.424217 -0.196089
v -0.068014 0.428951 -0.192846
v -0.054162 0.419198 -0.190105
v -0.059744 0.417844 -0.187824
v -0.050000 0.417633 -0.194398
v -0.048849 0.413744 -0.199062
v -0.051147 0.409019 -0.202315
v -0.056017 0.405261 -0.202915
v -0.061599 0.403907 -0.200634
v -0.065760 0.405472 -0.196342
v -0.066912 0.409362 -0.191677
v -0.064614 0.414086 -0.188425
v -0.052280 0.403513 -0.188453
v -0.057887 0.402198 -0.186210
v -0.048093 0.401909 -0.192707
v -0.046927 0.397996 -0.197347
v -0.049225 0.393270 -0.200599
v -0.054110 0.389536 -0.201223
v -0.059716 0.388221 -0.198980
v -0.063903 0.389825 -0.194727
v -0.065070 0.393739 -0.190087
v -0.062772 0.398464 -0.186835
v -0.049721 0.388904 -0.183953
v -0.055347 0.387618 -0.181741
v -0.045499 0.387244 -0.188150
v -0.044294 0.383270 -0.192728
v -0.046565 0.378503 -0.195938
v -0.051445 0.374761 -0.196554
v -0.057070 0.373475 -0.194341
v -0.061292 0.375134 -0.190145
v -0.062498 0.379109 -0.185566
v -0.060227 0.383876 -0.182357
v -0.045166 0.377024 -0.175613
v -0.050823 0.375788 -0.173452
v -0.040905 0.375303 -0.179746
v -0.039669 0.371280 -0.184273
v -0.041929 0.366495 -0.187464
v -0.046822 0.362772 -0.188101
v -0.052478 0.361537 -0.185940
v -0.056739 0.363257 -0.181808
v -0.057975 0.367280 -0.177280
v -0.055715 0.372065 -0.174090
v -0.041852 0.362544 -0.170906
v -0.047536 0.361351 -0.168791
v -0.037561 0.360774 -0.174986
v -0.036303 0.356714 -0.179474
v -0.038556 0.351919 -0.182654
v -0.043461 0.348217 -0.183313
v -0.049145 0.347025 -0.181198
v -0.053436 0.348795 -0.177119
v -0.054694 0.352854 -0.172630
v -0.052441 0.357649 -0.169450
v -0.039361 0.348423 -0.167956
v -0.045066 0.347266 -0.165880
v -0.035050 0.346619 -0.172000
v -0.033780 0.342541 -0.176468
v -0.036035 0.337748 -0.179650
v -0.040954 0.334070 -0.180335
v -0.046659 0.332913 -0.178258
v -0.050970 0.334716 -0.174215
v -0.052241 0.338795 -0.169747
v -0.049986 0.343587 -0.166564
v -0.035849 0.334328 -0.164778
v -0.041577 0.333210 -0.162744
v -0.031506 0.332471 -0.168763
v -0.030208 0.328344 -0.173178
v -0.032449 0.323528 -0.176335
v -0.037374 0.319860 -0.177030
v -0.043102 0.318741 -0.174996
v -0.047445 0.320599 -0.171011
v -0.048743 0.324726 -0.166596
v -0.046503 0.329541 -0.163439
v -0.030954 0.320845 -0.159924
v -0.036709 0.319773 -0.157943
v -0.026583 0.318940 -0.163856
v -0.025266 0.314783 -0.168237
v -0.027506 0.309964 -0.171391
v -0.032447 0.306323 -0.172116
v -0.038202 0.305251 -0.170134
v -0.042573 0.307156 -0.166203
v -0.043890 0.311314 -0.161822
v -0.041650 0.316132 -0.158668
v -0.022835 0.309338 -0.154678
v -0.028612 0.308306 -0.152742
v -0.018436 0.307385 -0.158556
v -0.017098 0.303189 -0.162893
v -0.019330 0.298357 -0.166031
v -0.024280 0.294731 -0.166775
v -0.030057 0.293699 -0.164838
v -0.034455 0.295652 -0.160961
v -0.035794 0.299849 -0.156624
v -0.033562 0.304680 -0.153485
v -0.011286 0.300406 -0.150699
v -0.017080 0.299403 -0.148797
v -0.006861 0.298405 -0.154521
v -0.005496 0.294161 -0.158804
v -0.007712 0.289300 -0.161908
v -0.012662 0.285674 -0.162652
v -0.018456 0.284672 -0.160749
v -0.022881 0.286673 -0.156927
v -0.024246 0.290917 -0.152645
v -0.022030 0.295778 -0.149540
v -0.003666 0.272144 -0.149737
v -0.005842 0.267211 -0.152756
v -0.015028 0.278844 -0.152361
v -0.012841 0.283755 -0.149316
v -0.004412 0.262851 -0.156898
v -0.013627 0.274535 -0.156566
v 0.000077 0.260735 -0.160580
v -0.009171 0.272478 -0.160321
v 0.005910 0.261665 -0.162396
v -0.003363 0.273456 -0.162195
v 0.010860 0.265291 -0.161652
v 0.001578 0.277097 -0.161470
v 0.013036 0.270224 -0.158634
v 0.003766 0.282009 -0.158424
v 0.011607 0.274583 -0.154491
v 0.002365 0.286317 -0.154220
v 0.007117 0.276700 -0.150809
v -0.002091 0.288374 -0.150464
v 0.001284 0.275769 -0.148993
v -0.007899 0.287397 -0.148591
v 0.035701 0.052419 -0.182268
v 0.041815 0.052544 -0.183159
v 0.046469 0.049931 -0.186276
v 0.047882 0.045578 -0.190430
v 0.045517 0.041148 -0.194031
v 0.040276 0.038333 -0.195707
v 0.034162 0.038209 -0.194816
v 0.029509 0.040821 -0.191699
v 0.028095 0.045175 -0.187546
v 0.030460 0.049604 -0.183944
v 0.013411 0.263128 -0.155008
v 0.007547 0.262255 -0.153264
v 0.017916 0.260982 -0.158655
v 0.019339 0.256635 -0.162812
v 0.017138 0.251749 -0.165889
v 0.012153 0.248189 -0.166714
v 0.006289 0.247317 -0.164969
v 0.001784 0.249463 -0.161323
v 0.000361 0.253811 -0.157166
v 0.002562 0.258696 -0.154088
v 0.018610 0.250529 -0.160674
v 0.012714 0.249720 -0.159006
v 0.023129 0.248353 -0.164283
v 0.024545 0.244020 -0.168457
v 0.022318 0.239187 -0.171599
v 0.017298 0.235699 -0.172511
v 0.011402 0.234890 -0.170843
v 0.006883 0.237066 -0.167234
v 0.005467 0.241400 -0.163059
v 0.007694 0.246232 -0.159918
v 0.019803 0.235858 -0.165647
v 0.013877 0.235116 -0.164059
v 0.024336 0.233654 -0.169224
v 0.025742 0.229343 -0.173425
v 0.023485 0.224574 -0.176642
v 0.018428 0.221167 -0.177650
v 0.012501 0.220425 -0.176062
v 0.007969 0.222629 -0.172485
v 0.006563 0.226940 -0.168285
v 0.008819 0.231709 -0.165067
v 0.022848 0.221102 -0.168986
v 0.016893 0.220426 -0.167476
v 0.027394 0.218864 -0.172523
v 0.028795 0.214565 -0.176738
v 0.026516 0.209850 -0.180018
v 0.021427 0.206517 -0.181112
v 0.015473 0.205842 -0.179602
v 0.010926 0.208079 -0.176064
v 0.009525 0.212379 -0.171850
v 0.011804 0.217094 -0.168570
v 0.024911 0.207546 -0.174479
v 0.018936 0.206923 -0.173029
v 0.029464 0.205292 -0.177999
v 0.030854 0.201021 -0.182245
v 0.028551 0.196367 -0.185594
v 0.023434 0.193105 -0.186769
v 0.017459 0.192482 -0.185319
v 0.012906 0.194735 -0.181800
v 0.011516 0.199007 -0.177553
v 0.013819 0.203661 -0.174204
v 0.026583 0.192905 -0.180348
v 0.020588 0.192338 -0.178960
v 0.031151 0.190611 -0.183822
v 0.032545 0.186329 -0.188056
v 0.030233 0.181698 -0.191431
v 0.025099 0.178483 -0.192660
v 0.019104 0.177916 -0.191272
v 0.014536 0.180210 -0.187799
v 0.013142 0.184492 -0.183564
v 0.015453 0.189124 -0.180189
v 0.027929 0.177623 -0.183370
v 0.021916 0.177105 -0.182039
v 0.032510 0.175292 -0.186803
v 0.033907 0.171000 -0.191025
v 0.031588 0.166389 -0.194424
v 0.026440 0.163218 -0.195701
v 0.020427 0.162700 -0.194369
v 0.015847 0.165030 -0.190937
v 0.014449 0.169323 -0.186714
v 0.016767 0.173934 -0.183316
v 0.029562 0.161286 -0.184526
v 0.023528 0.160831 -0.183266
v 0.034155 0.158914 -0.187912
v 0.035554 0.154618 -0.192131
v 0.033224 0.150043 -0.195570
v 0.028055 0.146933 -0.196917
v 0.022022 0.146479 -0.195656
v 0.017428 0.148850 -0.192270
v 0.016030 0.153147 -0.188051
v 0.018359 0.157721 -0.184613
v 0.030839 0.145170 -0.186498
v 0.024794 0.144753 -0.185280
v 0.035442 0.142766 -0.189849
v 0.036845 0.138457 -0.194052
v 0.034511 0.133892 -0.197502
v 0.029334 0.130812 -0.198882
v 0.023289 0.130395 -0.197664
v 0.018686 0.132798 -0.194313
v 0.017284 0.137108 -0.190109
v 0.019616 0.141673 -0.186660
v 0.032450 0.130231 -0.188254
v 0.026392 0.129860 -0.187086
v 0.037062 0.127798 -0.191570
v 0.038465 0.123486 -0.195771
v 0.036125 0.118945 -0.199249
v 0.030935 0.115908 -0.200677
v 0.024877 0.115537 -0.199510
v 0.020265 0.117970 -0.196193
v 0.018862 0.122283 -0.191993
v 0.021202 0.126823 -0.188515
v 0.033813 0.115358 -0.188423
v 0.027741 0.115042 -0.187317
v 0.038435 0.112887 -0.191697
v 0.039840 0.108570 -0.195891
v 0.037492 0.104058 -0.199401
v 0.032288 0.101072 -0.200887
v 0.026216 0.100756 -0.199781
v 0.021594 0.103227 -0.196507
v 0.020189 0.107545 -0.192312
v 0.022537 0.112057 -0.188803
v 0.035666 0.098893 -0.189106
v 0.029585 0.098610 -0.188038
v 0.040296 0.096387 -0.192343
v 0.041707 0.092047 -0.196512
v 0.039359 0.087533 -0.200019
v 0.034151 0.084567 -0.201527
v 0.028070 0.084284 -0.200458
v 0.023440 0.086790 -0.197222
v 0.022029 0.091130 -0.193053
v 0.024376 0.095644 -0.189546
v 0.037927 0.084214 -0.188066
v 0.031830 0.084002 -0.187078
v 0.042568 0.081662 -0.191251
v 0.043980 0.077318 -0.195415
v 0.041623 0.072844 -0.198967
v 0.036399 0.069947 -0.200552
v 0.030302 0.069735 -0.199563
v 0.025661 0.072287 -0.196379
v 0.024249 0.076631 -0.192214
v 0.026606 0.081105 -0.188663
v 0.040337 0.069870 -0.186797
v 0.034234 0.069690 -0.185844
v 0.044985 0.067288 -0.189948
v 0.046399 0.062930 -0.194096
v 0.044042 0.058461 -0.197654
v 0.038812 0.055587 -0.199265
v 0.032709 0.055408 -0.198312
v 0.028061 0.057989 -0.195161
v 0.026647 0.062349 -0.191013
v 0.029004 0.066817 -0.187456
v 0.030318 0.033523 -0.183453
v 0.027957 0.029069 -0.187026
v 0.028095 0.045175 -0.187546
v 0.030460 0.049604 -0.183944
v 0.029378 0.024679 -0.191139
v 0.029509 0.040821 -0.191699
v 0.034037 0.022033 -0.194218
v 0.034162 0.038209 -0.194816
v 0.040154 0.022139 -0.195089
v 0.040276 0.038333 -0.195707
v 0.045394 0.024959 -0.193418
v 0.045517 0.041148 -0.194031
v 0.047755 0.029414 -0.189845
v 0.047882 0.045578 -0.190430
v 0.046335 0.033803 -0.185732
v 0.046469 0.049931 -0.186276
v 0.041675 0.036449 -0.182652
v 0.041815 0.052544 -0.183159
v 0.035558 0.036343 -0.181782
v 0.035701 0.052419 -0.182268
v 0.106356 -0.062652 -0.122071
v 0.112474 -0.062548 -0.122938
v 0.117126 -0.065157 -0.126060
v 0.118534 -0.069482 -0.130245
v 0.116162 -0.073871 -0.133892
v 0.110914 -0.076647 -0.135611
v 0.104796 -0.076750 -0.134743
v 0.100144 -0.074142 -0.131621
v 0.098735 -0.069816 -0.127436
v 0.101108 -0.065428 -0.123789
v 0.043727 0.020035 -0.179593
v 0.037599 0.019989 -0.178791
v 0.048395 0.017337 -0.182614
v 0.049819 0.012925 -0.186702
v 0.047456 0.008485 -0.190293
v 0.042208 0.005713 -0.192017
v 0.036080 0.005668 -0.191215
v 0.031412 0.008365 -0.188194
v 0.029989 0.012778 -0.184107
v 0.032351 0.017217 -0.180516
v 0.047644 0.003856 -0.179455
v 0.041514 0.003821 -0.178665
v 0.052314 0.001144 -0.182460
v 0.053739 -0.003281 -0.186533
v 0.051377 -0.007726 -0.190117
v 0.046129 -0.010496 -0.191845
v 0.040000 -0.010531 -0.191055
v 0.035330 -0.007820 -0.188050
v 0.033904 -0.003394 -0.183976
v 0.036266 0.001051 -0.180393
v 0.052316 -0.010311 -0.179296
v 0.046185 -0.010339 -0.178513
v 0.056988 -0.013034 -0.182288
v 0.058415 -0.017471 -0.186346
v 0.056054 -0.021926 -0.189920
v 0.050807 -0.024698 -0.191645
v 0.044676 -0.024727 -0.190862
v 0.040005 -0.022004 -0.187870
v 0.038577 -0.017566 -0.183811
v 0.040937 -0.013111 -0.180238
v 0.059296 -0.022762 -0.176132
v 0.053160 -0.022752 -0.175393
v 0.063971 -0.025507 -0.179099
v 0.065398 -0.029940 -0.183163
v 0.063033 -0.034366 -0.186769
v 0.057779 -0.037097 -0.188542
v 0.051643 -0.037086 -0.187803
v 0.046969 -0.034342 -0.184836
v 0.045541 -0.029908 -0.180772
v 0.047906 -0.025482 -0.177166
v 0.066837 -0.035399 -0.171018
v 0.060699 -0.035377 -0.170293
v 0.071516 -0.038172 -0.173953
v 0.072947 -0.042637 -0.177980
v 0.070585 -0.047089 -0.181557
v 0.065333 -0.049827 -0.183321
v 0.059195 -0.049804 -0.182597
v 0.054517 -0.047032 -0.179661
v 0.053085 -0.042566 -0.175635
v 0.055446 -0.038115 -0.172057
v 0.072752 -0.046936 -0.164347
v 0.066610 -0.046882 -0.163659
v 0.077434 -0.049736 -0.167251
v 0.078867 -0.054214 -0.171263
v 0.076505 -0.058658 -0.174849
v 0.071249 -0.061371 -0.176641
v 0.065107 -0.061317 -0.175953
v 0.060425 -0.058517 -0.173050
v 0.058992 -0.054039 -0.169038
v 0.061354 -0.049596 -0.165452
v 0.082166 -0.058550 -0.153965
v 0.076025 -0.058498 -0.153274
v 0.086851 -0.061372 -0.156841
v 0.088289 -0.065890 -0.160807
v 0.085931 -0.070376 -0.164344
v 0.080679 -0.073117 -0.166104
v 0.074538 -0.073065 -0.165414
v 0.069853 -0.070242 -0.162537
v 0.068415 -0.065724 -0.158572
v 0.070772 -0.061239 -0.155035
v 0.093012 -0.065428 -0.144538
v 0.086870 -0.065375 -0.143850
v 0.097698 -0.068261 -0.147403
v 0.099138 -0.072793 -0.151352
v 0.096782 -0.077291 -0.154875
v 0.091530 -0.080038 -0.156628
v 0.085389 -0.079984 -0.155940
v 0.080703 -0.077152 -0.153075
v 0.079263 -0.072619 -0.149125
v 0.081618 -0.068122 -0.145603
v 0.104143 -0.066169 -0.134775
v 0.098009 -0.066176 -0.134016
v 0.108819 -0.068928 -0.137728
v 0.110250 -0.073399 -0.141748
v 0.107891 -0.077874 -0.145298
v 0.102643 -0.080644 -0.147024
v 0.096509 -0.080650 -0.146265
v 0.091833 -0.077892 -0.143312
v 0.090402 -0.073420 -0.139292
v 0.092760 -0.068946 -0.135742
vn 0.8710 0.0861 -0.4838
vn 0.8695 0.0863 -0.4863
vn 0.8716 0.0860 -0.4826
vn 0.4431 -0.1402 -0.8854
vn 0.4423 -0.1401 -0.8859
vn 0.4435 -0.1402 -0.8853
vn -0.1709 -0.3165 -0.9331
vn -0.1697 -0.3168 -0.9332
vn -0.1714 -0.3164 -0.9330
vn -0.6998 -0.3660 -0.6134
vn -0.6995 -0.3662 -0.6137
vn -0.7000 -0.3659 -0.6133
vn -0.9568 -0.2792 -0.0817
vn -0.9568 -0.2795 -0.0797
vn -0.9569 -0.2796 -0.0787
vn -0.8704 -0.0894 0.4841
vn -0.8690 -0.0896 0.4866
vn -0.8683 -0.0896 0.4878
vn -0.4431 0.1406 0.8854
vn -0.4423 0.1405 0.8858
vn -0.4420 0.1405 0.8860
vn 0.1709 0.3136 0.9341
vn 0.1697 0.3138 0.9342
vn 0.1692 0.3140 0.9342
vn 0.7011 0.3580 0.6166
vn 0.7008 0.3582 0.6169
vn 0.7006 0.3583 0.6170
vn 0.9589 0.2710 0.0838
vn 0.9590 0.2712 0.0819
vn 0.9589 0.2708 0.0847
vn -0.0311 -0.9785 0.2039
vn -0.0310 -0.9785 0.2039
vn -0.5937 0.1423 -0.7920
vn -0.5938 0.1424 -0.7920
vn -0.5937 0.1424 -0.7920
vn 0.7155 0.1999 0.6694
vn 0.7156 0.1998 0.6693
vn 0.7157 0.1998 0.6693
vn 0.1694 0.2246 0.9596
vn -0.4415 0.1626 0.8824
vn -0.4421 0.1627 0.8821
vn -0.4423 0.1628 0.8820
vn -0.8827 0.0380 0.4685
vn -0.8830 0.0381 0.4678
vn -0.8832 0.0382 0.4674
vn -0.9872 -0.1007 -0.1234
vn -0.9872 -0.1009 -0.1237
vn -0.9873 -0.1006 -0.1233
vn -0.7155 -0.2011 -0.6691
vn -0.7156 -0.2010 -0.6690
vn -0.7154 -0.2012 -0.6691
vn -0.1694 -0.2246 -0.9596
vn 0.4415 -0.1625 -0.8824
vn 0.4420 -0.1626 -0.8821
vn 0.4413 -0.1625 -0.8825
vn 0.8827 -0.0392 -0.4683
vn 0.8831 -0.0393 -0.4675
vn 0.8826 -0.0391 -0.4686
vn 0.9874 0.0988 0.1239
vn 0.9873 0.0990 0.1242
vn 0.9873 0.0991 0.1243
vn 0.6232 0.6250 0.4701
vn 0.6191 0.6256 0.4747
vn 0.6248 0.6248 0.4683
vn 0.1171 0.7417 0.6604
vn 0.1258 0.7441 0.6561
vn 0.1130 0.7406 0.6624
vn -0.4197 0.6468 0.6368
vn -0.4018 0.6484 0.6467
vn -0.3945 0.6489 0.6506
vn -0.8764 0.2899 0.3845
vn -0.8708 0.2942 0.3940
vn -0.8688 0.2957 0.3972
vn -0.9601 -0.2715 -0.0663
vn -0.9586 -0.2749 -0.0744
vn -0.9580 -0.2761 -0.0773
vn -0.6008 -0.6695 -0.4367
vn -0.5966 -0.6701 -0.4415
vn -0.5947 -0.6704 -0.4437
vn -0.1090 -0.7831 -0.6123
vn -0.1176 -0.7855 -0.6075
vn -0.1226 -0.7869 -0.6048
vn 0.4138 -0.6718 -0.6144
vn 0.3956 -0.6733 -0.6246
vn 0.4219 -0.6710 -0.6097
vn 0.8766 -0.2884 -0.3851
vn 0.8710 -0.2927 -0.3945
vn 0.8786 -0.2869 -0.3819
vn 0.9643 0.2549 0.0718
vn 0.9629 0.2581 0.0794
vn 0.9647 0.2539 0.0693
vn 0.3524 0.9321 0.0843
vn 0.3407 0.9355 0.0938
vn 0.3561 0.9309 0.0813
vn -0.0193 0.9856 0.1681
vn 0.0098 0.9849 0.1729
vn 0.0229 0.9843 0.1750
vn -0.3800 0.9044 0.1939
vn -0.3189 0.9241 0.2105
vn -0.2993 0.9295 0.2155
vn -0.8441 0.4914 0.2143
vn -0.8032 0.5479 0.2338
vn -0.7957 0.5573 0.2370
vn -0.7451 -0.6497 0.1509
vn -0.7088 -0.6951 0.1196
vn -0.7022 -0.7028 0.1141
vn -0.2318 -0.9714 0.0506
vn -0.2190 -0.9749 0.0406
vn -0.2145 -0.9760 0.0370
vn 0.0496 -0.9987 -0.0139
vn 0.0201 -0.9996 -0.0198
vn 0.0653 -0.9978 -0.0107
vn 0.3514 -0.9302 -0.1064
vn 0.2871 -0.9500 -0.1230
vn 0.3725 -0.9226 -0.1007
vn 0.8489 -0.4786 -0.2242
vn 0.8107 -0.5322 -0.2439
vn 0.8548 -0.4697 -0.2209
vn 0.8176 0.5666 -0.1022
vn 0.7954 0.6014 -0.0752
vn 0.8214 0.5603 -0.1069
vn 0.0317 0.9621 -0.2708
vn 0.0293 0.9630 -0.2679
vn 0.0326 0.9618 -0.2720
vn -0.1247 0.9733 -0.1929
vn -0.1112 0.9746 -0.1944
vn -0.1060 0.9751 -0.1949
vn -0.3469 0.9346 -0.0783
vn -0.3123 0.9461 -0.0860
vn -0.3055 0.9482 -0.0875
vn -0.8770 0.0462 0.4783
vn -0.8769 0.0423 0.4787
vn -0.8769 0.0421 0.4788
vn -0.1820 -0.8967 0.4035
vn -0.1629 -0.9085 0.3847
vn -0.1592 -0.9108 0.3810
vn 0.0150 -0.9489 0.3151
vn 0.0174 -0.9499 0.3121
vn 0.0184 -0.9502 0.3110
vn 0.1354 -0.9590 0.2488
vn 0.1219 -0.9605 0.2503
vn 0.1407 -0.9584 0.2482
vn 0.3319 -0.9359 0.1184
vn 0.2962 -0.9467 0.1265
vn 0.3387 -0.9336 0.1168
vn 0.8773 -0.0473 -0.4777
vn 0.8772 -0.0438 -0.4781
vn 0.8773 -0.0475 -0.4777
vn 0.2493 0.8879 -0.3867
vn 0.2315 0.9002 -0.3688
vn 0.2528 0.8853 -0.3902
vn 0.0990 0.9674 -0.2332
vn 0.0914 0.9707 -0.2220
vn 0.1021 0.9659 -0.2378
vn -0.1550 0.9851 -0.0750
vn -0.1203 0.9893 -0.0825
vn -0.1081 0.9905 -0.0851
vn -0.5062 0.8501 0.1452
vn -0.4298 0.8950 0.1197
vn -0.4149 0.9026 0.1148
vn -0.7781 -0.1611 0.6072
vn -0.7668 -0.2298 0.5993
vn -0.7654 -0.2371 0.5983
vn -0.2086 -0.8530 0.4785
vn -0.1692 -0.8884 0.4267
vn -0.1592 -0.8966 0.4132
vn 0.0302 -0.9332 0.3580
vn 0.0377 -0.9373 0.3466
vn 0.0412 -0.9390 0.3414
vn 0.1915 -0.9507 0.2438
vn 0.1557 -0.9552 0.2516
vn 0.2053 -0.9486 0.2408
vn 0.4826 -0.8753 -0.0293
vn 0.3932 -0.9194 0.0049
vn 0.4979 -0.8665 -0.0353
vn 0.7865 0.1474 -0.5998
vn 0.7787 0.2081 -0.5919
vn 0.7871 0.1416 -0.6004
vn 0.3604 0.8279 -0.4297
vn 0.3274 0.8638 -0.3830
vn 0.3683 0.8186 -0.4408
vn 0.0032 0.9341 -0.3571
vn -0.0027 0.9377 -0.3475
vn 0.0059 0.9324 -0.3614
vn -0.2350 0.9538 -0.1871
vn -0.2066 0.9587 -0.1953
vn -0.1962 0.9603 -0.1983
vn -0.5739 0.8133 0.0956
vn -0.5147 0.8549 0.0654
vn -0.5031 0.8621 0.0596
vn -0.6788 -0.2382 0.6946
vn -0.6567 -0.3118 0.6866
vn -0.6538 -0.3206 0.6854
vn -0.1096 -0.8069 0.5804
vn -0.0804 -0.8383 0.5393
vn -0.0718 -0.8469 0.5269
vn 0.1106 -0.8806 0.4607
vn 0.1164 -0.8848 0.4511
vn 0.1194 -0.8869 0.4463
vn 0.2682 -0.9027 0.3365
vn 0.2388 -0.9077 0.3451
vn 0.2798 -0.9004 0.3331
vn 0.5579 -0.8298 0.0144
vn 0.4878 -0.8714 0.0532
vn 0.5698 -0.8217 0.0076
vn 0.6927 0.2237 -0.6857
vn 0.6750 0.2908 -0.6781
vn 0.6945 0.2161 -0.6863
vn 0.2453 0.8041 -0.5416
vn 0.2194 0.8355 -0.5038
vn 0.2524 0.7948 -0.5518
vn -0.0438 0.8954 -0.4431
vn -0.0563 0.9014 -0.4294
vn -0.0390 0.8930 -0.4484
vn -0.3228 0.8985 -0.2975
vn -0.2879 0.9081 -0.3042
vn -0.2741 0.9115 -0.3067
vn -0.6359 0.7644 -0.1062
vn -0.5605 0.8171 -0.1348
vn -0.5424 0.8282 -0.1412
vn -0.8806 0.0478 0.4715
vn -0.8815 0.0574 0.4686
vn -0.8816 0.0584 0.4683
vn -0.1220 -0.7318 0.6705
vn -0.0553 -0.7815 0.6214
vn -0.0403 -0.7916 0.6097
vn 0.1930 -0.7971 0.5721
vn 0.2059 -0.8039 0.5581
vn 0.2114 -0.8067 0.5519
vn 0.3604 -0.8027 0.4753
vn 0.3248 -0.8137 0.4821
vn 0.3760 -0.7974 0.4720
vn 0.6082 -0.7543 0.2473
vn 0.5204 -0.8061 0.2816
vn 0.6272 -0.7413 0.2391
vn 0.8799 -0.0468 -0.4728
vn 0.8807 -0.0553 -0.4705
vn 0.8798 -0.0460 -0.4730
vn 0.3038 0.7357 -0.6053
vn 0.2516 0.7854 -0.5656
vn 0.3149 0.7242 -0.6134
vn 0.2125 0.9581 -0.1920
vn 0.2099 0.9594 -0.1886
vn 0.2135 0.9576 -0.1933
vn -0.2525 0.9650 0.0713
vn -0.2325 0.9702 0.0683
vn -0.2247 0.9721 0.0671
vn -0.6738 0.6643 0.3237
vn -0.6533 0.6848 0.3229
vn -0.6464 0.6914 0.3226
vn -0.8627 0.0206 0.5053
vn -0.8626 0.0214 0.5055
vn -0.8625 0.0216 0.5055
vn -0.5982 -0.6499 0.4688
vn -0.5904 -0.6661 0.4558
vn -0.5875 -0.6719 0.4511
vn -0.1476 -0.9524 0.2668
vn -0.1450 -0.9538 0.2632
vn -0.1437 -0.9545 0.2615
vn 0.2835 -0.9589 0.0098
vn 0.2628 -0.9648 0.0124
vn 0.2936 -0.9559 0.0086
vn 0.6802 -0.6717 -0.2935
vn 0.6588 -0.6932 -0.2925
vn 0.6877 -0.6639 -0.2937
vn 0.8625 -0.0204 -0.5056
vn 0.8624 -0.0211 -0.5058
vn 0.8626 -0.0202 -0.5055
vn 0.6392 0.6355 -0.4331
vn 0.6322 0.6505 -0.4210
vn 0.6414 0.6307 -0.4369
vn -0.0471 0.8766 -0.4789
vn -0.0502 0.8778 -0.4764
vn -0.0460 0.8762 -0.4798
vn -0.4300 0.8418 -0.3263
vn -0.4109 0.8504 -0.3286
vn -0.4022 0.8541 -0.3297
vn -0.7508 0.6488 -0.1236
vn -0.7248 0.6765 -0.1306
vn -0.7162 0.6852 -0.1329
vn -0.9576 0.1171 0.2632
vn -0.9558 0.1413 0.2579
vn -0.9553 0.1463 0.2567
vn -0.4499 -0.6538 0.6084
vn -0.4320 -0.6715 0.6020
vn -0.4279 -0.6755 0.6005
vn 0.1165 -0.8320 0.5424
vn 0.1197 -0.8333 0.5398
vn 0.1209 -0.8338 0.5387
vn 0.4500 -0.7988 0.3991
vn 0.4310 -0.8082 0.4013
vn 0.4598 -0.7939 0.3979
vn 0.7478 -0.6429 0.1657
vn 0.7209 -0.6711 0.1731
vn 0.7565 -0.6333 0.1631
vn 0.9549 -0.1128 -0.2748
vn 0.9532 -0.1358 -0.2702
vn 0.9551 -0.1082 -0.2757
vn 0.5041 0.6490 -0.5698
vn 0.4897 0.6651 -0.5638
vn 0.5073 0.6454 -0.5711
vn -0.1416 0.8078 -0.5722
vn -0.1441 0.8089 -0.5701
vn -0.1406 0.8075 -0.5729
vn -0.4853 0.7702 -0.4137
vn -0.4713 0.7773 -0.4167
vn -0.4651 0.7804 -0.4180
vn -0.7790 0.5991 -0.1853
vn -0.7596 0.6207 -0.1942
vn -0.7536 0.6272 -0.1969
vn -0.9519 0.0835 0.2947
vn -0.9522 0.1008 0.2884
vn -0.9522 0.1040 0.2872
vn -0.3459 -0.6321 0.6934
vn -0.3296 -0.6461 0.6884
vn -0.3260 -0.6491 0.6873
vn 0.1923 -0.7653 0.6143
vn 0.1949 -0.7663 0.6122
vn 0.1960 -0.7667 0.6114
vn 0.4984 -0.7316 0.4651
vn 0.4844 -0.7391 0.4681
vn 0.5051 -0.7279 0.4636
vn 0.7760 -0.5919 0.2179
vn 0.7560 -0.6138 0.2272
vn 0.7820 -0.5850 0.2150
vn 0.9496 -0.0809 -0.3030
vn 0.9498 -0.0977 -0.2972
vn 0.9495 -0.0780 -0.3040
vn 0.3938 0.6350 -0.6646
vn 0.3798 0.6482 -0.6600
vn 0.3968 0.6321 -0.6656
vn -0.1217 0.8224 -0.5557
vn -0.1214 0.8223 -0.5559
vn -0.1218 0.8224 -0.5557
vn -0.5180 0.7306 -0.4449
vn -0.5078 0.7323 -0.4536
vn -0.5222 0.7298 -0.4413
vn -0.7880 0.5379 -0.2995
vn -0.7749 0.5549 -0.3026
vn -0.7703 0.5608 -0.3037
vn -0.9904 0.1383 -0.0021
vn -0.9874 0.1583 -0.0080
vn -0.9867 0.1624 -0.0092
vn -0.5885 -0.6179 0.5213
vn -0.5833 -0.6227 0.5216
vn -0.5824 -0.6234 0.5217
vn 0.1565 -0.7952 0.5858
vn 0.1561 -0.7952 0.5860
vn 0.1560 -0.7951 0.5860
vn 0.5255 -0.7062 0.4744
vn 0.5153 -0.7078 0.4832
vn 0.5107 -0.7085 0.4870
vn 0.7857 -0.5334 0.3134
vn 0.7724 -0.5506 0.3166
vn 0.7902 -0.5273 0.3122
vn 0.9908 -0.1349 -0.0138
vn 0.9880 -0.1544 -0.0082
vn 0.9913 -0.1309 -0.0149
vn 0.6037 0.6157 -0.5064
vn 0.5992 0.6201 -0.5065
vn 0.6045 0.6150 -0.5064
vn -0.2112 0.7500 -0.6268
vn -0.2133 0.7456 -0.6313
vn -0.2134 0.7466 -0.6301
vn -0.5570 0.6353 -0.5349
vn -0.5494 0.6367 -0.5410
vn -0.5600 0.6347 -0.5324
vn -0.7795 0.4731 -0.4105
vn -0.7708 0.4850 -0.4132
vn -0.7678 0.4890 -0.4141
vn -0.9805 0.1441 -0.1339
vn -0.9773 0.1589 -0.1399
vn -0.9767 0.1617 -0.1410
vn -0.5680 -0.6170 0.5446
vn -0.5643 -0.6198 0.5454
vn -0.5638 -0.6201 0.5455
vn 0.2331 -0.7290 0.6436
vn 0.2364 -0.7231 0.6490
vn 0.2361 -0.7230 0.6492
vn 0.5602 -0.6184 0.5511
vn 0.5525 -0.6198 0.5573
vn 0.5494 -0.6203 0.5598
vn 0.7778 -0.4704 0.4170
vn 0.7689 -0.4823 0.4197
vn 0.7807 -0.4663 0.4160
vn 0.9827 -0.1416 0.1190
vn 0.9798 -0.1562 0.1248
vn 0.9833 -0.1389 0.1180
vn 0.5798 0.6159 -0.5334
vn 0.5765 0.6185 -0.5340
vn 0.5802 0.6156 -0.5333
vn -0.2105 0.7509 -0.6259
vn -0.2107 0.7509 -0.6259
vn -0.5689 0.6336 -0.5243
vn -0.5626 0.6349 -0.5296
vn -0.5715 0.6331 -0.5221
vn -0.7965 0.4611 -0.3911
vn -0.7891 0.4718 -0.3934
vn -0.7864 0.4756 -0.3942
vn -0.9863 0.1228 -0.1104
vn -0.9840 0.1360 -0.1154
vn -0.9835 0.1386 -0.1164
vn -0.5840 -0.6130 0.5322
vn -0.5811 -0.6152 0.5327
vn -0.5807 -0.6155 0.5328
vn 0.2321 -0.7303 0.6425
vn 0.2363 -0.7244 0.6476
vn 0.5722 -0.6171 0.5401
vn 0.5658 -0.6183 0.5455
vn 0.5631 -0.6188 0.5477
vn 0.7947 -0.4580 0.3984
vn 0.7872 -0.4687 0.4007
vn 0.7973 -0.4541 0.3976
vn 0.9878 -0.1209 0.0984
vn 0.9856 -0.1339 0.1032
vn 0.9882 -0.1183 0.0974
vn 0.5926 0.6121 -0.5236
vn 0.5900 0.6142 -0.5240
vn 0.5930 0.6119 -0.5235
vn -0.2874 0.6754 -0.6792
vn -0.2852 0.6753 -0.6802
vn -0.2879 0.6754 -0.6789
vn -0.5947 0.5560 -0.5807
vn -0.5872 0.5574 -0.5869
vn -0.5977 0.5554 -0.5782
vn -0.7884 0.4071 -0.4613
vn -0.7805 0.4186 -0.4644
vn -0.7777 0.4224 -0.4655
vn -0.9746 0.1165 -0.1913
vn -0.9714 0.1307 -0.1981
vn -0.9708 0.1333 -0.1993
vn -0.5241 -0.6135 0.5907
vn -0.5202 -0.6158 0.5918
vn -0.5198 -0.6160 0.5919
vn 0.3092 -0.6504 0.6938
vn 0.3069 -0.6504 0.6949
vn 0.3064 -0.6503 0.6951
vn 0.5967 -0.5394 0.5941
vn 0.5892 -0.5408 0.6004
vn 0.5861 -0.5413 0.6029
vn 0.7869 -0.4049 0.4657
vn 0.7790 -0.4163 0.4689
vn 0.7895 -0.4009 0.4646
vn 0.9781 -0.1143 0.1741
vn 0.9751 -0.1283 0.1807
vn 0.9786 -0.1118 0.1729
vn 0.5377 0.6133 -0.5786
vn 0.5343 0.6154 -0.5794
vn 0.5381 0.6130 -0.5785
vn -0.1784 0.7838 -0.5948
vn -0.1773 0.7837 -0.5953
vn -0.1787 0.7838 -0.5947
vn -0.5918 0.6318 -0.5006
vn -0.5859 0.6333 -0.5056
vn -0.5944 0.6311 -0.4984
vn -0.8228 0.4291 -0.3728
vn -0.8168 0.4392 -0.3740
vn -0.8143 0.4435 -0.3746
vn -0.9866 0.0927 -0.1340
vn -0.9851 0.1043 -0.1368
vn -0.9847 0.1073 -0.1376
vn -0.6862 -0.5950 0.4184
vn -0.6861 -0.5952 0.4185
vn -0.6860 -0.5952 0.4185
vn 0.1999 -0.7652 0.6120
vn 0.1987 -0.7651 0.6125
vn 0.1984 -0.7651 0.6126
vn 0.5955 -0.6159 0.5158
vn 0.5895 -0.6174 0.5209
vn 0.5868 -0.6181 0.5231
vn 0.8214 -0.4265 0.3786
vn 0.8155 -0.4366 0.3799
vn 0.8240 -0.4221 0.3781
vn 0.9885 -0.0912 0.1210
vn 0.9870 -0.1026 0.1238
vn 0.9888 -0.0883 0.1203
vn 0.6869 0.5948 -0.4176
vn 0.6867 0.5950 -0.4176
vn 0.6869 0.5948 -0.4175
vn 0.9837 -0.0901 0.1553
vn 0.9848 -0.0817 0.1530
vn 0.9834 -0.0923 0.1559
vn 0.8200 -0.4072 0.4023
vn 0.8244 -0.3993 0.4012
vn 0.8181 -0.4105 0.4028
vn 0.6062 -0.5857 0.5380
vn 0.6112 -0.5843 0.5338
vn 0.6133 -0.5837 0.5320
vn 0.2244 -0.7433 0.6302
vn 0.2261 -0.7434 0.6295
vn 0.2265 -0.7434 0.6293
vn -0.6896 -0.5942 0.4141
vn -0.6895 -0.5942 0.4141
vn -0.9817 0.0914 -0.1672
vn -0.9828 0.0829 -0.1648
vn -0.9831 0.0807 -0.1642
vn -0.8207 0.4084 -0.3996
vn -0.8251 0.4006 -0.3985
vn -0.8269 0.3972 -0.3980
vn -0.6040 0.5972 -0.5278
vn -0.6089 0.5958 -0.5237
vn -0.6019 0.5977 -0.5296
vn -0.2084 0.7582 -0.6178
vn -0.2100 0.7583 -0.6172
vn -0.2080 0.7582 -0.6180
vn 0.6894 0.5942 -0.4143
vn 0.5937 -0.1423 0.7920
vn 0.5937 -0.1424 0.7920
vn -0.6692 0.0587 -0.7408
vn -0.6692 0.0587 -0.7407
vn -0.2972 0.6726 -0.6777
vn -0.2956 0.6725 -0.6784
vn -0.2975 0.6726 -0.6775
vn -0.6280 0.5270 -0.5727
vn -0.6240 0.5279 -0.5762
vn -0.6297 0.5266 -0.5711
vn -0.8186 0.3638 -0.4445
vn -0.8150 0.3701 -0.4460
vn -0.8135 0.3726 -0.4466
vn -0.9798 0.0744 -0.1858
vn -0.9787 0.0815 -0.1886
vn -0.9784 0.0831 -0.1892
vn -0.5917 -0.6071 0.5305
vn -0.5909 -0.6076 0.5307
vn -0.5908 -0.6077 0.5307
vn 0.3100 -0.6580 0.6863
vn 0.3085 -0.6579 0.6870
vn 0.3081 -0.6579 0.6872
vn 0.6292 -0.5174 0.5800
vn 0.6252 -0.5183 0.5835
vn 0.6234 -0.5187 0.5851
vn 0.8180 -0.3629 0.4464
vn 0.8144 -0.3692 0.4478
vn 0.8194 -0.3603 0.4458
vn 0.9818 -0.0735 0.1750
vn 0.9808 -0.0805 0.1778
vn 0.9821 -0.0719 0.1744
vn 0.5953 0.6069 -0.5266
vn 0.5946 0.6074 -0.5269
vn 0.5954 0.6068 -0.5266
vn -0.3503 0.6153 -0.7062
vn -0.3476 0.6145 -0.7082
vn -0.3512 0.6155 -0.7055
vn -0.6330 0.5436 -0.5512
vn -0.6287 0.5469 -0.5529
vn -0.6265 0.5485 -0.5537
vn -0.8507 0.4092 -0.3299
vn -0.8474 0.4140 -0.3326
vn -0.8462 0.4156 -0.3334
vn -0.9804 0.0317 0.1942
vn -0.9807 0.0348 0.1922
vn -0.9808 0.0353 0.1919
vn -0.2278 -0.5606 0.7961
vn -0.2274 -0.5609 0.7960
vn -0.2273 -0.5610 0.7960
vn 0.3583 -0.6051 0.7109
vn 0.3557 -0.6043 0.7129
vn 0.3547 -0.6041 0.7136
vn 0.6337 -0.5392 0.5547
vn 0.6294 -0.5425 0.5564
vn 0.6359 -0.5375 0.5538
vn 0.8513 -0.4108 0.3264
vn 0.8479 -0.4156 0.3291
vn 0.8524 -0.4093 0.3256
vn 0.9783 -0.0306 -0.2047
vn 0.9786 -0.0337 -0.2028
vn 0.9783 -0.0301 -0.2050
vn 0.2419 0.5643 -0.7893
vn 0.2415 0.5646 -0.7893
vn -0.1107 0.8446 -0.5238
vn -0.1089 0.8442 -0.5249
vn -0.1113 0.8447 -0.5235
vn -0.5876 0.7222 -0.3650
vn -0.5832 0.7233 -0.3696
vn -0.5895 0.7216 -0.3630
vn -0.8706 0.4652 -0.1604
vn -0.8666 0.4721 -0.1615
vn -0.8650 0.4750 -0.1620
vn -0.9898 0.0297 0.1395
vn -0.9897 0.0352 0.1386
vn -0.9897 0.0369 0.1383
vn -0.6210 -0.6045 0.4990
vn -0.6208 -0.6047 0.4989
vn -0.6207 -0.6048 0.4989
vn 0.1224 -0.8367 0.5338
vn 0.1205 -0.8363 0.5349
vn 0.1200 -0.8361 0.5352
vn 0.5909 -0.7150 0.3736
vn 0.5866 -0.7162 0.3782
vn 0.5846 -0.7167 0.3803
vn 0.8705 -0.4651 0.1607
vn 0.8666 -0.4720 0.1619
vn 0.8722 -0.4622 0.1602
vn 0.9884 -0.0289 -0.1491
vn 0.9884 -0.0343 -0.1482
vn 0.9884 -0.0273 -0.1493
vn 0.6224 0.6044 -0.4974
vn 0.6222 0.6046 -0.4973
vn 0.6224 0.6043 -0.4974
vn -0.1876 0.7913 -0.5819
vn -0.1852 0.7907 -0.5835
vn -0.1883 0.7915 -0.5814
vn -0.6132 0.6812 -0.4000
vn -0.6086 0.6821 -0.4053
vn -0.6152 0.6808 -0.3977
vn -0.8778 0.4493 -0.1660
vn -0.8738 0.4563 -0.1681
vn -0.8723 0.4589 -0.1689
vn -0.9796 0.0167 0.2004
vn -0.9798 0.0218 0.1989
vn -0.9798 0.0230 0.1986
vn -0.5173 -0.6056 0.6047
vn -0.5168 -0.6061 0.6046
vn -0.5167 -0.6062 0.6046
vn 0.1992 -0.7817 0.5910
vn 0.1968 -0.7811 0.5925
vn 0.1961 -0.7810 0.5930
vn 0.6159 -0.6744 0.4073
vn 0.6113 -0.6753 0.4127
vn 0.6092 -0.6757 0.4150
vn 0.8778 -0.4497 0.1650
vn 0.8738 -0.4567 0.1672
vn 0.8793 -0.4471 0.1642
vn 0.9776 -0.0160 -0.2101
vn 0.9778 -0.0209 -0.2087
vn 0.9775 -0.0148 -0.2104
vn 0.5223 0.6058 -0.6002
vn 0.5217 0.6063 -0.6001
vn 0.5224 0.6057 -0.6002
vn -0.4518 0.4916 -0.7444
vn -0.4509 0.4914 -0.7451
vn -0.4521 0.4917 -0.7442
vn -0.6731 0.4254 -0.6050
vn -0.6705 0.4276 -0.6063
vn -0.6693 0.4286 -0.6069
vn -0.8504 0.3236 -0.4148
vn -0.8476 0.3275 -0.4175
vn -0.8468 0.3286 -0.4182
vn -0.9931 0.0175 0.1158
vn -0.9935 0.0214 0.1122
vn -0.9935 0.0219 0.1117
vn -0.0753 -0.5029 0.8611
vn -0.0729 -0.5038 0.8607
vn -0.0725 -0.5039 0.8607
vn 0.4581 -0.4816 0.7471
vn 0.4572 -0.4814 0.7478
vn 0.4570 -0.4813 0.7480
vn 0.6735 -0.4192 0.6089
vn 0.6709 -0.4214 0.6102
vn 0.6747 -0.4181 0.6082
vn 0.8501 -0.3231 0.4159
vn 0.8473 -0.3269 0.4186
vn 0.8509 -0.3219 0.4151
vn 0.9923 -0.0171 -0.1229
vn 0.9926 -0.0209 -0.1194
vn 0.9922 -0.0165 -0.1234
vn 0.0880 0.5076 -0.8571
vn 0.0857 0.5085 -0.8568
vn 0.0884 0.5074 -0.8571
vn -0.5391 0.3414 -0.7700
vn -0.5372 0.3410 -0.7715
vn -0.5396 0.3415 -0.7695
vn -0.6770 0.2974 -0.6732
vn -0.6756 0.2987 -0.6741
vn -0.6750 0.2992 -0.6744
vn -0.8036 0.2409 -0.5442
vn -0.8028 0.2418 -0.5450
vn -0.8026 0.2421 -0.5452
vn -0.9983 0.0275 -0.0512
vn -0.9983 0.0273 -0.0509
vn 0.1702 -0.3945 0.9030
vn 0.1676 -0.3940 0.9037
vn 0.1673 -0.3939 0.9038
vn 0.5397 -0.3402 0.7701
vn 0.5378 -0.3398 0.7716
vn 0.5372 -0.3397 0.7720
vn 0.6771 -0.2991 0.6723
vn 0.6757 -0.3003 0.6732
vn 0.6777 -0.2986 0.6720
vn 0.8054 -0.2436 0.5403
vn 0.8046 -0.2445 0.5411
vn 0.8056 -0.2434 0.5401
vn 0.9988 -0.0269 0.0414
vn 0.9988 -0.0267 0.0411
vn -0.1638 0.3977 -0.9028
vn -0.1613 0.3972 -0.9034
vn -0.1642 0.3978 -0.9027
vn -0.6182 0.1541 -0.7708
vn -0.6161 0.1569 -0.7719
vn -0.6164 0.1564 -0.7717
vn -0.6613 0.1379 -0.7373
vn -0.6605 0.1387 -0.7379
vn -0.6601 0.1391 -0.7382
vn -0.7042 0.1180 -0.7002
vn -0.7031 0.1192 -0.7010
vn -0.7028 0.1196 -0.7013
vn -0.8272 0.0523 -0.5595
vn -0.8252 0.0543 -0.5622
vn -0.8250 0.0545 -0.5625
vn 0.4786 -0.2011 0.8547
vn 0.4798 -0.2011 0.8540
vn 0.4799 -0.2011 0.8539
vn 0.6200 -0.1486 0.7704
vn 0.6175 -0.1528 0.7716
vn 0.6173 -0.1528 0.7717
vn 0.6609 -0.1359 0.7380
vn 0.6602 -0.1367 0.7386
vn 0.6613 -0.1354 0.7378
vn 0.7041 -0.1180 0.7002
vn 0.7030 -0.1192 0.7011
vn 0.7044 -0.1176 0.7000
vn 0.8312 -0.0520 0.5536
vn 0.8292 -0.0541 0.5563
vn 0.8314 -0.0518 0.5533
vn -0.4706 0.2070 -0.8577
vn -0.4718 0.2070 -0.8571
vn -0.4705 0.2070 -0.8578
vn -0.6193 0.1532 -0.7701
vn -0.6195 0.1532 -0.7699
vn -0.6615 0.1240 -0.7396
vn -0.6600 0.1242 -0.7409
vn -0.6622 0.1239 -0.7390
vn -0.6916 0.1001 -0.7153
vn -0.6904 0.1020 -0.7162
vn -0.6900 0.1026 -0.7165
vn -0.7495 0.0538 -0.6598
vn -0.7479 0.0560 -0.6614
vn -0.7477 0.0563 -0.6616
vn 0.3350 -0.2990 0.8935
vn 0.3366 -0.2985 0.8931
vn 0.6212 -0.1474 0.7697
vn 0.6179 -0.1521 0.7714
vn 0.6612 -0.1220 0.7402
vn 0.6596 -0.1222 0.7416
vn 0.6590 -0.1223 0.7421
vn 0.6921 -0.1007 0.7148
vn 0.6909 -0.1026 0.7156
vn 0.6925 -0.1001 0.7145
vn 0.7545 -0.0536 0.6541
vn 0.7530 -0.0558 0.6557
vn 0.7547 -0.0533 0.6539
vn -0.3117 0.3134 -0.8970
vn -0.3132 0.3130 -0.8966
vn -0.3116 0.3135 -0.8970
vn -0.6093 0.1823 -0.7717
vn -0.6094 0.1823 -0.7717
vn -0.6094 0.1823 -0.7716
vn -0.6652 0.1410 -0.7332
vn -0.6652 0.1411 -0.7333
vn -0.7028 0.1108 -0.7027
vn -0.7029 0.1107 -0.7027
vn -0.7675 0.0527 -0.6388
vn -0.7675 0.0527 -0.6389
vn 0.0329 -0.4592 0.8877
vn 0.0331 -0.4592 0.8877
vn 0.6094 -0.1820 0.7717
vn -0.6094 0.1824 -0.7716
vn 0.6094 -0.1822 0.7717
vn -0.6652 0.1411 -0.7332
vn -0.7003 -0.0346 -0.7130
vn 0.8407 0.4677 -0.2730
vn -0.7797 0.0942 -0.6191
vn -0.0331 0.4592 -0.8877
vn -0.0329 0.4593 -0.8877
vn -0.0327 0.4593 -0.8877
vn -0.4699 0.0452 -0.8815
vn -0.4184 0.1194 -0.9004
vn -0.4070 0.1351 -0.9034
vn -0.5579 -0.0448 -0.8287
vn -0.5487 -0.0280 -0.8355
vn -0.5451 -0.0215 -0.8381
vn -0.6377 -0.1117 -0.7622
vn -0.6658 -0.1191 -0.7366
vn -0.6284 -0.1093 -0.7702
vn -0.7433 -0.1842 -0.6431
vn -0.8186 -0.2213 -0.5300
vn -0.7313 -0.1786 -0.6583
vn 0.1443 -0.3114 0.9393
vn -0.1691 -0.4835 0.8588
vn 0.1591 -0.3019 0.9400
vn 0.6216 -0.0770 0.7795
vn 0.5709 -0.1545 0.8064
vn 0.6318 -0.0602 0.7728
vn 0.6630 -0.0933 0.7427
vn 0.6534 -0.1103 0.7489
vn 0.6669 -0.0864 0.7402
vn 0.6627 -0.0827 0.7443
vn 0.6915 -0.0752 0.7185
vn 0.7008 -0.0727 0.7096
vn 0.6932 0.0089 0.7207
vn 0.7900 0.0559 0.6106
vn 0.8017 0.0622 0.5945
vn -0.0546 0.3415 -0.9383
vn 0.2123 0.4869 -0.8472
vn 0.2218 0.4914 -0.8422
vn -0.5538 0.0440 -0.8315
vn 0.5537 -0.0439 0.8316
vn -0.5537 0.0439 -0.8315
vn 0.6043 -0.0015 0.7967
vn 0.6043 -0.0014 0.7967
vn 0.6413 0.0314 0.7667
vn 0.6413 0.0315 0.7667
vn 0.7107 0.0980 0.6966
vn -0.7107 -0.0991 -0.6965
vn 0.7107 0.0987 0.6966
vn 0.1786 -0.2948 0.9387
vn 0.1785 -0.2948 0.9387
vn 0.1783 -0.2949 0.9387
vn 0.6044 -0.0014 0.7967
vn 0.7107 0.0989 0.6965
vn -0.1785 0.2948 -0.9387
vn -0.1786 0.2948 -0.9387
vn -0.5425 0.0426 -0.8390
vn -0.5539 0.0295 -0.8320
vn -0.5570 0.0259 -0.8301
vn -0.5990 -0.0058 -0.8007
vn -0.6005 -0.0078 -0.7996
vn -0.6008 -0.0082 -0.7994
vn -0.6363 -0.0419 -0.7703
vn -0.6333 -0.0379 -0.7729
vn -0.6330 -0.0374 -0.7732
vn -0.7022 -0.1136 -0.7029
vn -0.6905 -0.0970 -0.7168
vn -0.6897 -0.0958 -0.7178
vn -0.0536 -0.4095 0.9108
vn 0.2009 -0.2526 0.9465
vn -0.0654 -0.4159 0.9070
vn 0.4914 0.0707 0.8681
vn -0.8212 0.2048 -0.5326
vn 0.5648 0.0205 0.8250
vn -0.6332 0.0560 -0.7720
vn -0.6452 0.0614 -0.7615
vn -0.6627 0.0694 -0.7456
vn -0.8790 0.2159 -0.4252
vn -0.6715 0.0379 -0.7401
vn -0.6483 0.0224 -0.7610
vn 0.6847 0.1567 0.7117
vn 0.7129 0.4945 0.4972
vn 0.6214 0.7598 0.1915
vn 0.0320 0.4039 -0.9142
vn -0.1840 0.2751 -0.9436
vn -0.2979 0.1968 -0.9341
vn -0.5559 0.0455 -0.8300
vn 0.5561 -0.0455 0.8299
vn -0.5560 0.0455 -0.8299
vn 0.6030 0.0008 0.7977
vn 0.6030 0.0009 0.7977
vn 0.6379 0.0375 0.7692
vn 0.7050 0.1141 0.7000
vn -0.7049 -0.1153 -0.6999
vn 0.7049 0.1149 0.6999
vn 0.2335 -0.3016 0.9244
vn 0.2334 -0.3017 0.9244
vn 0.2333 -0.3017 0.9244
vn 0.5560 -0.0455 0.8299
vn 0.6031 0.0009 0.7977
vn 0.7049 0.1151 0.6999
vn 0.7050 0.1152 0.6998
vn -0.2334 0.3017 -0.9244
vn -0.5498 0.4337 -0.7138
vn -0.4744 0.4583 -0.7516
vn -0.5671 0.4274 -0.7041
vn -0.7106 0.2397 -0.6615
vn -0.6979 0.2458 -0.6727
vn -0.7161 0.2370 -0.6565
vn -0.8029 0.1369 -0.5802
vn -0.8144 0.0991 -0.5717
vn -0.8186 0.0842 -0.5681
vn -0.9355 -0.0682 -0.3467
vn -0.9383 -0.1708 -0.3005
vn -0.9375 -0.1902 -0.2913
vn -0.4007 -0.7384 0.5424
vn -0.4358 -0.7267 0.5310
vn -0.4393 -0.7254 0.5299
vn 0.4763 -0.5897 0.6522
vn 0.4071 -0.6058 0.6835
vn 0.3911 -0.6090 0.6901
vn 0.7368 -0.4036 0.5424
vn 0.7249 -0.4099 0.5535
vn 0.7203 -0.4123 0.5578
vn 0.8835 -0.2099 0.4189
vn 0.8950 -0.1737 0.4108
vn 0.8791 -0.2225 0.4215
vn 0.9726 0.0959 0.2118
vn 0.9670 0.1862 0.1738
vn 0.9726 0.0777 0.2192
vn 0.3902 0.7372 -0.5517
vn 0.4300 0.7250 -0.5380
vn 0.3856 0.7384 -0.5531
vn -0.4477 0.6678 -0.5946
vn -0.4406 0.6698 -0.5977
vn -0.4493 0.6673 -0.5939
vn -0.7476 0.4200 -0.5145
vn -0.7439 0.4223 -0.5179
vn -0.7492 0.4190 -0.5130
vn -0.8809 0.2198 -0.4192
vn -0.8802 0.2222 -0.4194
vn -0.8799 0.2232 -0.4194
vn -0.9683 -0.0713 -0.2393
vn -0.9683 -0.0731 -0.2389
vn -0.9683 -0.0736 -0.2388
vn -0.5870 -0.7336 0.3424
vn -0.5861 -0.7342 0.3428
vn -0.5859 -0.7343 0.3428
vn 0.4485 -0.6667 0.5953
vn 0.4414 -0.6687 0.5984
vn 0.4397 -0.6691 0.5991
vn 0.7478 -0.4265 0.5088
vn 0.7441 -0.4288 0.5123
vn 0.7426 -0.4297 0.5137
vn 0.8857 -0.2250 0.4061
vn 0.8850 -0.2274 0.4062
vn 0.8860 -0.2240 0.4060
vn 0.9724 0.0753 0.2207
vn 0.9724 0.0771 0.2203
vn 0.9725 0.0748 0.2208
vn 0.5855 0.7339 -0.3443
vn 0.5846 0.7345 -0.3446
vn 0.5856 0.7338 -0.3443
vn 0.9922 0.1063 0.0648
vn 0.9922 0.1060 0.0649
vn 0.9922 0.1064 0.0648
vn 0.9230 -0.2703 0.2738
vn 0.9236 -0.2683 0.2737
vn 0.9228 -0.2712 0.2738
vn 0.7447 -0.5303 0.4053
vn 0.7470 -0.5288 0.4029
vn 0.7480 -0.5281 0.4019
vn 0.3531 -0.7871 0.5058
vn 0.3567 -0.7865 0.5041
vn 0.3576 -0.7864 0.5037
vn -0.5818 -0.7346 0.3492
vn -0.5821 -0.7343 0.3492
vn -0.5822 -0.7342 0.3492
vn -0.9917 -0.1043 -0.0753
vn -0.9917 -0.1040 -0.0753
vn -0.9917 -0.1039 -0.0753
vn -0.9215 0.2677 -0.2815
vn -0.9221 0.2657 -0.2814
vn -0.9223 0.2648 -0.2814
vn -0.7450 0.5277 -0.4080
vn -0.7474 0.5262 -0.4056
vn -0.7440 0.5284 -0.4090
vn -0.3517 0.7886 -0.5044
vn -0.3552 0.7881 -0.5028
vn -0.3508 0.7887 -0.5048
vn 0.5808 0.7348 -0.3504
vn 0.5812 0.7345 -0.3504
vn 0.6692 -0.0587 0.7408
vn -0.6776 0.0540 -0.7335
vn -0.6775 0.0540 -0.7335
vn -0.5674 0.4696 -0.6764
vn -0.5653 0.4700 -0.6779
vn -0.5680 0.4695 -0.6760
vn -0.7496 0.3321 -0.5725
vn -0.7483 0.3326 -0.5740
vn -0.7503 0.3319 -0.5718
vn -0.8678 0.1980 -0.4557
vn -0.8674 0.1991 -0.4561
vn -0.8672 0.1995 -0.4562
vn -0.9823 -0.0853 -0.1665
vn -0.9823 -0.0856 -0.1664
vn -0.9823 -0.0857 -0.1663
vn -0.1156 -0.6743 0.7294
vn -0.1177 -0.6740 0.7293
vn -0.1179 -0.6740 0.7293
vn 0.5680 -0.4683 0.6768
vn 0.5658 -0.4688 0.6783
vn 0.5652 -0.4689 0.6788
vn 0.7498 -0.3339 0.5712
vn 0.7485 -0.3344 0.5727
vn 0.7478 -0.3346 0.5734
vn 0.8697 -0.1999 0.4513
vn 0.8692 -0.2010 0.4517
vn 0.8698 -0.1995 0.4512
vn 0.9836 0.0870 0.1582
vn 0.9836 0.0874 0.1580
vn 0.1205 0.6761 -0.7269
vn 0.1225 0.6758 -0.7268
vn 0.1203 0.6761 -0.7269
vn -0.4813 0.6341 -0.6052
vn -0.4799 0.6342 -0.6062
vn -0.4816 0.6341 -0.6049
vn -0.7546 0.4906 -0.4358
vn -0.7543 0.4909 -0.4359
vn -0.7542 0.4910 -0.4359
vn -0.9344 0.2869 -0.2109
vn -0.9348 0.2860 -0.2105
vn -0.9349 0.2857 -0.2104
vn -0.9568 -0.1576 0.2443
vn -0.9555 -0.1598 0.2479
vn -0.9554 -0.1601 0.2481
vn -0.1446 -0.6865 0.7126
vn -0.1465 -0.6858 0.7129
vn -0.1468 -0.6857 0.7129
vn 0.4795 -0.6368 0.6038
vn 0.4782 -0.6368 0.6048
vn 0.4778 -0.6368 0.6051
vn 0.7543 -0.4938 0.4327
vn 0.7541 -0.4941 0.4328
vn 0.7544 -0.4937 0.4326
vn 0.9350 -0.2883 0.2068
vn 0.9353 -0.2873 0.2064
vn 0.9348 -0.2885 0.2069
vn 0.9565 0.1578 -0.2454
vn 0.9550 0.1601 -0.2497
vn 0.9557 0.1585 -0.2482
vn 0.1441 0.6863 -0.7129
vn 0.1460 0.6856 -0.7132
vn 0.1438 0.6864 -0.7128
vn -0.3860 0.7604 -0.5223
vn -0.3859 0.7604 -0.5224
vn -0.3861 0.7604 -0.5223
vn -0.7410 0.5794 -0.3394
vn -0.7405 0.5797 -0.3401
vn -0.7412 0.5793 -0.3391
vn -0.9428 0.3134 -0.1137
vn -0.9423 0.3146 -0.1140
vn -0.9422 0.3151 -0.1141
vn -0.9567 -0.1587 0.2440
vn -0.9561 -0.1583 0.2466
vn -0.3253 -0.7333 0.5971
vn -0.3250 -0.7335 0.5970
vn -0.3249 -0.7335 0.5970
vn 0.3879 -0.7583 0.5240
vn 0.3878 -0.7583 0.5241
vn 0.3877 -0.7583 0.5241
vn 0.7414 -0.5779 0.3412
vn 0.7409 -0.5781 0.3419
vn 0.7406 -0.5783 0.3422
vn 0.9427 -0.3133 0.1145
vn 0.9423 -0.3145 0.1148
vn 0.9429 -0.3128 0.1143
vn 0.9564 0.1588 -0.2450
vn 0.9564 0.1590 -0.2450
vn 0.3264 0.7334 -0.5962
vn 0.3261 0.7336 -0.5962
vn 0.3265 0.7334 -0.5963
vn -0.2632 0.8742 -0.4081
vn -0.2626 0.8742 -0.4085
vn -0.2634 0.8742 -0.4080
vn -0.7136 0.6595 -0.2362
vn -0.7135 0.6596 -0.2364
vn -0.7137 0.6594 -0.2361
vn -0.9422 0.3329 -0.0379
vn -0.9423 0.3326 -0.0378
vn -0.9423 0.3325 -0.0378
vn -0.9649 -0.1532 0.2134
vn -0.9648 -0.1539 0.2134
vn -0.9647 -0.1541 0.2134
vn -0.4941 -0.7448 0.4485
vn 0.2625 -0.8747 0.4074
vn 0.2619 -0.8747 0.4078
vn 0.2617 -0.8747 0.4079
vn 0.7108 -0.6661 0.2258
vn 0.7129 -0.6608 0.2348
vn 0.9421 -0.3334 0.0359
vn 0.9422 -0.3331 0.0358
vn 0.9421 -0.3335 0.0359
vn 0.9646 0.1534 -0.2144
vn 0.9645 0.1540 -0.2144
vn 0.9647 0.1532 -0.2144
vn 0.4941 0.7448 -0.4485
vn -0.1796 0.9278 -0.3271
vn -0.1793 0.9278 -0.3272
vn -0.1797 0.9278 -0.3270
vn -0.7106 0.6673 -0.2229
vn -0.7099 0.6679 -0.2236
vn -0.7109 0.6671 -0.2226
vn -0.9438 0.3167 -0.0943
vn -0.9434 0.3181 -0.0942
vn -0.9432 0.3187 -0.0941
vn -0.9895 -0.1291 0.0653
vn -0.9896 -0.1281 0.0654
vn -0.9896 -0.1277 0.0654
vn -0.6441 -0.7162 0.2688
vn -0.6442 -0.7161 0.2688
vn 0.1813 -0.9269 0.3287
vn 0.1810 -0.9269 0.3288
vn 0.1809 -0.9269 0.3289
vn 0.7111 -0.6663 0.2244
vn 0.7127 -0.6612 0.2340
vn 0.9438 -0.3168 0.0942
vn 0.9434 -0.3181 0.0941
vn 0.9440 -0.3162 0.0942
vn 0.9893 0.1295 -0.0673
vn 0.9894 0.1285 -0.0674
vn 0.9892 0.1299 -0.0673
vn 0.6433 0.7165 -0.2699
vn 0.6434 0.7164 -0.2699
vn -0.2366 0.8935 -0.3817
vn -0.7264 0.6314 -0.2715
vn -0.9428 0.3054 -0.1332
vn -0.9906 -0.1270 0.0510
vn -0.6176 -0.7250 0.3051
vn -0.6158 -0.7255 0.3074
vn -0.6158 -0.7254 0.3074
vn 0.2365 -0.8935 0.3817
vn 0.2366 -0.8935 0.3817
vn 0.7264 -0.6313 0.2715
vn 0.7264 -0.6314 0.2715
vn 0.9428 -0.3055 0.1332
vn 0.9906 0.1269 -0.0510
vn 0.9906 0.1270 -0.0510
vn 0.6175 0.7250 -0.3051
vn 0.6158 0.7255 -0.3074
vn 0.6163 0.7253 -0.3068
vn -0.2636 0.8744 -0.4073
vn -0.7378 0.5981 -0.3130
vn -0.7353 0.6058 -0.3040
vn -0.7355 0.6050 -0.3050
vn -0.9401 0.2930 -0.1743
vn -0.9402 0.2946 -0.1709
vn -0.9922 -0.1223 0.0221
vn -0.9926 -0.1205 0.0154
vn -0.6180 -0.7248 0.3045
vn -0.6163 -0.7253 0.3068
vn 0.2636 -0.8745 0.4073
vn 0.2635 -0.8745 0.4073
vn 0.7353 -0.6057 0.3040
vn 0.9399 -0.2927 0.1756
vn 0.9402 -0.2946 0.1709
vn 0.9401 -0.2949 0.1711
vn 0.9922 0.1224 -0.0227
vn 0.9926 0.1205 -0.0154
vn 0.9926 0.1205 -0.0168
vn 0.6180 0.7248 -0.3045
vn -0.2820 0.8603 -0.4247
vn -0.2821 0.8603 -0.4247
vn -0.2820 0.8603 -0.4248
vn -0.7374 0.6006 -0.3091
vn -0.7384 0.5974 -0.3130
vn -0.9404 0.2919 -0.1744
vn -0.9401 0.2948 -0.1711
vn -0.9920 -0.1236 0.0235
vn -0.9926 -0.1204 0.0167
vn -0.5970 -0.7306 0.3314
vn -0.5972 -0.7305 0.3314
vn -0.5972 -0.7304 0.3314
vn 0.2839 -0.8588 0.4265
vn 0.2840 -0.8588 0.4265
vn 0.2841 -0.8587 0.4265
vn 0.7372 -0.6014 0.3081
vn 0.7385 -0.5956 0.3161
vn 0.7383 -0.5957 0.3163
vn 0.9403 -0.2915 0.1758
vn 0.9404 -0.2910 0.1758
vn 0.9920 0.1237 -0.0241
vn 0.9920 0.1241 -0.0241
vn 0.5967 0.7306 -0.3318
vn 0.5969 0.7305 -0.3318
vn 0.5967 0.7307 -0.3318
vn -0.3090 0.8379 -0.4499
vn -0.7369 0.6012 -0.3092
vn -0.7367 0.6013 -0.3094
vn -0.9428 0.3027 -0.1397
vn -0.9431 0.3019 -0.1396
vn -0.9432 0.3015 -0.1396
vn -0.9853 -0.1368 0.1020
vn -0.9852 -0.1376 0.1021
vn -0.9852 -0.1378 0.1021
vn -0.5215 -0.7429 0.4197
vn 0.3076 -0.8391 0.4487
vn 0.3077 -0.8391 0.4487
vn 0.7365 -0.6022 0.3079
vn 0.7388 -0.5958 0.3149
vn 0.9428 -0.3029 0.1392
vn 0.9431 -0.3021 0.1391
vn 0.9427 -0.3033 0.1392
vn 0.9854 0.1366 -0.1012
vn 0.9853 0.1375 -0.1013
vn 0.9855 0.1364 -0.1012
vn 0.5216 0.7429 -0.4197
vn -0.3950 0.7510 -0.5292
vn -0.3958 0.7509 -0.5287
vn -0.3948 0.7510 -0.5293
vn -0.7500 0.5487 -0.3695
vn -0.7497 0.5488 -0.3698
vn -0.7500 0.5486 -0.3694
vn -0.9405 0.2902 -0.1768
vn -0.9400 0.2917 -0.1772
vn -0.9398 0.2922 -0.1773
vn -0.9797 -0.1451 0.1386
vn -0.9801 -0.1430 0.1380
vn -0.9801 -0.1427 0.1379
vn -0.3843 -0.7409 0.5508
vn -0.3837 -0.7412 0.5508
vn -0.3836 -0.7413 0.5508
vn 0.3972 -0.7484 0.5312
vn 0.3980 -0.7483 0.5307
vn 0.3982 -0.7483 0.5306
vn 0.7505 -0.5459 0.3725
vn 0.7502 -0.5461 0.3728
vn 0.7501 -0.5461 0.3729
vn 0.9402 -0.2894 0.1796
vn 0.9397 -0.2909 0.1800
vn 0.9404 -0.2889 0.1795
vn 0.9798 0.1450 -0.1381
vn 0.9801 0.1429 -0.1375
vn 0.9797 0.1453 -0.1382
vn 0.3849 0.7409 -0.5503
vn 0.3843 0.7413 -0.5503
vn 0.3850 0.7409 -0.5503
vn -0.4553 0.6730 -0.5828
vn -0.4558 0.6731 -0.5824
vn -0.4552 0.6730 -0.5830
vn -0.7524 0.5308 -0.3901
vn -0.7531 0.5300 -0.3898
vn -0.7534 0.5298 -0.3896
vn -0.9434 0.3039 -0.1329
vn -0.9438 0.3029 -0.1325
vn -0.9439 0.3027 -0.1323
vn -0.9264 -0.1743 0.3338
vn -0.9262 -0.1748 0.3340
vn -0.9262 -0.1749 0.3340
vn -0.1610 -0.6903 0.7054
vn -0.1611 -0.6903 0.7054
vn 0.4543 -0.6744 0.5820
vn 0.4548 -0.6744 0.5816
vn 0.4550 -0.6744 0.5815
vn 0.7523 -0.5313 0.3896
vn 0.7530 -0.5305 0.3893
vn 0.7520 -0.5316 0.3897
vn 0.9434 -0.3037 0.1336
vn 0.9437 -0.3028 0.1331
vn 0.9433 -0.3040 0.1337
vn 0.9268 0.1742 -0.3326
vn 0.9267 0.1746 -0.3328
vn 0.9269 0.1741 -0.3326
vn 0.1595 0.6898 -0.7062
vn 0.1596 0.6898 -0.7062
vn -0.5445 0.5214 -0.6570
vn -0.5452 0.5216 -0.6562
vn -0.5442 0.5214 -0.6573
vn -0.7580 0.4526 -0.4697
vn -0.7590 0.4516 -0.4689
vn -0.7595 0.4512 -0.4686
vn -0.9412 0.2992 -0.1571
vn -0.9418 0.2979 -0.1561
vn -0.9419 0.2976 -0.1558
vn -0.7755 -0.2046 0.5973
vn -0.7754 -0.2047 0.5974
vn 0.1482 -0.5449 0.8253
vn 0.5432 -0.5239 0.6560
vn 0.5439 -0.5241 0.6553
vn 0.5442 -0.5242 0.6550
vn 0.7580 -0.4534 0.4690
vn 0.7590 -0.4524 0.4682
vn 0.7576 -0.4537 0.4693
vn 0.9410 -0.2988 0.1586
vn 0.9416 -0.2975 0.1576
vn 0.9409 -0.2991 0.1589
vn 0.7759 0.2045 -0.5968
vn 0.7758 0.2046 -0.5969
vn -0.1518 0.5426 -0.8261
vn -0.1519 0.5427 -0.8261
vn -0.6038 0.3751 -0.7034
vn -0.6054 0.3755 -0.7017
vn -0.6032 0.3749 -0.7040
vn -0.7504 0.3347 -0.5699
vn -0.7515 0.3338 -0.5690
vn -0.7519 0.3334 -0.5687
vn -0.9128 0.2456 -0.3262
vn -0.9130 0.2453 -0.3259
vn -0.7247 -0.2095 0.6564
vn 0.3379 -0.4099 0.8473
vn 0.3404 -0.4106 0.8459
vn 0.3409 -0.4108 0.8456
vn 0.6041 -0.3742 0.7036
vn 0.6057 -0.3747 0.7019
vn 0.6063 -0.3748 0.7013
vn 0.7501 -0.3317 0.5721
vn 0.7512 -0.3308 0.5713
vn 0.7497 -0.3321 0.5724
vn 0.9110 -0.2433 0.3329
vn 0.9112 -0.2430 0.3326
vn 0.7248 0.2095 -0.6564
vn -0.3403 0.4079 -0.8472
vn -0.3427 0.4087 -0.8459
vn -0.3398 0.4078 -0.8475
vn -0.5883 0.4113 -0.6962
vn -0.5897 0.4106 -0.6954
vn -0.5880 0.4114 -0.6964
vn -0.7367 0.2618 -0.6235
vn -0.7378 0.2612 -0.6225
vn -0.7363 0.2620 -0.6238
vn -0.8173 0.1531 -0.5556
vn -0.8177 0.1518 -0.5553
vn -0.8178 0.1514 -0.5552
vn -0.9071 -0.0319 -0.4197
vn -0.9072 -0.0326 -0.4194
vn -0.9072 -0.0327 -0.4194
vn -0.4344 -0.7443 0.5073
vn -0.4342 -0.7443 0.5074
vn 0.5872 -0.4141 0.6955
vn 0.5887 -0.4134 0.6947
vn 0.5889 -0.4133 0.6945
vn 0.7367 -0.2619 0.6234
vn 0.7378 -0.2612 0.6224
vn 0.7382 -0.2610 0.6220
vn 0.8163 -0.1524 0.5572
vn 0.8167 -0.1511 0.5569
vn 0.8161 -0.1529 0.5573
vn 0.9051 0.0308 0.4242
vn 0.9052 0.0316 0.4239
vn 0.9050 0.0307 0.4242
vn 0.4333 0.7442 -0.5084
vn 0.4331 0.7442 -0.5085
vn 0.4334 0.7442 -0.5084
vn -0.6079 0.3631 -0.7062
vn -0.6056 0.3643 -0.7075
vn -0.6083 0.3628 -0.7059
vn -0.7303 0.2246 -0.6451
vn -0.7289 0.2255 -0.6464
vn -0.7308 0.2243 -0.6446
vn -0.7929 0.1325 -0.5948
vn -0.7925 0.1338 -0.5950
vn -0.7923 0.1343 -0.5951
vn -0.8674 -0.0128 -0.4974
vn -0.8674 -0.0126 -0.4974
vn -0.8674 -0.0125 -0.4974
vn -0.5249 -0.7426 0.4160
vn -0.5248 -0.7426 0.4160
vn 0.6087 -0.3606 0.7067
vn 0.6064 -0.3619 0.7080
vn 0.6060 -0.3621 0.7083
vn 0.7306 -0.2256 0.6445
vn 0.7292 -0.2264 0.6458
vn 0.7287 -0.2268 0.6462
vn 0.7947 -0.1340 0.5921
vn 0.7943 -0.1352 0.5923
vn 0.7948 -0.1335 0.5920
vn 0.8709 0.0143 0.4913
vn 0.8708 0.0141 0.4914
vn 0.5248 0.7426 -0.4160
vn 0.9048 0.0304 0.4248
vn 0.9015 0.0233 0.4321
vn 0.9051 0.0309 0.4242
vn 0.7690 -0.1152 0.6288
vn 0.7680 -0.1169 0.6297
vn 0.7693 -0.1147 0.6285
vn 0.7138 -0.1590 0.6821
vn 0.7141 -0.1585 0.6819
vn 0.7136 -0.1592 0.6822
vn 0.6550 -0.1973 0.7295
vn 0.6574 -0.1970 0.7274
vn 0.6581 -0.1969 0.7267
vn 0.4669 -0.2986 0.8323
vn 0.4761 -0.2965 0.8279
vn 0.4770 -0.2962 0.8275
vn -0.8997 -0.0277 -0.4355
vn -0.8964 -0.0206 -0.4429
vn -0.8961 -0.0200 -0.4434
vn -0.7636 0.1112 -0.6360
vn -0.7626 0.1129 -0.6369
vn -0.7623 0.1134 -0.6372
vn -0.7115 0.1515 -0.6862
vn -0.7118 0.1510 -0.6860
vn -0.7120 0.1508 -0.6858
vn -0.6565 0.1898 -0.7300
vn -0.6590 0.1895 -0.7279
vn -0.6558 0.1899 -0.7307
vn -0.4696 0.2960 -0.8318
vn -0.4788 0.2938 -0.8273
vn -0.4687 0.2962 -0.8322
vn 0.6776 -0.0540 0.7335
vn -0.7985 0.1565 -0.5813
vn -0.5536 0.5147 -0.6547
vn -0.5501 0.5147 -0.6577
vn -0.5548 0.5147 -0.6537
vn -0.7580 0.4015 -0.5140
vn -0.7571 0.4027 -0.5145
vn -0.7567 0.4032 -0.5147
vn -0.9126 0.2528 -0.3212
vn -0.9134 0.2512 -0.3203
vn -0.9136 0.2507 -0.3201
vn -0.9701 -0.1459 0.1939
vn -0.9689 -0.1500 0.1968
vn -0.9687 -0.1505 0.1972
vn 0.0307 -0.6180 0.7856
vn 0.0241 -0.6164 0.7871
vn 0.0231 -0.6162 0.7873
vn 0.5502 -0.5216 0.6521
vn 0.5466 -0.5216 0.6551
vn 0.5455 -0.5216 0.6561
vn 0.7583 -0.4103 0.5065
vn 0.7574 -0.4115 0.5070
vn 0.7588 -0.4098 0.5063
vn 0.9156 -0.2571 0.3091
vn 0.9164 -0.2555 0.3083
vn 0.9154 -0.2576 0.3094
vn 0.9683 0.1472 -0.2017
vn 0.9671 0.1512 -0.2045
vn 0.9685 0.1467 -0.2013
vn -0.0309 0.6178 -0.7857
vn -0.0243 0.6163 -0.7872
vn -0.0319 0.6180 -0.7855
vn -0.4040 0.7538 -0.5182
vn -0.3994 0.7529 -0.5232
vn -0.4058 0.7542 -0.5163
vn -0.7303 0.6229 -0.2804
vn -0.7286 0.6246 -0.2812
vn -0.7278 0.6253 -0.2815
vn -0.9330 0.3576 0.0402
vn -0.9339 0.3551 0.0412
vn -0.9342 0.3543 0.0415
vn -0.8442 -0.1889 0.5016
vn -0.8433 -0.1915 0.5021
vn -0.8431 -0.1921 0.5022
vn -0.1654 -0.7037 0.6909
vn -0.1704 -0.7002 0.6933
vn -0.1717 -0.6993 0.6939
vn 0.3966 -0.7620 0.5119
vn 0.3920 -0.7611 0.5168
vn 0.3902 -0.7607 0.5187
vn 0.7258 -0.6348 0.2650
vn 0.7241 -0.6364 0.2658
vn 0.7266 -0.6340 0.2647
vn 0.9305 -0.3615 -0.0590
vn 0.9314 -0.3590 -0.0599
vn 0.9302 -0.3623 -0.0586
vn 0.8417 0.1895 -0.5056
vn 0.8408 0.1920 -0.5061
vn 0.8419 0.1889 -0.5055
vn 0.1651 0.7036 -0.6912
vn 0.1701 0.7000 -0.6936
vn 0.1638 0.7045 -0.6905
vn -0.1882 0.9308 -0.3132
vn -0.1843 0.9305 -0.3164
vn -0.1895 0.9309 -0.3122
vn -0.6696 0.7356 -0.1028
vn -0.6676 0.7370 -0.1056
vn -0.6704 0.7350 -0.1016
vn -0.9214 0.3726 0.1107
vn -0.9215 0.3722 0.1107
vn -0.9216 0.3720 0.1107
vn -0.9324 -0.1555 0.3263
vn -0.9319 -0.1588 0.3260
vn -0.9318 -0.1598 0.3259
vn -0.5029 -0.7450 0.4382
vn -0.5031 -0.7448 0.4383
vn 0.1851 -0.9324 0.3104
vn 0.1812 -0.9321 0.3135
vn 0.1800 -0.9320 0.3146
vn 0.6647 -0.7414 0.0924
vn 0.6627 -0.7428 0.0951
vn 0.6618 -0.7434 0.0963
vn 0.9184 -0.3752 -0.1254
vn 0.9186 -0.3748 -0.1254
vn 0.9184 -0.3753 -0.1254
vn 0.9291 0.1571 -0.3347
vn 0.9287 0.1603 -0.3344
vn 0.9293 0.1561 -0.3348
vn 0.5030 0.7450 -0.4381
vn 0.5032 0.7448 -0.4382
vn -0.2083 0.9239 -0.3210
vn -0.2054 0.9234 -0.3242
vn -0.2095 0.9240 -0.3198
vn -0.6551 0.7529 -0.0625
vn -0.6538 0.7539 -0.0648
vn -0.6558 0.7525 -0.0614
vn -0.8997 0.3879 0.2003
vn -0.8999 0.3874 0.2004
vn -0.9000 0.3871 0.2004
vn -0.8795 -0.1725 0.4435
vn -0.8792 -0.1748 0.4433
vn -0.8791 -0.1755 0.4432
vn -0.4225 -0.7503 0.5084
vn -0.4234 -0.7494 0.5091
vn -0.4237 -0.7491 0.5093
vn 0.2049 -0.9257 0.3180
vn 0.2020 -0.9252 0.3212
vn 0.2008 -0.9251 0.3224
vn 0.6502 -0.7579 0.0529
vn 0.6489 -0.7589 0.0551
vn 0.6482 -0.7594 0.0562
vn 0.8960 -0.3897 -0.2127
vn 0.8963 -0.3891 -0.2128
vn 0.8959 -0.3899 -0.2127
vn 0.8766 0.1735 -0.4489
vn 0.8763 0.1757 -0.4486
vn 0.8767 0.1728 -0.4490
vn 0.4231 0.7503 -0.5080
vn 0.4239 0.7494 -0.5086
vn 0.4228 0.7506 -0.5078
vn -0.4850 0.6939 -0.5322
vn -0.4804 0.6926 -0.5382
vn -0.4869 0.6945 -0.5297
vn -0.7528 0.5910 -0.2897
vn -0.7490 0.5947 -0.2921
vn -0.7473 0.5964 -0.2932
vn -0.9301 0.3624 0.0599
vn -0.9296 0.3639 0.0591
vn -0.9294 0.3643 0.0588
vn -0.7581 -0.2019 0.6201
vn -0.7578 -0.2025 0.6202
vn -0.7578 -0.2026 0.6202
vn 0.0151 -0.6642 0.7474
vn 0.0104 -0.6612 0.7502
vn 0.0092 -0.6604 0.7509
vn 0.4841 -0.6950 0.5316
vn 0.4795 -0.6937 0.5375
vn 0.4776 -0.6931 0.5400
vn 0.7503 -0.5986 0.2806
vn 0.7464 -0.6023 0.2830
vn 0.7520 -0.5970 0.2795
vn 0.9274 -0.3660 -0.0780
vn 0.9268 -0.3674 -0.0772
vn 0.9275 -0.3655 -0.0782
vn 0.7557 0.2024 -0.6229
vn 0.7554 0.2030 -0.6230
vn 0.7557 0.2023 -0.6229
vn -0.0065 0.6676 -0.7445
vn -0.0019 0.6645 -0.7473
vn -0.0077 0.6684 -0.7438
vn -0.4904 0.6992 -0.5202
vn -0.4852 0.6989 -0.5254
vn -0.4922 0.6993 -0.5184
vn -0.7683 0.5540 -0.3206
vn -0.7649 0.5577 -0.3222
vn -0.7633 0.5595 -0.3230
vn -0.9409 0.3317 -0.0689
vn -0.9404 0.3328 -0.0694
vn -0.9403 0.3332 -0.0695
vn -0.9105 -0.1552 0.3832
vn -0.9099 -0.1574 0.3839
vn -0.9097 -0.1578 0.3841
vn -0.1081 -0.7119 0.6939
vn -0.1127 -0.7096 0.6955
vn -0.1136 -0.7091 0.6959
vn 0.4890 -0.7009 0.5192
vn 0.4838 -0.7006 0.5244
vn 0.4821 -0.7005 0.5262
vn 0.7663 -0.5615 0.3123
vn 0.7629 -0.5652 0.3139
vn 0.7679 -0.5598 0.3115
vn 0.9405 -0.3358 0.0521
vn 0.9400 -0.3370 0.0526
vn 0.9406 -0.3355 0.0520
vn 0.9057 0.1573 -0.3936
vn 0.9051 0.1595 -0.3942
vn 0.9059 0.1569 -0.3934
vn 0.1142 0.7136 -0.6912
vn 0.1188 0.7112 -0.6928
vn 0.1134 0.7140 -0.6909
vn -0.4575 0.7471 -0.4822
vn -0.4531 0.7467 -0.4870
vn -0.4592 0.7472 -0.4805
vn -0.7605 0.5933 -0.2637
vn -0.7571 0.5971 -0.2652
vn -0.7553 0.5990 -0.2660
vn -0.9386 0.3450 0.0017
vn -0.9379 0.3469 0.0011
vn -0.9376 0.3476 0.0008
vn -0.8928 -0.1611 0.4207
vn -0.8924 -0.1623 0.4209
vn -0.8924 -0.1626 0.4210
vn -0.1549 -0.7277 0.6682
vn -0.1580 -0.7258 0.6695
vn -0.1586 -0.7254 0.6698
vn 0.4577 -0.7469 0.4824
vn 0.4533 -0.7465 0.4871
vn 0.4517 -0.7463 0.4889
vn 0.7584 -0.5990 0.2569
vn 0.7550 -0.6027 0.2584
vn 0.7602 -0.5971 0.2561
vn 0.9372 -0.3484 -0.0168
vn 0.9365 -0.3503 -0.0162
vn 0.9374 -0.3478 -0.0170
vn 0.8879 0.1631 -0.4301
vn 0.8876 0.1642 -0.4304
vn 0.8880 0.1628 -0.4300
vn 0.1615 0.7291 -0.6651
vn 0.1644 0.7273 -0.6664
vn 0.1608 0.7295 -0.6648
vn -0.5298 0.6708 -0.5189
vn -0.5255 0.6701 -0.5242
vn -0.5313 0.6711 -0.5170
vn -0.7753 0.5593 -0.2934
vn -0.7728 0.5619 -0.2950
vn -0.7718 0.5630 -0.2957
vn -0.9373 0.3482 0.0170
vn -0.9374 0.3479 0.0172
vn -0.9374 0.3478 0.0173
vn -0.8011 -0.1886 0.5680
vn -0.8003 -0.1904 0.5686
vn -0.8001 -0.1907 0.5687
vn 0.0427 -0.6736 0.7378
vn 0.0373 -0.6707 0.7408
vn 0.0361 -0.6701 0.7414
vn 0.5264 -0.6753 0.5167
vn 0.5221 -0.6745 0.5219
vn 0.5206 -0.6742 0.5238
vn 0.7726 -0.5681 0.2835
vn 0.7701 -0.5707 0.2851
vn 0.7736 -0.5670 0.2828
vn 0.9354 -0.3519 -0.0338
vn 0.9356 -0.3515 -0.0340
vn 0.9354 -0.3520 -0.0338
vn 0.7977 0.1895 -0.5724
vn 0.7969 0.1912 -0.5730
vn 0.7979 0.1892 -0.5723
vn -0.0389 0.6750 -0.7368
vn -0.0334 0.6721 -0.7397
vn -0.0400 0.6757 -0.7361
vn -0.5209 0.6917 -0.5002
vn -0.5174 0.6908 -0.5050
vn -0.5222 0.6920 -0.4984
vn -0.7689 0.5878 -0.2516
vn -0.7662 0.5905 -0.2536
vn -0.7651 0.5916 -0.2544
vn -0.9270 0.3630 0.0939
vn -0.9268 0.3638 0.0934
vn -0.9267 0.3640 0.0933
vn -0.7379 -0.2028 0.6437
vn -0.7376 -0.2035 0.6439
vn -0.7375 -0.2036 0.6439
vn 0.0611 -0.6725 0.7376
vn 0.0571 -0.6701 0.7401
vn 0.0562 -0.6695 0.7406
vn 0.5196 -0.6933 0.4994
vn 0.5161 -0.6924 0.5042
vn 0.5148 -0.6921 0.5059
vn 0.7666 -0.5937 0.2447
vn 0.7639 -0.5964 0.2466
vn 0.7677 -0.5926 0.2439
vn 0.9246 -0.3656 -0.1071
vn 0.9244 -0.3663 -0.1067
vn 0.9247 -0.3654 -0.1072
vn 0.7358 0.2033 -0.6460
vn 0.7355 0.2039 -0.6461
vn 0.7359 0.2032 -0.6459
vn -0.0557 0.6745 -0.7361
vn -0.0517 0.6721 -0.7386
vn -0.0566 0.6751 -0.7356
vn -0.4258 0.8000 -0.4227
vn -0.4231 0.7987 -0.4279
vn -0.4270 0.8005 -0.4206
vn -0.7021 0.7074 -0.0811
vn -0.7000 0.7093 -0.0827
vn -0.6992 0.7100 -0.0834
vn -0.8411 0.4013 0.3627
vn -0.8412 0.4007 0.3630
vn -0.8413 0.4006 0.3631
vn -0.5864 -0.2290 0.7769
vn -0.5866 -0.2285 0.7769
vn -0.5867 -0.2284 0.7769
vn -0.0000 -0.7009 0.7133
vn -0.0032 -0.6975 0.7166
vn -0.0042 -0.6965 0.7175
vn 0.4218 -0.8036 0.4200
vn 0.4190 -0.8023 0.4252
vn 0.4179 -0.8017 0.4273
vn 0.6969 -0.7136 0.0713
vn 0.6949 -0.7154 0.0729
vn 0.6977 -0.7129 0.0706
vn 0.8359 -0.4021 -0.3735
vn 0.8361 -0.4016 -0.3738
vn 0.8359 -0.4023 -0.3734
vn 0.5875 0.2289 -0.7762
vn 0.5877 0.2284 -0.7762
vn 0.5874 0.2290 -0.7762
vn 0.0025 0.7016 -0.7126
vn 0.0057 0.6983 -0.7158
vn 0.0016 0.7026 -0.7116
vn -0.3902 0.8353 -0.3872
vn -0.3886 0.8340 -0.3917
vn -0.3910 0.8359 -0.3851
vn -0.6453 0.7635 0.0232
vn -0.6442 0.7645 0.0221
vn -0.6438 0.7649 0.0216
vn -0.7385 0.4093 0.5358
vn -0.7387 0.4085 0.5362
vn -0.7388 0.4082 0.5363
vn -0.4451 -0.2471 0.8607
vn -0.4456 -0.2454 0.8610
vn -0.4457 -0.2449 0.8610
vn 0.0278 -0.6988 0.7148
vn 0.0256 -0.6953 0.7182
vn 0.0248 -0.6941 0.7195
vn 0.3850 -0.8394 0.3837
vn 0.3833 -0.8381 0.3881
vn 0.3826 -0.8375 0.3902
vn 0.6393 -0.7683 -0.0326
vn 0.6381 -0.7693 -0.0315
vn 0.6397 -0.7679 -0.0330
vn 0.7342 -0.4092 -0.5419
vn 0.7343 -0.4084 -0.5422
vn 0.7341 -0.4094 -0.5417
vn 0.4482 0.2468 -0.8592
vn 0.4487 0.2451 -0.8594
vn 0.4480 0.2473 -0.8591
vn -0.0274 0.6989 -0.7147
vn -0.0252 0.6954 -0.7182
vn -0.0281 0.7001 -0.7135
vn -0.2592 0.9219 -0.2879
vn -0.2561 0.9220 -0.2903
vn -0.2548 0.9221 -0.2914
vn -0.5012 0.8372 0.2189
vn -0.5004 0.8379 0.2179
vn -0.5001 0.8382 0.2176
vn -0.5739 0.3946 0.7176
vn -0.5739 0.3944 0.7176
vn -0.5739 0.3944 0.7177
vn -0.3746 -0.2562 0.8911
vn -0.3748 -0.2543 0.8915
vn -0.3749 -0.2537 0.8917
vn -0.0509 -0.7275 0.6842
vn -0.0519 -0.7246 0.6872
vn -0.0523 -0.7234 0.6884
vn 0.2555 -0.9237 0.2854
vn 0.2524 -0.9238 0.2878
vn 0.2569 -0.9237 0.2843
vn 0.4967 -0.8385 -0.2242
vn 0.4958 -0.8393 -0.2232
vn 0.4969 -0.8382 -0.2245
vn 0.5727 -0.3944 -0.7187
vn 0.5727 -0.3942 -0.7187
vn 0.3783 0.2559 -0.8896
vn 0.3785 0.2540 -0.8901
vn 0.3783 0.2565 -0.8894
vn 0.0519 0.7277 -0.6839
vn 0.0529 0.7248 -0.6869
vn 0.0515 0.7289 -0.6827
vn -0.3027 0.9024 -0.3066
vn -0.2923 0.9058 -0.3067
vn -0.2913 0.9058 -0.3077
vn -0.4654 0.8456 0.2613
vn -0.4648 0.8462 0.2604
vn -0.4646 0.8464 0.2602
vn -0.4462 0.3710 0.8144
vn -0.4462 0.3711 0.8144
vn -0.2071 -0.2696 0.9404
vn -0.2072 -0.2676 0.9410
vn -0.2072 -0.2668 0.9412
vn 0.0600 -0.7006 0.7110
vn 0.0596 -0.6980 0.7136
vn 0.0594 -0.6968 0.7148
vn 0.2993 -0.9043 0.3043
vn 0.2894 -0.9074 0.3048
vn 0.2920 -0.9071 0.3032
vn 0.4618 -0.8464 -0.2652
vn 0.4612 -0.8470 -0.2643
vn 0.4620 -0.8462 -0.2655
vn 0.4473 -0.3712 -0.8137
vn 0.4473 -0.3713 -0.8137
vn 0.2123 0.2693 -0.9393
vn 0.2124 0.2673 -0.9399
vn 0.2123 0.2700 -0.9391
vn -0.0585 0.7011 -0.7107
vn -0.0581 0.6985 -0.7133
vn -0.0586 0.7023 -0.7095
vn -0.3036 0.9021 -0.3066
vn -0.2950 0.9055 -0.3051
vn -0.3893 0.8567 0.3385
vn -0.3893 0.8566 0.3385
vn -0.2734 0.3275 0.9044
vn -0.2733 0.3282 0.9042
vn -0.2733 0.3284 0.9041
vn -0.0482 -0.2764 0.9598
vn -0.0481 -0.2742 0.9605
vn -0.0481 -0.2734 0.9607
vn 0.1439 -0.6742 0.7244
vn 0.1422 -0.6731 0.7258
vn 0.1447 -0.6748 0.7237
vn 0.3001 -0.9041 0.3043
vn 0.3004 -0.9041 0.3039
vn 0.3872 -0.8568 -0.3405
vn 0.3873 -0.8568 -0.3405
vn 0.3872 -0.8568 -0.3404
vn 0.2756 -0.3280 -0.9036
vn 0.2755 -0.3288 -0.9033
vn 0.2756 -0.3278 -0.9037
vn 0.0498 0.2764 -0.9598
vn 0.0497 0.2742 -0.9604
vn 0.0498 0.2772 -0.9595
vn -0.1457 0.6735 -0.7247
vn -0.1440 0.6723 -0.7261
vn -0.1432 0.6718 -0.7268
vn -0.4411 0.8069 -0.3929
vn -0.4408 0.8066 -0.3938
vn -0.4408 0.8065 -0.3940
vn -0.1870 0.8416 0.5067
vn 0.2270 0.1533 0.9617
vn 0.2271 0.1517 0.9620
vn 0.2271 0.1513 0.9621
vn 0.3708 -0.2522 0.8938
vn 0.3707 -0.2531 0.8936
vn 0.3706 -0.2535 0.8935
vn 0.4323 -0.5233 0.7343
vn 0.4434 -0.8049 0.3944
vn 0.4432 -0.8046 0.3953
vn 0.4435 -0.8050 0.3941
vn 0.1870 -0.8416 -0.5067
vn 0.1869 -0.8416 -0.5067
vn -0.2259 -0.1537 -0.9619
vn -0.2260 -0.1521 -0.9622
vn -0.2259 -0.1541 -0.9619
vn -0.3680 0.2525 -0.8949
vn -0.3679 0.2534 -0.8947
vn -0.3681 0.2521 -0.8950
vn -0.4293 0.5253 -0.7347
vn -0.4293 0.5254 -0.7347
vn -0.5074 0.2338 -0.8294
vn -0.5088 0.2378 -0.8274
vn -0.5095 0.2398 -0.8264
vn -0.4968 -0.0263 -0.8674
vn -0.4953 -0.0210 -0.8685
vn -0.4974 -0.0282 -0.8671
vn -0.3711 -0.5366 -0.7578
vn -0.3714 -0.5325 -0.7606
vn -0.3711 -0.5373 -0.7573
vn 0.2643 -0.9232 0.2790
vn 0.2644 -0.9229 0.2799
vn 0.2643 -0.9232 0.2789
vn 0.4707 -0.4972 0.7288
vn 0.4713 -0.4991 0.7272
vn 0.4706 -0.4966 0.7294
vn 0.5022 -0.2347 0.8323
vn 0.5037 -0.2387 0.8303
vn 0.5015 -0.2327 0.8333
vn 0.4985 0.0255 0.8665
vn 0.4970 0.0202 0.8675
vn 0.4965 0.0183 0.8679
vn 0.3804 0.5282 0.7592
vn 0.3806 0.5239 0.7620
vn 0.3807 0.5233 0.7624
vn -0.2768 0.9170 -0.2872
vn -0.2769 0.9167 -0.2882
vn -0.2770 0.9166 -0.2883
vn -0.4816 0.4892 -0.7272
vn -0.4821 0.4911 -0.7255
vn -0.4823 0.4918 -0.7249
vn 0.7985 -0.1565 0.5813
vn 0.4742 -0.6486 0.5954
vn 0.4742 -0.6486 0.5953
vn -0.1099 0.9782 -0.1760
vn -0.1097 0.9784 -0.1755
vn -0.1096 0.9784 -0.1755
vn 0.5683 0.3045 0.7644
vn 0.5689 0.3097 0.7619
vn 0.5690 0.3106 0.7614
vn 0.5881 -0.0408 0.8078
vn 0.5903 -0.0354 0.8064
vn 0.5911 -0.0334 0.8059
vn 0.5676 -0.2363 0.7887
vn 0.5666 -0.2315 0.7908
vn 0.5680 -0.2384 0.7877
vn 0.5067 -0.4775 0.7178
vn 0.5065 -0.4745 0.7200
vn 0.5067 -0.4782 0.7173
vn 0.0974 -0.9811 0.1674
vn 0.0971 -0.9812 0.1669
vn 0.0974 -0.9811 0.1675
vn -0.5587 -0.3175 -0.7662
vn -0.5593 -0.3226 -0.7636
vn -0.5586 -0.3166 -0.7667
vn -0.5858 0.0395 -0.8095
vn -0.5880 0.0342 -0.8082
vn -0.5850 0.0415 -0.8100
vn -0.5722 0.2354 -0.7856
vn -0.5712 0.2306 -0.7878
vn -0.5707 0.2284 -0.7887
vn -0.5190 0.4679 -0.7154
vn -0.5188 0.4648 -0.7175
vn -0.5188 0.4641 -0.7180
vn -0.6980 0.4656 -0.5441
vn -0.6979 0.4657 -0.5441
vn 0.7221 0.0367 0.6908
vn -0.7215 -0.0325 -0.6917
vn 0.7221 0.0366 0.6908
vn -0.7369 0.1368 -0.6620
vn -0.7369 0.1369 -0.6620
vn -0.7368 0.1371 -0.6621
vn -0.7367 0.1967 -0.6470
vn -0.7333 0.2590 -0.6286
vn -0.7334 0.2589 -0.6286
vn -0.6967 0.4679 -0.5438
vn 0.6980 -0.4656 0.5441
vn -0.6979 0.4658 -0.5441
vn -0.7221 -0.0368 -0.6908
vn -0.7221 -0.0365 -0.6908
vn -0.7221 -0.0369 -0.6908
vn -0.7367 0.1968 -0.6470
vn -0.7334 0.2588 -0.6286
vn -0.6954 0.6941 -0.1862
vn -0.6020 0.7813 -0.1646
vn -0.7068 0.6818 -0.1888
vn 0.7628 0.4416 0.4724
vn 0.6626 0.5722 0.4834
vn 0.7721 0.4271 0.4706
vn 0.8607 -0.0519 0.5064
vn 0.8447 0.0018 0.5352
vn 0.8647 -0.0674 0.4977
vn 0.8404 -0.1758 0.5127
vn 0.8397 -0.1718 0.5151
vn 0.8407 -0.1777 0.5115
vn 0.8403 -0.2772 0.4659
vn 0.8206 -0.3246 0.4704
vn 0.8139 -0.3394 0.4716
vn 0.7398 -0.6085 0.2870
vn 0.6410 -0.7232 0.2572
vn 0.6289 -0.7351 0.2534
vn -0.7288 -0.5319 -0.4312
vn -0.6348 -0.6344 -0.4411
vn -0.6247 -0.6440 -0.4416
vn -0.9152 -0.0749 -0.3960
vn -0.8975 -0.1254 -0.4229
vn -0.8920 -0.1393 -0.4300
vn -0.9258 0.1402 -0.3509
vn -0.9255 0.1363 -0.3534
vn -0.9253 0.1345 -0.3545
vn -0.8882 0.3453 -0.3030
vn -0.8680 0.3901 -0.3072
vn -0.8939 0.3317 -0.3016
vn -0.7745 0.4781 -0.4143
vn -0.7837 0.4641 -0.4128
vn -0.7729 0.4804 -0.4145
vn 0.6295 0.7100 0.3156
vn 0.6279 0.7116 0.3151
vn 0.6296 0.7099 0.3157
vn 0.8861 -0.0473 0.4612
vn 0.8840 -0.0336 0.4662
vn 0.8865 -0.0506 0.4599
vn 0.8650 -0.1917 0.4638
vn 0.8643 -0.1766 0.4710
vn 0.8652 -0.1986 0.4605
vn 0.8353 -0.2818 0.4721
vn 0.8426 -0.2671 0.4676
vn 0.8454 -0.2613 0.4659
vn 0.7809 -0.4275 0.4554
vn 0.7898 -0.4128 0.4538
vn 0.7912 -0.4103 0.4535
vn -0.6963 -0.6077 -0.3820
vn -0.6943 -0.6104 -0.3812
vn -0.6943 -0.6105 -0.3812
vn -0.8684 0.0818 -0.4890
vn -0.8667 0.0679 -0.4942
vn -0.8662 0.0645 -0.4955
vn -0.8593 0.1938 -0.4733
vn -0.8586 0.1787 -0.4805
vn -0.8582 0.1718 -0.4837
vn -0.8407 0.2884 -0.4584
vn -0.8480 0.2736 -0.4539
vn -0.8378 0.2941 -0.4600
vn -0.7062 0.6052 -0.3675
vn -0.7470 0.5650 -0.3503
vn -0.6966 0.6140 -0.3712
vn 0.0038 0.9831 -0.1830
vn -0.0027 0.9830 -0.1837
vn 0.0043 0.9831 -0.1829
vn 0.9539 0.0586 0.2942
vn 0.9465 0.1194 0.2998
vn 0.9548 0.0490 0.2932
vn 0.8869 -0.2754 0.3709
vn 0.8966 -0.2077 0.3910
vn 0.8825 -0.2983 0.3636
vn 0.8029 -0.3929 0.4484
vn 0.8410 -0.3395 0.4214
vn 0.8556 -0.3166 0.4094
vn 0.7313 -0.4818 0.4827
vn 0.7711 -0.4363 0.4637
vn 0.7798 -0.4256 0.4591
vn 0.2956 -0.8768 0.3792
vn 0.3137 -0.8687 0.3834
vn 0.3145 -0.8683 0.3835
vn -0.8846 0.1291 -0.4481
vn -0.8883 0.0571 -0.4557
vn -0.8885 0.0465 -0.4566
vn -0.8565 0.2895 -0.4273
vn -0.8664 0.2213 -0.4476
vn -0.8689 0.1971 -0.4541
vn -0.8144 0.4076 -0.4130
vn -0.8519 0.3541 -0.3859
vn -0.7976 0.4294 -0.4237
vn 0.0074 0.8102 0.5861
vn 0.0086 0.8107 0.5854
vn 0.0070 0.8100 0.5863
vn 0.6212 0.7149 0.3210
vn 0.6238 0.7142 0.3175
vn 0.6203 0.7152 0.3221
vn 0.9316 0.3618 -0.0354
vn 0.9295 0.3679 -0.0245
vn 0.9323 0.3594 -0.0396
vn 0.9359 -0.0912 -0.3401
vn 0.9398 -0.0657 -0.3352
vn 0.9412 -0.0560 -0.3333
vn 0.6274 -0.5410 -0.5600
vn 0.6399 -0.5244 -0.5617
vn 0.6439 -0.5189 -0.5622
vn -0.0097 -0.8088 -0.5880
vn -0.0111 -0.8093 -0.5873
vn -0.0115 -0.8095 -0.5870
vn -0.6465 -0.6795 -0.3469
vn -0.6493 -0.6787 -0.3432
vn -0.6504 -0.6784 -0.3418
vn -0.9471 -0.3208 -0.0070
vn -0.9449 -0.3268 -0.0185
vn -0.9438 -0.3296 -0.0238
vn -0.9444 0.1048 0.3117
vn -0.9484 0.0787 0.3070
vn -0.9424 0.1160 0.3136
vn -0.6246 0.5397 0.5644
vn -0.6370 0.5232 0.5661
vn -0.6205 0.5450 0.5638
vn 0.0743 0.7585 0.6474
vn 0.0761 0.7596 0.6459
vn 0.0737 0.7581 0.6479
vn 0.6043 0.7336 0.3111
vn 0.6057 0.7334 0.3086
vn 0.6037 0.7336 0.3120
vn 0.8902 0.4372 -0.1281
vn 0.8899 0.4387 -0.1247
vn 0.8903 0.4366 -0.1295
vn 0.8579 -0.0177 -0.5135
vn 0.8592 -0.0096 -0.5115
vn 0.8597 -0.0066 -0.5108
vn 0.4997 -0.4792 -0.7216
vn 0.5024 -0.4753 -0.7223
vn 0.5033 -0.4739 -0.7225
vn -0.0770 -0.7563 -0.6496
vn -0.0788 -0.7574 -0.6481
vn -0.0795 -0.7579 -0.6476
vn -0.6141 -0.7208 -0.3214
vn -0.6156 -0.7207 -0.3189
vn -0.6161 -0.7207 -0.3178
vn -0.8995 -0.4222 0.1124
vn -0.8993 -0.4236 0.1088
vn -0.8992 -0.4243 0.1071
vn -0.8634 0.0238 0.5039
vn -0.8647 0.0156 0.5020
vn -0.8628 0.0272 0.5047
vn -0.4996 0.4792 0.7217
vn -0.5023 0.4753 0.7224
vn -0.4986 0.4806 0.7214
vn 0.0514 0.7768 0.6276
vn 0.0515 0.7768 0.6276
vn 0.0516 0.7768 0.6276
vn 0.4982 0.8424 0.2055
vn 0.4981 0.8424 0.2055
vn 0.7545 0.5863 -0.2949
vn 0.7546 0.5861 -0.2950
vn 0.7546 0.5861 -0.2951
vn 0.7228 0.1067 -0.6828
vn 0.7225 0.1062 -0.6832
vn 0.7229 0.1068 -0.6826
vn 0.4150 -0.4139 -0.8103
vn 0.4145 -0.4141 -0.8104
vn 0.4152 -0.4137 -0.8102
vn -0.0515 -0.7767 -0.6277
vn -0.0516 -0.7768 -0.6277
vn -0.4977 -0.8428 -0.2050
vn -0.4976 -0.8428 -0.2050
vn -0.4978 -0.8428 -0.2049
vn -0.7535 -0.5871 0.2958
vn -0.7536 -0.5869 0.2960
vn -0.7535 -0.5872 0.2958
vn -0.7222 -0.1072 0.6833
vn -0.7218 -0.1068 0.6838
vn -0.7217 -0.1066 0.6840
vn -0.4150 0.4139 0.8102
vn -0.4145 0.4142 0.8103
vn -0.4143 0.4143 0.8104
vn 0.1315 0.6937 0.7082
vn 0.1334 0.6940 0.7075
vn 0.1343 0.6941 0.7072
vn 0.5423 0.8020 0.2503
vn 0.5424 0.8020 0.2503
vn 0.7418 0.5971 -0.3053
vn 0.7421 0.5964 -0.3058
vn 0.7422 0.5962 -0.3061
vn 0.6536 0.1678 -0.7380
vn 0.6533 0.1647 -0.7389
vn 0.6532 0.1632 -0.7394
vn 0.3218 -0.3200 -0.8911
vn 0.3183 -0.3217 -0.8917
vn 0.3236 -0.3191 -0.8908
vn -0.1340 -0.6909 -0.7105
vn -0.1359 -0.6911 -0.7098
vn -0.1330 -0.6907 -0.7108
vn -0.5428 -0.8015 -0.2509
vn -0.5429 -0.8015 -0.2508
vn -0.7386 -0.5995 0.3082
vn -0.7390 -0.5989 0.3086
vn -0.7385 -0.5998 0.3079
vn -0.6503 -0.1704 0.7403
vn -0.6501 -0.1673 0.7412
vn -0.6504 -0.1721 0.7398
vn -0.3224 0.3205 0.8907
vn -0.3189 0.3223 0.8913
vn -0.3171 0.3232 0.8916
vn 0.3589 0.3191 0.8771
vn 0.3659 0.3194 0.8741
vn 0.3691 0.3195 0.8727
vn 0.7293 0.4878 0.4797
vn 0.7297 0.4877 0.4792
vn 0.7299 0.4877 0.4791
vn 0.8584 0.4789 -0.1839
vn 0.8583 0.4795 -0.1829
vn 0.8582 0.4796 -0.1827
vn 0.5702 0.2417 -0.7851
vn 0.5675 0.2366 -0.7886
vn 0.5667 0.2350 -0.7897
vn 0.0857 -0.0545 -0.9948
vn 0.0792 -0.0635 -0.9948
vn 0.0764 -0.0672 -0.9948
vn -0.3676 -0.3003 -0.8802
vn -0.3747 -0.3005 -0.8771
vn -0.3643 -0.3001 -0.8816
vn -0.7354 -0.4686 -0.4894
vn -0.7359 -0.4685 -0.4889
vn -0.7353 -0.4686 -0.4896
vn -0.8604 -0.4763 0.1814
vn -0.8603 -0.4769 0.1804
vn -0.8604 -0.4761 0.1817
vn -0.5655 -0.2453 0.7875
vn -0.5627 -0.2401 0.7910
vn -0.5664 -0.2470 0.7863
vn -0.0901 0.0592 0.9942
vn -0.0835 0.0681 0.9942
vn -0.0928 0.0555 0.9941
vn 0.4177 0.1498 0.8961
vn 0.4228 0.1494 0.8938
vn 0.4253 0.1492 0.8927
vn 0.7728 0.2823 0.5684
vn 0.7738 0.2820 0.5673
vn 0.7741 0.2818 0.5669
vn 0.9373 0.3426 -0.0634
vn 0.9372 0.3431 -0.0622
vn 0.9372 0.3433 -0.0618
vn 0.6020 0.2238 -0.7665
vn 0.6003 0.2219 -0.7684
vn 0.5998 0.2213 -0.7689
vn 0.0328 0.0236 -0.9992
vn 0.0279 0.0188 -0.9994
vn 0.0260 0.0170 -0.9995
vn -0.4215 -0.1390 -0.8961
vn -0.4266 -0.1386 -0.8938
vn -0.4190 -0.1392 -0.8972
vn -0.7745 -0.2671 -0.5735
vn -0.7754 -0.2668 -0.5723
vn -0.7741 -0.2672 -0.5739
vn -0.9397 -0.3369 0.0586
vn -0.9396 -0.3374 0.0573
vn -0.9397 -0.3368 0.0590
vn -0.5987 -0.2265 0.7683
vn -0.5970 -0.2245 0.7702
vn -0.5992 -0.2270 0.7677
vn -0.0338 -0.0224 0.9992
vn -0.0289 -0.0177 0.9994
vn -0.0357 -0.0242 0.9991
vn 0.2977 0.4174 0.8586
vn 0.3000 0.4174 0.8578
vn 0.3011 0.4174 0.8574
vn 0.7069 0.5442 0.4518
vn 0.7076 0.5439 0.4510
vn 0.7079 0.5438 0.4507
vn 0.8696 0.4633 -0.1705
vn 0.6569 0.1790 -0.7324
vn 0.6566 0.1783 -0.7328
vn 0.6565 0.1780 -0.7330
vn 0.2000 -0.1518 -0.9680
vn 0.1974 -0.1570 -0.9677
vn 0.1968 -0.1579 -0.9677
vn -0.2986 -0.4156 -0.8591
vn -0.3009 -0.4156 -0.8583
vn -0.2975 -0.4156 -0.8595
vn -0.7082 -0.5410 -0.4537
vn -0.7089 -0.5407 -0.4529
vn -0.7079 -0.5412 -0.4540
vn -0.8701 -0.4626 0.1699
vn -0.6552 -0.1806 0.7336
vn -0.6549 -0.1799 0.7340
vn -0.6553 -0.1809 0.7334
vn -0.1991 0.1507 0.9683
vn -0.1964 0.1559 0.9681
vn -0.1970 0.1545 0.9682
vn 0.3462 0.2964 0.8901
vn 0.3494 0.2987 0.8881
vn 0.3447 0.2953 0.8910
vn 0.7591 0.3482 0.5500
vn 0.7606 0.3473 0.5485
vn 0.7612 0.3470 0.5479
vn 0.9591 0.2827 -0.0145
vn 0.9590 0.2829 -0.0141
vn 0.9590 0.2830 -0.0140
vn 0.7545 0.0809 -0.6513
vn 0.7544 0.0806 -0.6515
vn 0.7543 0.0805 -0.6516
vn 0.2022 -0.1498 -0.9678
vn 0.1979 -0.1557 -0.9678
vn -0.3482 -0.2916 -0.8909
vn -0.3513 -0.2940 -0.8889
vn -0.3528 -0.2951 -0.8879
vn -0.7606 -0.3390 -0.5537
vn -0.7621 -0.3381 -0.5522
vn -0.7600 -0.3394 -0.5543
vn -0.9608 -0.2771 0.0099
vn -0.9607 -0.2773 0.0095
vn -0.9608 -0.2770 0.0100
vn -0.7540 -0.0815 0.6518
vn -0.7538 -0.0812 0.6520
vn -0.7541 -0.0816 0.6517
vn -0.2013 0.1487 0.9682
vn -0.2024 0.1478 0.9681
vn 0.3038 0.3784 0.8744
vn 0.3068 0.3796 0.8728
vn 0.3027 0.3779 0.8750
vn 0.7638 0.3016 0.5706
vn 0.7648 0.3018 0.5692
vn 0.7634 0.3015 0.5713
vn 0.9858 0.1335 0.1017
vn 0.9856 0.1345 0.1027
vn 0.9855 0.1349 0.1031
vn 0.8780 -0.1069 -0.4666
vn 0.8788 -0.1055 -0.4654
vn 0.8790 -0.1050 -0.4650
vn 0.3459 -0.3209 -0.8817
vn 0.3446 -0.3218 -0.8819
vn 0.3442 -0.3221 -0.8819
vn -0.3062 -0.3730 -0.8758
vn -0.3092 -0.3742 -0.8743
vn -0.3104 -0.3747 -0.8736
vn -0.7651 -0.2908 -0.5746
vn -0.7660 -0.2910 -0.5732
vn -0.7665 -0.2911 -0.5725
vn -0.9862 -0.1250 -0.1083
vn -0.9860 -0.1260 -0.1093
vn -0.9863 -0.1246 -0.1079
vn -0.8791 0.1092 0.4640
vn -0.8799 0.1078 0.4628
vn -0.8788 0.1097 0.4644
vn -0.3459 0.3209 0.8817
vn -0.3446 0.3217 0.8819
vn -0.3463 0.3206 0.8816
vn 0.2726 0.4371 0.8571
vn 0.2739 0.4382 0.8561
vn 0.2719 0.4366 0.8576
vn 0.7202 0.4952 0.4858
vn 0.7215 0.4944 0.4847
vn 0.7221 0.4941 0.4841
vn 0.9250 0.3697 -0.0879
vn 0.9251 0.3692 -0.0884
vn 0.9252 0.3690 -0.0886
vn 0.7539 0.0828 -0.6517
vn 0.7539 0.0829 -0.6517
vn 0.7540 0.0829 -0.6517
vn 0.2777 -0.2301 -0.9327
vn 0.2772 -0.2307 -0.9327
vn 0.2770 -0.2310 -0.9327
vn -0.2716 -0.4391 -0.8564
vn -0.2730 -0.4402 -0.8554
vn -0.2736 -0.4407 -0.8549
vn -0.7204 -0.4945 -0.4862
vn -0.7217 -0.4938 -0.4850
vn -0.7198 -0.4949 -0.4868
vn -0.9256 -0.3685 0.0869
vn -0.9257 -0.3680 0.0874
vn -0.9255 -0.3687 0.0867
vn -0.7533 -0.0836 0.6524
vn -0.7533 -0.0837 0.6523
vn -0.2757 0.2274 0.9340
vn -0.2751 0.2280 0.9340
vn -0.2759 0.2272 0.9340
vn -0.8726 0.0960 0.4789
vn -0.8727 0.0959 0.4788
vn -0.8726 0.0961 0.4789
vn -0.9802 -0.1869 -0.0647
vn -0.9794 -0.1913 -0.0653
vn -0.9804 -0.1863 -0.0642
vn -0.7462 -0.3863 -0.5421
vn -0.7450 -0.3820 -0.5468
vn -0.7442 -0.3817 -0.5481
vn -0.2597 -0.4603 -0.8489
vn -0.2580 -0.4596 -0.8498
vn -0.2573 -0.4592 -0.8503
vn 0.3766 -0.3592 -0.8539
vn 0.3769 -0.3590 -0.8539
vn 0.3770 -0.3589 -0.8539
vn 0.8715 -0.0939 -0.4812
vn 0.8716 -0.0938 -0.4812
vn 0.8716 -0.0937 -0.4811
vn 0.9797 0.1905 0.0618
vn 0.9787 0.1961 0.0614
vn 0.9794 0.1919 0.0626
vn 0.7460 0.3875 0.5416
vn 0.7445 0.3847 0.5456
vn 0.7468 0.3877 0.5404
vn 0.2607 0.4582 0.8497
vn 0.2590 0.4574 0.8507
vn 0.2614 0.4586 0.8493
vn -0.3757 0.3581 0.8547
vn -0.3760 0.3579 0.8547
vn -0.3756 0.3582 0.8548
vn -0.4742 0.6486 -0.5954
vn -0.4742 0.6486 -0.5953
vn 0.3354 -0.5998 0.7265
vn 0.2621 0.4407 0.8586
vn 0.2643 0.4417 0.8574
vn 0.2611 0.4402 0.8591
vn 0.7425 0.3816 0.5506
vn 0.7438 0.3844 0.5468
vn 0.7417 0.3814 0.5517
vn 0.9785 0.1967 0.0614
vn 0.8652 -0.0819 -0.4946
vn 0.8654 -0.0816 -0.4944
vn 0.8654 -0.0815 -0.4944
vn 0.3647 -0.3402 -0.8668
vn 0.3640 -0.3408 -0.8668
vn 0.3637 -0.3410 -0.8668
vn -0.2621 -0.4406 -0.8586
vn -0.2643 -0.4417 -0.8574
vn -0.2652 -0.4421 -0.8568
vn -0.7432 -0.3774 -0.5525
vn -0.9793 -0.1917 -0.0655
vn -0.9799 -0.1882 -0.0656
vn -0.9792 -0.1920 -0.0657
vn -0.8662 0.0837 0.4926
vn -0.8664 0.0834 0.4924
vn -0.8662 0.0838 0.4927
vn -0.3638 0.3391 0.8675
vn -0.3631 0.3397 0.8676
vn -0.3641 0.3389 0.8675
vn 0.3382 0.2375 0.9106
vn 0.3393 0.2381 0.9101
vn 0.3378 0.2372 0.9108
vn 0.7536 0.2409 0.6116
vn 0.7556 0.2396 0.6097
vn 0.7564 0.2390 0.6089
vn 0.9816 0.1689 0.0889
vn 0.9821 0.1675 0.0867
vn 0.9822 0.1669 0.0860
vn 0.8145 0.0031 -0.5802
vn 0.8144 0.0031 -0.5802
vn 0.2357 -0.1667 -0.9574
vn 0.2362 -0.1663 -0.9574
vn 0.2364 -0.1662 -0.9573
vn -0.3358 -0.2445 -0.9096
vn -0.3369 -0.2451 -0.9091
vn -0.3373 -0.2454 -0.9089
vn -0.7534 -0.2450 -0.6102
vn -0.7554 -0.2437 -0.6083
vn -0.7526 -0.2455 -0.6110
vn -0.9816 -0.1686 -0.0891
vn -0.9821 -0.1671 -0.0870
vn -0.9815 -0.1691 -0.0899
vn -0.8146 -0.0031 0.5801
vn -0.8145 -0.0031 0.5801
vn -0.2323 0.1621 0.9590
vn -0.2328 0.1618 0.9590
vn -0.2321 0.1623 0.9591
vn 0.2378 0.4797 0.8446
vn 0.2404 0.4805 0.8434
vn 0.2414 0.4804 0.8432
vn 0.6941 0.5508 0.4635
vn 0.6955 0.5501 0.4622
vn 0.6961 0.5498 0.4617
vn 0.9050 0.4087 -0.1183
vn 0.9051 0.4083 -0.1186
vn 0.9051 0.4082 -0.1188
vn 0.7443 0.0925 -0.6614
vn 0.7444 0.0928 -0.6612
vn 0.7445 0.0930 -0.6612
vn 0.2973 -0.2471 -0.9223
vn 0.2968 -0.2476 -0.9223
vn 0.2966 -0.2479 -0.9223
vn -0.2370 -0.4815 -0.8438
vn -0.2390 -0.4835 -0.8421
vn -0.2369 -0.4818 -0.8436
vn -0.6941 -0.5509 -0.4635
vn -0.6955 -0.5501 -0.4622
vn -0.6935 -0.5512 -0.4639
vn -0.9053 -0.4082 0.1179
vn -0.9054 -0.4078 0.1182
vn -0.9052 -0.4083 0.1177
vn -0.7429 -0.0942 0.6627
vn -0.7430 -0.0945 0.6625
vn -0.7429 -0.0941 0.6628
vn -0.2945 0.2433 0.9242
vn -0.2941 0.2439 0.9241
vn -0.2947 0.2431 0.9242
vn 0.2356 0.4776 0.8464
vn 0.2348 0.4771 0.8469
vn 0.7069 0.5043 0.4959
vn 0.7082 0.5035 0.4949
vn 0.7088 0.5031 0.4945
vn 0.9379 0.3424 -0.0552
vn 0.9380 0.3421 -0.0555
vn 0.9381 0.3419 -0.0557
vn 0.7937 0.0319 -0.6075
vn 0.7937 0.0318 -0.6075
vn 0.3276 -0.2850 -0.9008
vn 0.3267 -0.2859 -0.9008
vn 0.3264 -0.2863 -0.9008
vn -0.2353 -0.4783 -0.8461
vn -0.7074 -0.5024 -0.4971
vn -0.7087 -0.5016 -0.4961
vn -0.7068 -0.5028 -0.4976
vn -0.9386 -0.3407 0.0537
vn -0.9387 -0.3404 0.0540
vn -0.9386 -0.3409 0.0535
vn -0.7932 -0.0326 0.6080
vn -0.7932 -0.0325 0.6081
vn -0.3260 0.2828 0.9021
vn -0.3252 0.2837 0.9021
vn -0.3264 0.2824 0.9021
vn 0.2871 0.3349 0.8975
vn 0.2896 0.3363 0.8961
vn 0.2860 0.3343 0.8980
vn 0.7341 0.3470 0.5837
vn 0.7359 0.3459 0.5820
vn 0.7367 0.3454 0.5814
vn 0.9704 0.2382 0.0405
vn 0.9705 0.2376 0.0398
vn 0.9706 0.2375 0.0396
vn 0.8096 0.0101 -0.5868
vn 0.8096 0.0101 -0.5869
vn 0.2821 -0.2172 -0.9345
vn 0.2808 -0.2183 -0.9346
vn 0.2803 -0.2186 -0.9347
vn -0.2868 -0.3356 -0.8973
vn -0.2893 -0.3371 -0.8959
vn -0.2904 -0.3377 -0.8954
vn -0.7344 -0.3441 -0.5850
vn -0.7362 -0.3429 -0.5834
vn -0.7336 -0.3446 -0.5857
vn -0.9710 -0.2352 -0.0432
vn -0.9712 -0.2346 -0.0425
vn -0.9709 -0.2353 -0.0434
vn -0.8094 -0.0106 0.5872
vn -0.8094 -0.0105 0.5872
vn -0.8094 -0.0106 0.5871
vn -0.2802 0.2144 0.9357
vn -0.2788 0.2155 0.9358
vn -0.2806 0.2141 0.9356
vn 0.3414 0.1370 0.9299
vn 0.3444 0.1386 0.9286
vn 0.3402 0.1363 0.9304
vn 0.7339 0.1595 0.6603
vn 0.7362 0.1582 0.6580
vn 0.7371 0.1576 0.6572
vn 0.9820 0.1342 0.1331
vn 0.9823 0.1335 0.1317
vn 0.9823 0.1332 0.1313
vn 0.7946 0.0309 -0.6064
vn 0.1877 -0.0828 -0.9787
vn 0.1861 -0.0837 -0.9790
vn 0.1856 -0.0840 -0.9790
vn -0.3408 -0.1395 -0.9297
vn -0.3437 -0.1410 -0.9284
vn -0.3449 -0.1417 -0.9279
vn -0.7337 -0.1572 -0.6610
vn -0.7360 -0.1559 -0.6588
vn -0.7328 -0.1577 -0.6619
vn -0.9820 -0.1305 -0.1363
vn -0.9823 -0.1297 -0.1349
vn -0.9820 -0.1307 -0.1367
vn -0.7940 -0.0318 0.6071
vn -0.1843 0.0782 0.9797
vn -0.1827 0.0792 0.9800
vn -0.1848 0.0779 0.9797
vn 0.2814 0.3261 0.9025
vn 0.2831 0.3269 0.9016
vn 0.2807 0.3257 0.9028
vn 0.7294 0.3168 0.6063
vn 0.7320 0.3150 0.6041
vn 0.7331 0.3142 0.6032
vn 0.9764 0.1999 0.0821
vn 0.9769 0.1981 0.0799
vn 0.9771 0.1975 0.0792
vn 0.8328 -0.0245 -0.5530
vn 0.8329 -0.0245 -0.5529
vn 0.2994 -0.2379 -0.9240
vn 0.2997 -0.2377 -0.9240
vn 0.2998 -0.2376 -0.9239
vn -0.2789 -0.3337 -0.9005
vn -0.2805 -0.3346 -0.8997
vn -0.2812 -0.3349 -0.8993
vn -0.7292 -0.3204 -0.6047
vn -0.7318 -0.3186 -0.6025
vn -0.7281 -0.3212 -0.6056
vn -0.9765 -0.1990 -0.0830
vn -0.9770 -0.1972 -0.0808
vn -0.9763 -0.1996 -0.0838
vn -0.8328 0.0244 0.5530
vn -0.8329 0.0244 0.5529
vn -0.2957 0.2327 0.9265
vn -0.2960 0.2325 0.9265
vn -0.2956 0.2328 0.9265
vn 0.1647 0.6076 0.7770
vn 0.1657 0.6082 0.7763
vn 0.1642 0.6074 0.7773
vn 0.6762 0.5797 0.4546
vn 0.6775 0.5788 0.4539
vn 0.6781 0.5784 0.4535
vn 0.9416 0.3343 -0.0406
vn 0.9418 0.3336 -0.0411
vn 0.9419 0.3333 -0.0413
vn 0.8469 -0.0468 -0.5297
vn 0.8469 -0.0469 -0.5297
vn 0.4177 -0.4105 -0.8105
vn 0.4175 -0.4107 -0.8105
vn 0.4174 -0.4108 -0.8105
vn -0.1639 -0.6093 -0.7758
vn -0.1649 -0.6099 -0.7752
vn -0.1653 -0.6101 -0.7749
vn -0.6762 -0.5797 -0.4547
vn -0.6775 -0.5788 -0.4539
vn -0.6756 -0.5801 -0.4550
vn -0.9420 -0.3332 0.0395
vn -0.9423 -0.3325 0.0400
vn -0.9419 -0.3336 0.0392
vn -0.8471 0.0470 0.5294
vn -0.8470 0.0470 0.5294
vn -0.4168 0.4091 0.8117
vn -0.4166 0.4093 0.8117
vn -0.4169 0.4090 0.8118
vn 0.2623 0.3506 0.8991
vn 0.2647 0.3519 0.8978
vn 0.2613 0.3500 0.8996
vn 0.7174 0.3600 0.5964
vn 0.7197 0.3586 0.5946
vn 0.7206 0.3580 0.5938
vn 0.9690 0.2412 0.0529
vn 0.9693 0.2403 0.0518
vn 0.9694 0.2400 0.0514
vn 0.8168 -0.0013 -0.5769
vn 0.8169 -0.0013 -0.5768
vn 0.8169 -0.0012 -0.5768
vn 0.3009 -0.2348 -0.9243
vn 0.3000 -0.2354 -0.9244
vn 0.2997 -0.2357 -0.9244
vn -0.2612 -0.3540 -0.8980
vn -0.2636 -0.3553 -0.8968
vn -0.2646 -0.3559 -0.8963
vn -0.7175 -0.3593 -0.5968
vn -0.7197 -0.3578 -0.5950
vn -0.7166 -0.3598 -0.5975
vn -0.9695 -0.2390 -0.0550
vn -0.9697 -0.2381 -0.0539
vn -0.9694 -0.2393 -0.0554
vn -0.8163 0.0005 0.5776
vn -0.8164 0.0004 0.5775
vn -0.8163 0.0006 0.5776
vn -0.2980 0.2306 0.9263
vn -0.2971 0.2313 0.9264
vn -0.2983 0.2303 0.9263
vn 0.2892 0.2427 0.9260
vn 0.2915 0.2440 0.9249
vn 0.2881 0.2420 0.9265
vn 0.7171 0.2629 0.6455
vn 0.7188 0.2618 0.6440
vn 0.7196 0.2613 0.6434
vn 0.9758 0.1946 0.0993
vn 0.9760 0.1941 0.0986
vn 0.9761 0.1939 0.0983
vn 0.8036 0.0169 -0.5949
vn 0.8036 0.0168 -0.5949
vn 0.2521 -0.1584 -0.9547
vn 0.2485 -0.1581 -0.9556
vn 0.2480 -0.1584 -0.9557
vn -0.2888 -0.2443 -0.9257
vn -0.2911 -0.2456 -0.9246
vn -0.2922 -0.2463 -0.9241
vn -0.7170 -0.2605 -0.6466
vn -0.7187 -0.2594 -0.6451
vn -0.7162 -0.2610 -0.6472
vn -0.9761 -0.1918 -0.1020
vn -0.9763 -0.1913 -0.1012
vn -0.9761 -0.1920 -0.1022
vn -0.8029 -0.0179 0.5959
vn -0.8029 -0.0179 0.5958
vn -0.2475 0.1519 0.9569
vn -0.2459 0.1544 0.9569
vn -0.2469 0.1535 0.9568
vn 0.2751 0.2744 0.9214
vn 0.2774 0.2760 0.9202
vn 0.2739 0.2737 0.9220
vn 0.7123 0.3206 0.6244
vn 0.7149 0.3191 0.6222
vn 0.7160 0.3185 0.6212
vn 0.9662 0.2536 0.0463
vn 0.9665 0.2526 0.0449
vn 0.9666 0.2523 0.0445
vn 0.7749 0.0521 -0.6300
vn 0.7774 0.0503 -0.6270
vn 0.7775 0.0504 -0.6268
vn 0.2525 -0.1585 -0.9545
vn 0.2497 -0.1576 -0.9554
vn -0.2733 -0.2810 -0.9200
vn -0.2756 -0.2825 -0.9188
vn -0.2768 -0.2833 -0.9182
vn -0.7122 -0.3217 -0.6239
vn -0.7148 -0.3203 -0.6217
vn -0.7111 -0.3223 -0.6248
vn -0.9665 -0.2520 -0.0479
vn -0.9669 -0.2510 -0.0465
vn -0.9664 -0.2523 -0.0484
vn -0.7732 -0.0543 0.6319
vn -0.7758 -0.0524 0.6289
vn -0.7752 -0.0524 0.6296
vn -0.2476 0.1516 0.9569
vn -0.2478 0.1514 0.9569
vn 0.2315 0.4023 0.8858
vn 0.2344 0.4019 0.8852
vn 0.2357 0.4017 0.8849
vn 0.6977 0.4543 0.5540
vn 0.6994 0.4533 0.5525
vn 0.7002 0.4529 0.5520
vn 0.9428 0.3318 -0.0318
vn 0.9429 0.3315 -0.0322
vn 0.9430 0.3314 -0.0324
vn 0.7746 0.0525 -0.6303
vn 0.7768 0.0503 -0.6277
vn 0.2986 -0.2184 -0.9291
vn 0.3010 -0.2276 -0.9261
vn 0.3006 -0.2280 -0.9261
vn -0.2308 -0.4046 -0.8849
vn -0.2336 -0.4042 -0.8843
vn -0.2294 -0.4048 -0.8852
vn -0.6979 -0.4530 -0.5548
vn -0.6996 -0.4520 -0.5534
vn -0.6972 -0.4534 -0.5554
vn -0.9432 -0.3308 0.0307
vn -0.9433 -0.3304 0.0311
vn -0.9432 -0.3309 0.0306
vn -0.7729 -0.0547 0.6322
vn -0.2953 0.2136 0.9312
vn -0.2981 0.2233 0.9280
vn -0.2985 0.2221 0.9282
vn 0.1893 0.5144 0.8364
vn 0.1912 0.5145 0.8359
vn 0.1919 0.5146 0.8357
vn 0.6469 0.6436 0.4091
vn 0.6475 0.6433 0.4086
vn 0.6477 0.6432 0.4084
vn 0.8422 0.4935 -0.2171
vn 0.8420 0.4942 -0.2164
vn 0.8419 0.4944 -0.2162
vn 0.6821 0.1502 -0.7157
vn 0.6822 0.1508 -0.7154
vn 0.6823 0.1510 -0.7153
vn 0.2988 -0.2182 -0.9290
vn 0.2993 -0.2181 -0.9289
vn -0.1884 -0.5171 -0.8349
vn -0.1902 -0.5172 -0.8345
vn -0.1877 -0.5171 -0.8351
vn -0.6469 -0.6435 -0.4091
vn -0.6475 -0.6433 -0.4086
vn -0.6467 -0.6436 -0.4093
vn -0.8414 -0.4944 0.2182
vn -0.8412 -0.4951 0.2176
vn -0.8415 -0.4942 0.2185
vn -0.6786 -0.1536 0.7183
vn -0.6787 -0.1542 0.7180
vn -0.6785 -0.1533 0.7184
vn -0.2956 0.2134 0.9312
vn 0.1654 0.5716 0.8037
vn 0.1666 0.5720 0.8032
vn 0.1670 0.5721 0.8030
vn 0.5504 0.8066 0.2155
vn 0.5497 0.8068 0.2165
vn 0.5494 0.8069 0.2167
vn 0.6442 0.6367 -0.4238
vn 0.6434 0.6391 -0.4215
vn 0.6431 0.6399 -0.4207
vn 0.5105 0.2865 -0.8108
vn 0.5107 0.2887 -0.8098
vn 0.5108 0.2898 -0.8094
vn 0.2399 -0.1302 -0.9620
vn -0.1641 -0.5751 -0.8014
vn -0.1653 -0.5755 -0.8009
vn -0.1638 -0.5750 -0.8016
vn -0.5508 -0.8061 -0.2163
vn -0.5501 -0.8064 -0.2172
vn -0.5511 -0.8060 -0.2160
vn -0.6422 -0.6376 0.4254
vn -0.6414 -0.6400 0.4231
vn -0.6425 -0.6368 0.4262
vn -0.5044 -0.2908 0.8130
vn -0.5046 -0.2930 0.8121
vn -0.5043 -0.2897 0.8135
vn -0.2349 0.1230 0.9642
vn 0.2663 0.2214 0.9381
vn 0.2685 0.2218 0.9374
vn 0.2693 0.2220 0.9371
vn 0.6767 0.5290 0.5121
vn 0.6785 0.5289 0.5098
vn 0.6790 0.5289 0.5092
vn 0.7562 0.5666 -0.3272
vn 0.7562 0.5686 -0.3238
vn 0.7562 0.5691 -0.3230
vn 0.4539 0.3165 -0.8330
vn 0.4556 0.3204 -0.8305
vn 0.4562 0.3219 -0.8296
vn 0.1109 0.0484 -0.9927
vn 0.1125 0.0488 -0.9925
vn 0.1102 0.0482 -0.9927
vn -0.2632 -0.2349 -0.9357
vn -0.2654 -0.2354 -0.9350
vn -0.2624 -0.2347 -0.9360
vn -0.6761 -0.5323 -0.5095
vn -0.6778 -0.5322 -0.5072
vn -0.6756 -0.5324 -0.5100
vn -0.7558 -0.5669 0.3277
vn -0.7558 -0.5689 0.3243
vn -0.7558 -0.5664 0.3286
vn -0.4458 -0.3217 0.8353
vn -0.4476 -0.3256 0.8329
vn -0.4452 -0.3202 0.8362
vn -0.1020 -0.0606 0.9929
vn -0.1036 -0.0610 0.9928
vn -0.1043 -0.0612 0.9927
vn -0.4003 -0.3466 0.8483
vn -0.3995 -0.3448 0.8494
vn -0.4006 -0.3473 0.8479
vn -0.7267 -0.5856 0.3592
vn -0.7266 -0.5838 0.3624
vn -0.7267 -0.5860 0.3584
vn -0.6775 -0.5199 -0.5204
vn -0.6753 -0.5198 -0.5232
vn -0.6780 -0.5199 -0.5197
vn -0.2700 -0.1927 -0.9434
vn -0.2654 -0.1917 -0.9449
vn -0.2716 -0.1931 -0.9428
vn 0.0851 0.0835 -0.9929
vn 0.0867 0.0840 -0.9927
vn 0.0843 0.0833 -0.9930
vn 0.4127 0.3392 -0.8453
vn 0.4119 0.3374 -0.8465
vn 0.4116 0.3367 -0.8469
vn 0.7305 0.5831 -0.3554
vn 0.7304 0.5814 -0.3585
vn 0.7304 0.5809 -0.3593
vn 0.6775 0.5195 0.5206
vn 0.6754 0.5194 0.5235
vn 0.6749 0.5194 0.5242
vn 0.2720 0.1831 0.9447
vn 0.2674 0.1821 0.9462
vn 0.2658 0.1817 0.9468
vn -0.0761 -0.0957 0.9925
vn -0.0778 -0.0961 0.9923
vn -0.0786 -0.0964 0.9922
vn -0.3354 0.5998 -0.7265
vn -0.3353 0.5998 -0.7265
vn 0.1210 -0.6643 0.7376
vn 0.1210 -0.6644 0.7375
vn 0.3052 -0.1507 0.9403
vn 0.3128 -0.1501 0.9379
vn 0.3156 -0.1499 0.9370
vn 0.6477 0.0678 0.7588
vn 0.6511 0.0684 0.7559
vn 0.6518 0.0686 0.7553
vn 0.8692 0.4593 -0.1829
vn 0.8691 0.4593 -0.1834
vn 0.8691 0.4593 -0.1835
vn 0.2980 0.4075 -0.8632
vn 0.2932 0.4032 -0.8669
vn 0.2920 0.4022 -0.8677
vn -0.0480 0.2830 -0.9579
vn -0.0541 0.2767 -0.9594
vn -0.0565 0.2742 -0.9600
vn -0.3061 0.1602 -0.9384
vn -0.3137 0.1596 -0.9360
vn -0.3033 0.1604 -0.9393
vn -0.6426 -0.0469 -0.7648
vn -0.6461 -0.0477 -0.7618
vn -0.6419 -0.0468 -0.7654
vn -0.8663 -0.4629 0.1877
vn -0.8662 -0.4629 0.1882
vn -0.8663 -0.4629 0.1876
vn -0.2833 -0.4149 0.8646
vn -0.2784 -0.4107 0.8682
vn -0.2845 -0.4160 0.8637
vn 0.0496 -0.2851 0.9572
vn 0.0557 -0.2788 0.9587
vn 0.0472 -0.2877 0.9566
vn 0.3004 -0.2868 0.9096
vn 0.3087 -0.2865 0.9070
vn 0.3120 -0.2863 0.9059
vn 0.5860 -0.1160 0.8019
vn 0.5905 -0.1151 0.7988
vn 0.5914 -0.1149 0.7981
vn 0.8890 0.4333 -0.1483
vn 0.8889 0.4333 -0.1489
vn 0.1913 0.4697 -0.8619
vn 0.1847 0.4648 -0.8659
vn 0.1832 0.4636 -0.8669
vn -0.1035 0.3816 -0.9185
vn -0.1103 0.3750 -0.9205
vn -0.1133 0.3721 -0.9213
vn -0.3010 0.2982 -0.9058
vn -0.3092 0.2979 -0.9031
vn -0.2975 0.2984 -0.9069
vn -0.5750 0.1445 -0.8053
vn -0.5795 0.1436 -0.8022
vn -0.5740 0.1447 -0.8060
vn -0.8858 -0.4377 0.1540
vn -0.8857 -0.4378 0.1546
vn -0.8858 -0.4377 0.1539
vn -0.1714 -0.4785 0.8612
vn -0.1647 -0.4735 0.8653
vn -0.1729 -0.4797 0.8602
vn 0.1051 -0.3837 0.9175
vn 0.1120 -0.3771 0.9194
vn 0.1021 -0.3866 0.9166
vn 0.2851 -0.2883 0.9141
vn 0.2934 -0.2902 0.9109
vn 0.2972 -0.2910 0.9094
vn 0.5323 -0.2306 0.8145
vn 0.5357 -0.2312 0.8121
vn 0.5367 -0.2314 0.8114
vn 0.9322 -0.0454 0.3591
vn 0.9308 -0.0457 0.3627
vn 0.9306 -0.0457 0.3632
vn 0.4837 0.3193 -0.8149
vn 0.4740 0.3172 -0.8214
vn 0.4726 0.3168 -0.8224
vn -0.0382 0.3291 -0.9435
vn -0.0488 0.3238 -0.9449
vn -0.0521 0.3221 -0.9453
vn -0.2856 0.3012 -0.9098
vn -0.2939 0.3031 -0.9065
vn -0.2818 0.3004 -0.9112
vn -0.5207 0.2549 -0.8148
vn -0.5241 0.2556 -0.8124
vn -0.5197 0.2547 -0.8155
vn -0.9226 0.0685 -0.3797
vn -0.9210 0.0689 -0.3835
vn -0.9228 0.0685 -0.3792
vn -0.4663 -0.3312 0.8203
vn -0.4561 -0.3291 0.8269
vn -0.4677 -0.3315 0.8193
vn 0.0388 -0.3299 0.9432
vn 0.0493 -0.3245 0.9446
vn 0.0355 -0.3315 0.9428
vn 0.2632 -0.1623 0.9510
vn 0.2710 -0.1635 0.9486
vn 0.2745 -0.1640 0.9475
vn 0.5970 -0.0556 0.8003
vn 0.6006 -0.0560 0.7976
vn 0.6016 -0.0562 0.7968
vn 0.9739 0.1668 0.1536
vn 0.9738 0.1669 0.1545
vn 0.9738 0.1669 0.1546
vn 0.5350 0.2914 -0.7930
vn 0.5300 0.2888 -0.7973
vn 0.5290 0.2883 -0.7982
vn 0.0488 0.2378 -0.9701
vn 0.0411 0.2326 -0.9717
vn 0.0383 0.2307 -0.9723
vn -0.2639 0.1717 -0.9491
vn -0.2717 0.1729 -0.9467
vn -0.2604 0.1712 -0.9502
vn -0.5900 0.0754 -0.8039
vn -0.5937 0.0759 -0.8011
vn -0.5890 0.0753 -0.8046
vn -0.9739 -0.1580 -0.1627
vn -0.9738 -0.1580 -0.1636
vn -0.9740 -0.1580 -0.1626
vn -0.5221 -0.3010 0.7980
vn -0.5169 -0.2984 0.8023
vn -0.5232 -0.3016 0.7971
vn -0.0469 -0.2405 0.9695
vn -0.0391 -0.2353 0.9711
vn -0.0496 -0.2424 0.9689
vn 0.2578 -0.3301 0.9081
vn 0.2641 -0.3312 0.9058
vn 0.2671 -0.3317 0.9048
vn 0.5104 -0.2539 0.8216
vn 0.5123 -0.2541 0.8203
vn 0.5129 -0.2542 0.8200
vn 0.9585 0.0306 0.2833
vn 0.9574 0.0300 0.2872
vn 0.9573 0.0299 0.2876
vn 0.3906 0.4010 -0.8287
vn 0.3815 0.3979 -0.8343
vn 0.3799 0.3974 -0.8353
vn -0.0361 0.3824 -0.9233
vn -0.0441 0.3775 -0.9250
vn -0.0470 0.3757 -0.9255
vn -0.2581 0.3436 -0.9029
vn -0.2644 0.3447 -0.9007
vn -0.2551 0.3431 -0.9040
vn -0.4925 0.2824 -0.8232
vn -0.5003 0.2779 -0.8200
vn -0.4993 0.2790 -0.8203
vn -0.9539 -0.0129 -0.2997
vn -0.9526 -0.0121 -0.3039
vn -0.9541 -0.0130 -0.2992
vn -0.3763 -0.4097 0.8310
vn -0.3669 -0.4067 0.8367
vn -0.3779 -0.4103 0.8300
vn 0.0348 -0.3807 0.9240
vn 0.0428 -0.3759 0.9257
vn 0.0319 -0.3825 0.9234
vn 0.2453 -0.3375 0.9088
vn 0.2521 -0.3388 0.9065
vn 0.2550 -0.3393 0.9054
vn 0.4939 -0.2715 0.8260
vn 0.4992 -0.2721 0.8226
vn 0.5006 -0.2723 0.8218
vn 0.9423 -0.0237 0.3340
vn 0.9429 -0.0234 0.3323
vn 0.9430 -0.0234 0.3321
vn 0.4393 0.3750 -0.8163
vn 0.4357 0.3741 -0.8187
vn 0.4352 0.3740 -0.8190
vn -0.0130 0.3716 -0.9283
vn -0.0190 0.3685 -0.9294
vn -0.0209 0.3675 -0.9298
vn -0.2454 0.3392 -0.9081
vn -0.2521 0.3405 -0.9058
vn -0.2425 0.3387 -0.9091
vn -0.4879 0.2830 -0.8257
vn -0.4865 0.2829 -0.8266
vn -0.9371 0.0382 -0.3470
vn -0.9378 0.0379 -0.3452
vn -0.9370 0.0382 -0.3471
vn -0.4216 -0.3867 0.8202
vn -0.4178 -0.3858 0.8226
vn -0.4221 -0.3868 0.8199
vn 0.0178 -0.3782 0.9256
vn 0.0238 -0.3751 0.9267
vn 0.0159 -0.3791 0.9252
vn 0.2295 -0.1703 0.9583
vn 0.2351 -0.1718 0.9567
vn 0.2376 -0.1725 0.9559
vn 0.5606 -0.1105 0.8207
vn 0.5642 -0.1116 0.8180
vn 0.5653 -0.1119 0.8172
vn 0.9576 0.0295 0.2867
vn 0.9578 0.0294 0.2858
vn 0.9579 0.0294 0.2856
vn 0.6614 0.1997 -0.7229
vn 0.6598 0.1991 -0.7245
vn 0.6596 0.1990 -0.7248
vn 0.1142 0.2031 -0.9725
vn 0.1095 0.2007 -0.9735
vn 0.1079 0.1999 -0.9738
vn -0.2296 0.1717 -0.9580
vn -0.2351 0.1732 -0.9564
vn -0.2271 0.1711 -0.9587
vn -0.5570 0.1194 -0.8219
vn -0.5607 0.1204 -0.8192
vn -0.5558 0.1191 -0.8227
vn -0.9555 -0.0216 -0.2940
vn -0.9558 -0.0215 -0.2931
vn -0.9555 -0.0216 -0.2942
vn -0.6537 -0.2073 0.7278
vn -0.6520 -0.2067 0.7295
vn -0.6539 -0.2074 0.7276
vn -0.1104 -0.2089 0.9717
vn -0.1057 -0.2065 0.9727
vn -0.1120 -0.2097 0.9713
vn 0.2106 -0.0491 0.9763
vn 0.2174 -0.0509 0.9748
vn 0.2202 -0.0516 0.9741
vn 0.5962 0.0050 0.8029
vn 0.5997 0.0038 0.8002
vn 0.6008 0.0035 0.7994
vn 0.9679 0.0812 0.2380
vn 0.9679 0.0812 0.2378
vn 0.7397 0.1202 -0.6621
vn 0.7379 0.1192 -0.6643
vn 0.7375 0.1190 -0.6647
vn 0.1967 0.0916 -0.9762
vn 0.1907 0.0884 -0.9777
vn 0.1888 0.0875 -0.9781
vn -0.2109 0.0530 -0.9761
vn -0.2177 0.0548 -0.9745
vn -0.2080 0.0523 -0.9767
vn -0.5924 0.0062 -0.8056
vn -0.5961 0.0073 -0.8029
vn -0.5914 0.0058 -0.8064
vn -0.9667 -0.0743 -0.2447
vn -0.9668 -0.0743 -0.2445
vn -0.7343 -0.1267 0.6669
vn -0.7324 -0.1256 0.6692
vn -0.7346 -0.1269 0.6665
vn -0.1939 -0.0963 0.9763
vn -0.1879 -0.0932 0.9778
vn -0.1958 -0.0972 0.9758
vn 0.1999 -0.0954 0.9752
vn 0.2092 -0.1047 0.9723
vn 0.2110 -0.1051 0.9718
vn 0.5703 -0.0533 0.8197
vn 0.5732 -0.0542 0.8176
vn 0.5741 -0.0545 0.8170
vn 0.9604 0.0439 0.2751
vn 0.9607 0.0438 0.2741
vn 0.9608 0.0437 0.2739
vn 0.7255 0.1384 -0.6742
vn 0.7249 0.1382 -0.6748
vn 0.7248 0.1381 -0.6750
vn 0.1829 0.1347 -0.9739
vn 0.1765 0.1312 -0.9755
vn 0.1756 0.1307 -0.9757
vn -0.1998 0.0985 -0.9749
vn -0.2092 0.1042 -0.9723
vn -0.2063 0.1035 -0.9730
vn -0.5684 0.0581 -0.8207
vn -0.5714 0.0590 -0.8185
vn -0.5676 0.0578 -0.8213
vn -0.9594 -0.0396 -0.2793
vn -0.9597 -0.0394 -0.2782
vn -0.9593 -0.0396 -0.2795
vn -0.7213 -0.1433 0.6777
vn -0.7207 -0.1430 0.6783
vn -0.7214 -0.1433 0.6775
vn -0.1805 -0.1388 0.9737
vn -0.1734 -0.1363 0.9754
vn -0.1754 -0.1370 0.9749
vn 0.1961 -0.0945 0.9760
vn 0.2065 -0.1036 0.9729
vn 0.5731 -0.0326 0.8188
vn 0.5757 -0.0335 0.8170
vn 0.5765 -0.0338 0.8164
vn 0.9667 0.0766 0.2443
vn 0.9667 0.0765 0.2441
vn 0.7120 0.1566 -0.6844
vn 0.7106 0.1558 -0.6861
vn 0.7103 0.1557 -0.6864
vn 0.1859 0.1365 -0.9730
vn 0.1783 0.1320 -0.9751
vn -0.1963 0.0974 -0.9757
vn -0.1941 0.0968 -0.9762
vn -0.5698 0.0415 -0.8207
vn -0.5724 0.0424 -0.8189
vn -0.5689 0.0413 -0.8214
vn -0.9657 -0.0712 -0.2495
vn -0.9658 -0.0712 -0.2493
vn -0.9657 -0.0712 -0.2496
vn -0.7068 -0.1625 0.6885
vn -0.7053 -0.1617 0.6902
vn -0.7071 -0.1627 0.6881
vn -0.1836 -0.1404 0.9729
vn -0.1851 -0.1413 0.9725
vn 0.1814 0.0044 0.9834
vn 0.1866 0.0028 0.9824
vn 0.1891 0.0019 0.9820
vn 0.5954 0.0475 0.8021
vn 0.5981 0.0463 0.8001
vn 0.5991 0.0458 0.7994
vn 0.9682 0.0873 0.2343
vn 0.9683 0.0872 0.2341
vn 0.9683 0.0872 0.2340
vn 0.7792 0.0777 -0.6220
vn 0.7782 0.0769 -0.6233
vn 0.7779 0.0767 -0.6237
vn 0.2532 0.0360 -0.9667
vn 0.2490 0.0335 -0.9679
vn 0.2475 0.0326 -0.9683
vn -0.1816 -0.0016 -0.9834
vn -0.1867 0.0001 -0.9824
vn -0.1790 -0.0024 -0.9838
vn -0.5874 -0.0327 -0.8086
vn -0.5952 -0.0371 -0.8027
vn -0.5929 -0.0369 -0.8044
vn -0.9674 -0.0821 -0.2395
vn -0.9675 -0.0820 -0.2392
vn -0.7752 -0.0832 0.6263
vn -0.7741 -0.0824 0.6276
vn -0.7754 -0.0834 0.6259
vn -0.2506 -0.0407 0.9672
vn -0.2464 -0.0383 0.9684
vn -0.2522 -0.0417 0.9668
vn 0.1754 -0.0217 0.9843
vn 0.1789 -0.0226 0.9836
vn 0.1803 -0.0229 0.9834
vn 0.5857 0.0340 0.8098
vn 0.5886 0.0331 0.8077
vn 0.5894 0.0328 0.8071
vn 0.9697 0.1011 0.2225
vn 0.9700 0.1008 0.2214
vn 0.9700 0.1008 0.2212
vn 0.7552 0.1095 -0.6463
vn 0.7552 0.1096 -0.6462
vn 0.7553 0.1096 -0.6462
vn 0.2426 0.0647 -0.9680
vn 0.2409 0.0637 -0.9685
vn 0.2403 0.0634 -0.9686
vn -0.1753 0.0189 -0.9843
vn -0.1788 0.0198 -0.9837
vn -0.1739 0.0185 -0.9846
vn -0.5851 -0.0322 -0.8103
vn -0.5843 -0.0325 -0.8109
vn -0.9694 -0.0990 -0.2246
vn -0.9697 -0.0987 -0.2235
vn -0.9693 -0.0991 -0.2248
vn -0.7520 -0.1136 0.6493
vn -0.7520 -0.1137 0.6492
vn -0.7519 -0.1136 0.6494
vn -0.2395 -0.0704 0.9683
vn -0.2377 -0.0694 0.9689
vn -0.2400 -0.0707 0.9682
vn 0.1592 0.0929 0.9829
vn 0.1653 0.0912 0.9820
vn 0.1683 0.0904 0.9816
vn 0.6157 0.1518 0.7732
vn 0.6186 0.1505 0.7711
vn 0.6196 0.1500 0.7704
vn 0.9736 0.1622 0.1607
vn 0.9736 0.1621 0.1606
vn 0.7847 0.0760 -0.6152
vn 0.7821 0.0749 -0.6187
vn 0.7817 0.0745 -0.6192
vn 0.2972 -0.0190 -0.9546
vn 0.2924 -0.0223 -0.9560
vn 0.2904 -0.0237 -0.9566
vn -0.1594 -0.0888 -0.9832
vn -0.1656 -0.0871 -0.9823
vn -0.1564 -0.0896 -0.9836
vn -0.6129 -0.1412 -0.7775
vn -0.6158 -0.1399 -0.7754
vn -0.6118 -0.1417 -0.7782
vn -0.9735 -0.1586 -0.1644
vn -0.9736 -0.1586 -0.1643
vn -0.9735 -0.1586 -0.1645
vn -0.7818 -0.0801 0.6183
vn -0.7773 -0.0816 0.6239
vn -0.7788 -0.0820 0.6218
vn -0.2947 0.0139 0.9555
vn -0.2898 0.0173 0.9569
vn -0.2966 0.0125 0.9549
vn 0.1513 0.1118 0.9821
vn 0.1540 0.1110 0.9818
vn 0.1554 0.1107 0.9816
vn 0.6175 0.1730 0.7673
vn 0.6192 0.1722 0.7661
vn 0.6198 0.1719 0.7657
vn 0.9734 0.1770 0.1458
vn 0.9734 0.1769 0.1455
vn 0.9734 0.1768 0.1454
vn 0.7847 0.0757 -0.6152
vn 0.7833 0.0758 -0.6170
vn 0.3101 -0.0334 -0.9501
vn 0.3085 -0.0346 -0.9506
vn 0.3079 -0.0351 -0.9508
vn -0.1512 -0.1129 -0.9820
vn -0.1540 -0.1122 -0.9817
vn -0.1499 -0.1133 -0.9822
vn -0.6168 -0.1704 -0.7685
vn -0.6185 -0.1696 -0.7672
vn -0.6162 -0.1706 -0.7689
vn -0.9734 -0.1759 -0.1470
vn -0.9734 -0.1758 -0.1467
vn -0.7822 -0.0793 0.6180
vn -0.7822 -0.0793 0.6179
vn -0.3079 0.0290 0.9510
vn -0.3064 0.0302 0.9514
vn -0.3086 0.0285 0.9508
vn 0.1383 0.2142 0.9670
vn 0.1428 0.2129 0.9666
vn 0.1445 0.2124 0.9664
vn 0.6239 0.2122 0.7522
vn 0.6257 0.2113 0.7509
vn 0.6262 0.2110 0.7506
vn 0.9719 0.1252 0.1995
vn 0.9718 0.1253 0.1997
vn 0.8546 -0.0357 -0.5180
vn 0.8539 -0.0366 -0.5192
vn 0.8537 -0.0368 -0.5195
vn 0.3749 -0.1571 -0.9137
vn 0.3710 -0.1593 -0.9149
vn 0.3699 -0.1600 -0.9152
vn -0.1384 -0.2107 -0.9677
vn -0.1431 -0.2093 -0.9673
vn -0.1367 -0.2112 -0.9678
vn -0.6224 -0.2059 -0.7552
vn -0.6241 -0.2049 -0.7540
vn -0.6218 -0.2061 -0.7555
vn -0.9716 -0.1227 -0.2021
vn -0.9716 -0.1228 -0.2023
vn -0.9717 -0.1227 -0.2021
vn -0.8534 0.0332 0.5202
vn -0.8526 0.0341 0.5214
vn -0.8536 0.0330 0.5199
vn -0.3742 0.1554 0.9142
vn -0.3703 0.1576 0.9154
vn -0.3754 0.1547 0.9139
vn -0.8486 0.0238 0.5284
vn -0.8480 0.0242 0.5295
vn -0.8488 0.0237 0.5282
vn -0.9472 -0.0024 -0.3206
vn -0.9465 -0.0033 -0.3226
vn -0.9474 -0.0022 -0.3201
vn -0.5648 -0.0244 -0.8248
vn -0.5623 -0.0258 -0.8265
vn -0.5657 -0.0240 -0.8243
vn -0.1427 -0.0364 -0.9891
vn -0.1410 -0.0358 -0.9894
vn -0.1402 -0.0355 -0.9895
vn 0.3229 -0.0383 -0.9457
vn 0.3225 -0.0385 -0.9458
vn 0.3224 -0.0385 -0.9458
vn 0.8497 -0.0258 -0.5267
vn 0.8491 -0.0263 -0.5276
vn 0.8489 -0.0264 -0.5279
vn 0.9475 0.0031 0.3199
vn 0.9468 0.0040 0.3219
vn 0.9466 0.0042 0.3223
vn 0.5637 0.0215 0.8257
vn 0.5612 0.0229 0.8274
vn 0.5604 0.0233 0.8279
vn 0.1428 0.0296 0.9893
vn 0.1411 0.0290 0.9896
vn 0.1436 0.0299 0.9892
vn -0.3197 0.0315 0.9470
vn -0.3193 0.0317 0.9471
vn -0.3198 0.0315 0.9470
vn -0.1210 0.6644 -0.7375
vn -0.1210 0.6644 -0.7376
vn 0.1152 -0.6711 0.7324
vn 0.1278 0.1964 0.9722
vn 0.1329 0.1950 0.9717
vn 0.1349 0.1945 0.9716
vn 0.6174 0.2198 0.7553
vn 0.6204 0.2184 0.7533
vn 0.6212 0.2179 0.7527
vn 0.9729 0.1545 0.1719
vn 0.9730 0.1543 0.1715
vn 0.9731 0.1542 0.1714
vn 0.8351 0.0001 -0.5501
vn 0.8348 -0.0004 -0.5506
vn 0.8347 -0.0005 -0.5508
vn 0.3681 -0.1267 -0.9211
vn 0.3649 -0.1288 -0.9221
vn 0.3639 -0.1295 -0.9224
vn -0.1277 -0.1970 -0.9720
vn -0.1329 -0.1956 -0.9716
vn -0.1258 -0.1975 -0.9722
vn -0.6163 -0.2155 -0.7574
vn -0.6193 -0.2140 -0.7554
vn -0.6154 -0.2159 -0.7581
vn -0.9729 -0.1527 -0.1739
vn -0.9730 -0.1524 -0.1734
vn -0.9728 -0.1527 -0.1740
vn -0.8326 -0.0045 0.5538
vn -0.8323 -0.0040 0.5544
vn -0.8327 -0.0046 0.5537
vn -0.3657 0.1211 0.9228
vn -0.3625 0.1232 0.9238
vn -0.3668 0.1204 0.9225
vn 0.1268 0.0517 0.9906
vn 0.1290 0.0391 0.9909
vn 0.1294 0.0390 0.9908
vn 0.5959 0.1516 0.7886
vn 0.5970 0.1513 0.7879
vn 0.5972 0.1513 0.7877
vn 0.9684 0.2351 0.0835
vn 0.7163 0.1660 -0.6778
vn 0.7166 0.1663 -0.6774
vn 0.7167 0.1663 -0.6773
vn 0.2840 0.0585 -0.9570
vn 0.2838 0.0583 -0.9571
vn 0.2837 0.0583 -0.9571
vn -0.1279 -0.0413 -0.9909
vn -0.1289 -0.0412 -0.9908
vn -0.1275 -0.0414 -0.9910
vn -0.5960 -0.1519 -0.7885
vn -0.5971 -0.1517 -0.7877
vn -0.5957 -0.1520 -0.7887
vn -0.9684 -0.2351 -0.0835
vn -0.7149 -0.1677 0.6789
vn -0.7152 -0.1680 0.6785
vn -0.7148 -0.1676 0.6790
vn -0.2827 -0.0611 0.9573
vn -0.2825 -0.0610 0.9573
vn -0.2828 -0.0612 0.9572
vn 0.1265 0.0528 0.9906
vn 0.1281 0.0402 0.9909
vn 0.6116 0.2108 0.7626
vn 0.6123 0.2106 0.7620
vn 0.6125 0.2106 0.7619
vn 0.9498 0.3129 -0.0079
vn 0.9497 0.3130 -0.0076
vn 0.6811 0.2043 -0.7031
vn 0.6735 0.2125 -0.7080
vn 0.6737 0.2126 -0.7078
vn 0.2746 0.0770 -0.9585
vn 0.2747 0.0771 -0.9584
vn 0.2748 0.0772 -0.9584
vn -0.1265 -0.0555 -0.9904
vn -0.1271 -0.0554 -0.9903
vn -0.1263 -0.0555 -0.9904
vn -0.6118 -0.2118 -0.7621
vn -0.6126 -0.2117 -0.7615
vn -0.6116 -0.2119 -0.7622
vn -0.9497 -0.3129 0.0080
vn -0.9497 -0.3130 0.0077
vn -0.6775 -0.2082 0.7055
vn -0.6722 -0.2139 0.7088
vn -0.6726 -0.2122 0.7090
vn -0.2732 -0.0797 0.9587
vn -0.2733 -0.0798 0.9586
vn -0.2731 -0.0796 0.9587
vn 0.1154 0.3044 0.9455
vn 0.1182 0.3045 0.9452
vn 0.1193 0.3045 0.9450
vn 0.6541 0.5092 0.5593
vn 0.6545 0.5090 0.5590
vn 0.6546 0.5090 0.5589
vn 0.8759 0.4472 -0.1813
vn 0.8773 0.4456 -0.1785
vn 0.8773 0.4455 -0.1785
vn 0.6829 0.2050 -0.7012
vn 0.6742 0.2104 -0.7079
vn 0.3394 -0.0467 -0.9395
vn 0.3361 -0.0472 -0.9406
vn 0.3410 -0.0465 -0.9389
vn -0.1155 -0.3013 -0.9465
vn -0.1183 -0.3014 -0.9461
vn -0.1144 -0.3013 -0.9466
vn -0.6541 -0.5075 -0.5609
vn -0.6545 -0.5074 -0.5605
vn -0.6540 -0.5075 -0.5610
vn -0.8754 -0.4477 0.1821
vn -0.8748 -0.4487 0.1827
vn -0.8748 -0.4489 0.1821
vn -0.6789 -0.2093 0.7038
vn -0.6792 -0.2101 0.7033
vn -0.3387 0.0451 0.9398
vn -0.3354 0.0456 0.9410
vn -0.3337 0.0458 0.9416
vn 0.1078 0.4274 0.8976
vn 0.1085 0.4275 0.8975
vn 0.1087 0.4275 0.8975
vn 0.6506 0.5845 0.4848
vn 0.6507 0.5845 0.4847
vn 0.6508 0.5845 0.4847
vn 0.8759 0.4464 -0.1829
vn 0.8769 0.4463 -0.1785
vn 0.7248 0.1558 -0.6711
vn 0.7254 0.1573 -0.6701
vn 0.7256 0.1580 -0.6698
vn 0.3829 -0.1464 -0.9121
vn 0.3835 -0.1463 -0.9119
vn 0.3827 -0.1465 -0.9122
vn -0.1076 -0.4311 -0.8959
vn -0.1083 -0.4311 -0.8958
vn -0.1073 -0.4311 -0.8959
vn -0.6506 -0.5847 -0.4846
vn -0.6507 -0.5846 -0.4845
vn -0.8758 -0.4466 0.1831
vn -0.8759 -0.4462 0.1835
vn -0.7229 -0.1582 0.6726
vn -0.7234 -0.1597 0.6717
vn -0.7227 -0.1575 0.6730
vn -0.3810 0.1417 0.9137
vn -0.3815 0.1416 0.9135
vn -0.3818 0.1415 0.9134
vn 0.0991 0.5355 0.8387
vn 0.1004 0.5354 0.8386
vn 0.1009 0.5354 0.8386
vn 0.6487 0.6019 0.4657
vn 0.6488 0.6019 0.4656
vn 0.9102 0.3971 -0.1179
vn 0.9100 0.3975 -0.1176
vn 0.9100 0.3976 -0.1175
vn 0.7976 0.0600 -0.6002
vn 0.7975 0.0596 -0.6003
vn 0.7975 0.0594 -0.6004
vn 0.4339 -0.2752 -0.8579
vn 0.4326 -0.2754 -0.8585
vn 0.4345 -0.2750 -0.8577
vn -0.0991 -0.5357 -0.8385
vn -0.1004 -0.5357 -0.8384
vn -0.0986 -0.5358 -0.8386
vn -0.6487 -0.6019 -0.4657
vn -0.6488 -0.6018 -0.4657
vn -0.9092 -0.3987 0.1200
vn -0.9091 -0.3991 0.1197
vn -0.9092 -0.3986 0.1201
vn -0.7956 -0.0630 0.6025
vn -0.7955 -0.0627 0.6027
vn -0.7956 -0.0632 0.6025
vn -0.4330 0.2726 0.8592
vn -0.4317 0.2729 0.8597
vn -0.4311 0.2730 0.8600
vn 0.0854 0.7016 0.7074
vn 0.6137 0.7409 0.2729
vn 0.6131 0.7412 0.2734
vn 0.6129 0.7413 0.2735
vn 0.8481 0.4758 -0.2333
vn 0.8473 0.4778 -0.2319
vn 0.8471 0.4784 -0.2315
vn 0.7824 0.0774 -0.6180
vn 0.7838 0.0790 -0.6159
vn 0.7819 0.0769 -0.6187
vn 0.4599 -0.3585 -0.8124
vn 0.4611 -0.3579 -0.8119
vn 0.4595 -0.3587 -0.8125
vn -0.0854 -0.7024 -0.7066
vn -0.0853 -0.7024 -0.7066
vn -0.6142 -0.7397 -0.2749
vn -0.6136 -0.7401 -0.2753
vn -0.6143 -0.7397 -0.2748
vn -0.8489 -0.4749 0.2321
vn -0.8481 -0.4769 0.2306
vn -0.8491 -0.4743 0.2325
vn -0.7818 -0.0784 0.6186
vn -0.7832 -0.0799 0.6166
vn -0.7837 -0.0804 0.6159
vn -0.4590 0.3559 0.8140
vn -0.4603 0.3553 0.8135
vn -0.4607 0.3551 0.8134
vn 0.0674 0.8413 0.5364
vn 0.5249 0.8510 0.0177
vn 0.5244 0.8513 0.0181
vn 0.5242 0.8514 0.0182
vn 0.7138 0.5754 -0.3993
vn 0.7133 0.5764 -0.3988
vn 0.7131 0.5768 -0.3986
vn 0.7065 0.1687 -0.6873
vn 0.7070 0.1694 -0.6867
vn 0.7063 0.1685 -0.6875
vn 0.4636 -0.3732 -0.8036
vn 0.4638 -0.3730 -0.8036
vn 0.4635 -0.3733 -0.8037
vn -0.0675 -0.8410 -0.5369
vn -0.0675 -0.8409 -0.5369
vn -0.5255 -0.8506 -0.0191
vn -0.5250 -0.8509 -0.0195
vn -0.5257 -0.8505 -0.0190
vn -0.7141 -0.5752 0.3990
vn -0.7136 -0.5762 0.3985
vn -0.7143 -0.5748 0.3993
vn -0.7059 -0.1695 0.6878
vn -0.7063 -0.1702 0.6871
vn -0.7065 -0.1704 0.6869
vn -0.4632 0.3720 0.8044
vn -0.4635 0.3718 0.8044
vn -0.4635 0.3717 0.8043
vn 0.0088 0.9977 0.0667
vn 0.0143 0.9978 0.0641
vn 0.0158 0.9979 0.0634
vn 0.3299 0.8897 -0.3157
vn 0.3365 0.8862 -0.3185
vn 0.3393 0.8847 -0.3197
vn 0.5164 0.6561 -0.5502
vn 0.5168 0.6518 -0.5550
vn 0.5163 0.6581 -0.5481
vn 0.6422 0.2384 -0.7285
vn 0.6417 0.2362 -0.7296
vn 0.6424 0.2390 -0.7282
vn 0.5140 -0.5804 -0.6316
vn 0.5142 -0.5802 -0.6316
vn -0.0075 -0.9984 -0.0554
vn -0.0130 -0.9985 -0.0528
vn -0.0059 -0.9984 -0.0561
vn -0.3298 -0.8897 0.3157
vn -0.3365 -0.8862 0.3185
vn -0.3270 -0.8912 0.3145
vn -0.5259 -0.6537 0.5442
vn -0.5262 -0.6494 0.5490
vn -0.5264 -0.6474 0.5511
vn -0.6547 -0.2262 0.7213
vn -0.6542 -0.2241 0.7224
vn -0.6540 -0.2235 0.7227
vn -0.5143 0.5820 0.6299
vn -0.5145 0.5817 0.6300
vn -0.0488 0.9648 -0.2586
vn -0.0375 0.9647 -0.2606
vn -0.0334 0.9647 -0.2613
vn 0.2172 0.8784 -0.4257
vn 0.2261 0.8701 -0.4380
vn 0.2129 0.8823 -0.4198
vn 0.4689 0.6846 -0.5581
vn 0.4760 0.6712 -0.5683
vn 0.4666 0.6888 -0.5548
vn 0.7993 0.0630 -0.5976
vn 0.7994 0.0546 -0.5983
vn 0.7993 0.0644 -0.5975
vn 0.4768 -0.8782 -0.0376
vn 0.4761 -0.8786 -0.0373
vn 0.4769 -0.8782 -0.0376
vn 0.0533 -0.9545 0.2933
vn 0.0418 -0.9545 0.2953
vn 0.0576 -0.9545 0.2925
vn -0.2100 -0.8759 0.4345
vn -0.2189 -0.8675 0.4467
vn -0.2232 -0.8633 0.4527
vn -0.4833 -0.6813 0.5497
vn -0.4903 -0.6680 0.5598
vn -0.4925 -0.6638 0.5630
vn -0.8131 -0.0415 0.5806
vn -0.8130 -0.0340 0.5813
vn -0.8130 -0.0327 0.5814
vn -0.4872 0.8692 0.0841
vn -0.4866 0.8696 0.0838
vn -0.4865 0.8697 0.0838
vn 0.8689 0.0863 -0.4874
vn 0.4419 -0.1401 -0.8860
vn -0.1692 -0.3169 -0.9332
vn -0.6993 -0.3663 -0.6138
vn -0.9567 -0.2791 -0.0827
vn -0.8711 -0.0893 0.4830
vn -0.4435 0.1406 0.8852
vn 0.1714 0.3135 0.9340
vn 0.7013 0.3579 0.6165
vn 0.9591 0.2714 0.0809
vn -0.0310 -0.9785 0.2040
vn -0.0312 -0.9785 0.2039
vn -0.5938 0.1423 -0.7920
vn -0.5938 0.1423 -0.7919
vn -0.5939 0.1424 -0.7919
vn -0.4413 0.1625 0.8825
vn -0.8825 0.0379 0.4688
vn -0.9871 -0.1010 -0.1239
vn -0.7156 -0.2010 -0.6689
vn 0.4423 -0.1627 -0.8820
vn 0.8833 -0.0393 -0.4672
vn 0.9874 0.0987 0.1238
vn 0.6175 0.6258 0.4765
vn 0.1299 0.7452 0.6540
vn -0.4270 0.6461 0.6327
vn -0.8784 0.2883 0.3812
vn -0.9607 -0.2703 -0.0635
vn -0.6027 -0.6693 -0.4345
vn -0.1041 -0.7817 -0.6149
vn 0.3875 -0.6739 -0.6290
vn 0.8690 -0.2942 -0.3977
vn 0.9624 0.2591 0.0819
vn 0.3369 0.9365 0.0969
vn -0.0327 0.9856 0.1658
vn -0.3990 0.8974 0.1885
vn -0.8503 0.4821 0.2111
vn -0.7508 -0.6419 0.1560
vn -0.2364 -0.9701 0.0542
vn 0.0046 -0.9997 -0.0228
vn 0.2654 -0.9556 -0.1284
vn 0.8036 -0.5414 -0.2472
vn 0.7910 0.6078 -0.0702
vn 0.0283 0.9633 -0.2668
vn -0.1298 0.9727 -0.1923
vn -0.3535 0.9323 -0.0768
vn -0.8770 0.0464 0.4783
vn -0.1857 -0.8943 0.4071
vn 0.0140 -0.9486 0.3163
vn 0.1165 -0.9610 0.2509
vn 0.2892 -0.9487 0.1281
vn 0.8772 -0.0436 -0.4781
vn 0.2279 0.9026 -0.3652
vn 0.0883 0.9721 -0.2175
vn -0.1672 0.9833 -0.0724
vn -0.5196 0.8412 0.1497
vn -0.7789 -0.1548 0.6077
vn -0.2183 -0.8433 0.4910
vn 0.0267 -0.9314 0.3631
vn 0.1419 -0.9566 0.2544
vn 0.3763 -0.9264 0.0112
vn 0.7776 0.2148 -0.5909
vn 0.3190 0.8720 -0.3713
vn -0.0054 0.9393 -0.3431
vn -0.2454 0.9518 -0.1841
vn -0.5843 0.8052 0.1010
vn -0.6809 -0.2303 0.6952
vn -0.1180 -0.7973 0.5920
vn 0.1076 -0.8784 0.4656
vn 0.2271 -0.9095 0.3483
vn 0.4745 -0.8782 0.0603
vn 0.6725 0.2992 -0.6769
vn 0.2120 0.8439 -0.4929
vn -0.0611 0.9036 -0.4241
vn -0.3365 0.8944 -0.2948
vn -0.6521 0.7516 -0.0996
vn -0.8805 0.0470 0.4717
vn -0.1365 -0.7201 0.6804
vn 0.1874 -0.7941 0.5782
vn 0.3089 -0.8182 0.4850
vn 0.4992 -0.8169 0.2891
vn 0.8807 -0.0563 -0.4702
vn 0.2397 0.7957 -0.5562
vn 0.2088 0.9598 -0.1873
vn -0.2605 0.9628 0.0725
vn -0.6805 0.6573 0.3238
vn -0.8627 0.0204 0.5052
vn -0.6010 -0.6439 0.4735
vn -0.1488 -0.9517 0.2686
vn 0.2528 -0.9674 0.0136
vn 0.6510 -0.7006 -0.2921
vn 0.8624 -0.0214 -0.5058
vn 0.6299 0.6552 -0.4171
vn -0.0513 0.8782 -0.4756
vn -0.4388 0.8377 -0.3252
vn -0.7590 0.6397 -0.1212
vn -0.9579 0.1124 0.2643
vn -0.4538 -0.6498 0.6098
vn 0.1152 -0.8315 0.5434
vn 0.4212 -0.8128 0.4024
vn 0.7116 -0.6803 0.1755
vn 0.9528 -0.1405 -0.2692
vn 0.4864 0.6687 -0.5624
vn -0.1451 0.8092 -0.5693
vn -0.4916 0.7670 -0.4124
vn -0.7847 0.5924 -0.1826
vn -0.9519 0.0804 0.2958
vn -0.3494 -0.6290 0.6945
vn 0.1913 -0.7649 0.6152
vn 0.4777 -0.7426 0.4695
vn 0.7497 -0.6205 0.2300
vn 0.9498 -0.1007 -0.2961
vn 0.3767 0.6510 -0.6590
vn -0.1213 0.8223 -0.5560
vn -0.5035 0.7330 -0.4573
vn -0.7925 0.5319 -0.2983
vn -0.9910 0.1342 -0.0009
vn -0.5894 -0.6172 0.5213
vn 0.1567 -0.7952 0.5857
vn 0.5300 -0.7055 0.4706
vn 0.7677 -0.5565 0.3176
vn 0.9874 -0.1584 -0.0071
vn 0.5984 0.6208 -0.5065
vn -0.2130 0.7456 -0.6315
vn -0.5464 0.6373 -0.5435
vn -0.7825 0.4691 -0.4096
vn -0.9810 0.1414 -0.1328
vn -0.5685 -0.6167 0.5445
vn 0.5633 -0.6178 0.5486
vn 0.7659 -0.4863 0.4206
vn 0.9793 -0.1588 0.1259
vn 0.5760 0.6188 -0.5341
vn -0.5599 0.6354 -0.5318
vn -0.7991 0.4572 -0.3903
vn -0.9867 0.1201 -0.1094
vn -0.5844 -0.6127 0.5321
vn 0.2322 -0.7303 0.6425
vn 0.5749 -0.6166 0.5379
vn 0.7845 -0.4725 0.4015
vn 0.9851 -0.1366 0.1041
vn 0.5896 0.6145 -0.5241
vn -0.2847 0.6753 -0.6804
vn -0.5842 0.5580 -0.5894
vn -0.7910 0.4031 -0.4602
vn -0.9751 0.1140 -0.1900
vn -0.5245 -0.6132 0.5906
vn 0.3097 -0.6504 0.6935
vn 0.5997 -0.5389 0.5916
vn 0.7762 -0.4203 0.4699
vn 0.9746 -0.1308 0.1819
vn 0.5339 0.6157 -0.5795
vn -0.1770 0.7837 -0.5954
vn -0.5833 0.6340 -0.5078
vn -0.8253 0.4247 -0.3722
vn -0.9870 0.0897 -0.1332
vn -0.6863 -0.5949 0.4184
vn 0.2002 -0.7652 0.6118
vn 0.5981 -0.6152 0.5136
vn 0.8129 -0.4410 0.3804
vn 0.9866 -0.1055 0.1245
vn 0.9851 -0.0795 0.1525
vn 0.8262 -0.3960 0.4007
vn 0.6041 -0.5863 0.5398
vn 0.2240 -0.7433 0.6303
vn -0.9814 0.0936 -0.1678
vn -0.8188 0.4118 -0.4001
vn -0.6110 0.5952 -0.5219
vn -0.2104 0.7583 -0.6170
vn 0.5938 -0.1423 0.7920
vn 0.5937 -0.1422 0.7920
vn 0.5937 -0.1425 0.7920
vn 0.5938 -0.1424 0.7919
vn -0.6693 0.0587 -0.7406
vn -0.6692 0.0588 -0.7407
vn -0.2952 0.6725 -0.6786
vn -0.6222 0.5283 -0.5777
vn -0.8200 0.3612 -0.4440
vn -0.9800 0.0728 -0.1851
vn -0.5918 -0.6070 0.5304
vn 0.3104 -0.6580 0.6861
vn 0.6309 -0.5170 0.5784
vn 0.8129 -0.3717 0.4484
vn 0.9805 -0.0821 0.1784
vn 0.5945 0.6075 -0.5269
vn -0.3467 0.6142 -0.7089
vn -0.6352 0.5419 -0.5504
vn -0.8518 0.4076 -0.3290
vn -0.9804 0.0312 0.1946
vn -0.2279 -0.5606 0.7961
vn 0.3593 -0.6054 0.7102
vn 0.6272 -0.5442 0.5572
vn 0.8468 -0.4172 0.3300
vn 0.9787 -0.0342 -0.2025
vn 0.2414 0.5646 -0.7893
vn -0.1083 0.8440 -0.5252
vn -0.5813 0.7238 -0.3717
vn -0.8722 0.4623 -0.1598
vn -0.9898 0.0281 0.1398
vn 0.1229 -0.8368 0.5335
vn 0.5928 -0.7145 0.3715
vn 0.8649 -0.4749 0.1624
vn 0.9883 -0.0359 -0.1479
vn 0.6221 0.6047 -0.4973
vn -0.1845 0.7906 -0.5839
vn -0.6066 0.6825 -0.4077
vn -0.8793 0.4467 -0.1652
vn -0.9795 0.0155 0.2007
vn -0.5174 -0.6055 0.6047
vn 0.2000 -0.7819 0.5905
vn 0.6179 -0.6740 0.4049
vn 0.8722 -0.4593 0.1680
vn 0.9778 -0.0222 -0.2083
vn 0.5216 0.6064 -0.6001
vn -0.4506 0.4913 -0.7453
vn -0.6743 0.4243 -0.6043
vn -0.8512 0.3225 -0.4140
vn -0.9931 0.0170 0.1162
vn -0.0757 -0.5027 0.8611
vn 0.4584 -0.4817 0.7469
vn 0.6696 -0.4224 0.6109
vn 0.8465 -0.3281 0.4193
vn 0.9927 -0.0214 -0.1189
vn 0.0853 0.5086 -0.8568
vn -0.5366 0.3408 -0.7719
vn -0.6777 0.2969 -0.6728
vn -0.8038 0.2407 -0.5440
vn 0.1705 -0.3945 0.9029
vn 0.5402 -0.3403 0.7696
vn 0.6750 -0.3009 0.6736
vn 0.8044 -0.2448 0.5413
vn -0.1609 0.3972 -0.9035
vn -0.6160 0.1569 -0.7720
vn -0.6617 0.1375 -0.7371
vn -0.7045 0.1176 -0.6999
vn -0.8274 0.0521 -0.5592
vn 0.4785 -0.2011 0.8547
vn 0.6598 -0.1371 0.7389
vn 0.7027 -0.1196 0.7014
vn 0.8290 -0.0542 0.5566
vn -0.4720 0.2070 -0.8570
vn -0.6594 0.1243 -0.7415
vn -0.6920 0.0995 -0.7150
vn -0.7497 0.0535 -0.6596
vn 0.6215 -0.1474 0.7695
vn 0.6618 -0.1219 0.7397
vn 0.6905 -0.1032 0.7159
vn 0.7528 -0.0561 0.6559
vn -0.7029 0.1107 -0.7026
vn -0.7676 0.0527 -0.6388
vn 0.0326 -0.4593 0.8877
vn -0.6651 0.1410 -0.7333
vn -0.7028 0.1107 -0.7027
vn 0.7946 0.5382 -0.2811
vn -0.4805 0.0292 -0.8765
vn -0.5613 -0.0512 -0.8260
vn -0.6747 -0.1214 -0.7281
vn -0.8278 -0.2261 -0.5135
vn -0.1796 -0.4883 0.8540
vn 0.5593 -0.1709 0.8111
vn 0.6494 -0.1171 0.7513
vn 0.6529 -0.0852 0.7527
vn 0.6785 0.0023 0.7346
vn -0.0685 0.3329 -0.9405
vn 0.6412 0.0312 0.7667
vn -0.7107 -0.0989 -0.6965
vn -0.1782 0.2950 -0.9387
vn -0.5415 0.0437 -0.8396
vn -0.5988 -0.0056 -0.8009
vn -0.6368 -0.0427 -0.7698
vn -0.7059 -0.1190 -0.6983
vn 0.4011 -0.1029 0.9103
vn -0.6706 0.0601 -0.7394
vn -0.6214 0.0508 -0.7819
vn -0.9255 0.2895 -0.2443
vn 0.6679 0.0927 0.7385
vn 0.0380 0.4072 -0.9126
vn 0.6381 0.0375 0.7690
vn -0.7049 -0.1151 -0.6999
vn -0.2334 0.3016 -0.9244
vn -0.4563 0.4636 -0.7596
vn -0.6923 0.2484 -0.6775
vn -0.7980 0.1516 -0.5832
vn -0.9335 -0.0478 -0.3553
vn -0.3965 -0.7397 0.5437
vn 0.4918 -0.5855 0.6445
vn 0.7413 -0.4011 0.5381
vn 0.8988 -0.1608 0.4078
vn 0.9649 0.2034 0.1662
vn 0.4336 0.7239 -0.5367
vn -0.4390 0.6702 -0.5984
vn -0.7424 0.4232 -0.5194
vn -0.8812 0.2188 -0.4191
vn -0.9683 -0.0708 -0.2394
vn -0.5871 -0.7335 0.3424
vn 0.4501 -0.6662 0.5946
vn 0.7494 -0.4255 0.5074
vn 0.8847 -0.2284 0.4063
vn 0.9724 0.0775 0.2202
vn 0.5845 0.7346 -0.3446
vn 0.9923 0.1059 0.0649
vn 0.9239 -0.2674 0.2737
vn 0.7437 -0.5309 0.4063
vn 0.3522 -0.7872 0.5062
vn -0.5817 -0.7346 0.3492
vn -0.9917 -0.1044 -0.0753
vn -0.9212 0.2686 -0.2815
vn -0.7484 0.5256 -0.4046
vn -0.3561 0.7879 -0.5024
vn 0.5813 0.7344 -0.3504
vn 0.6692 -0.0587 0.7407
vn 0.6691 -0.0586 0.7409
vn 0.6692 -0.0588 0.7408
vn 0.6692 -0.0588 0.7407
vn -0.6776 0.0540 -0.7334
vn -0.6777 0.0540 -0.7334
vn -0.6776 0.0541 -0.7335
vn -0.5647 0.4701 -0.6784
vn -0.7476 0.3329 -0.5747
vn -0.8680 0.1976 -0.4556
vn -0.9823 -0.0853 -0.1666
vn -0.1154 -0.6743 0.7294
vn 0.5686 -0.4682 0.6764
vn 0.7505 -0.3336 0.5705
vn 0.8691 -0.2014 0.4518
vn 0.1228 0.6758 -0.7268
vn -0.4795 0.6342 -0.6065
vn -0.7547 0.4905 -0.4357
vn -0.9343 0.2872 -0.2110
vn -0.1443 -0.6866 0.7125
vn 0.4799 -0.6368 0.6035
vn 0.7540 -0.4942 0.4328
vn 0.9354 -0.2871 0.2063
vn 0.9549 0.1603 -0.2498
vn 0.1463 0.6855 -0.7132
vn -0.3859 0.7604 -0.5225
vn -0.7402 0.5798 -0.3404
vn -0.9429 0.3130 -0.1136
vn -0.9567 -0.1589 0.2441
vn -0.3253 -0.7332 0.5971
vn 0.7416 -0.5778 0.3408
vn 0.9421 -0.3149 0.1149
vn 0.3261 0.7337 -0.5962
vn -0.2625 0.8742 -0.4086
vn -0.7134 0.6596 -0.2365
vn -0.9422 0.3330 -0.0379
vn -0.9649 -0.1531 0.2134
vn 0.2627 -0.8747 0.4073
vn 0.9422 -0.3330 0.0358
vn 0.9645 0.1542 -0.2145
vn -0.1792 0.9278 -0.3273
vn -0.7096 0.6681 -0.2239
vn -0.9440 0.3161 -0.0944
vn -0.9894 -0.1295 0.0652
vn -0.6440 -0.7162 0.2688
vn 0.1813 -0.9269 0.3286
vn 0.7114 -0.6661 0.2241
vn 0.9431 -0.3188 0.0940
vn 0.9895 0.1281 -0.0674
vn -0.2822 0.8603 -0.4247
vn -0.9406 0.2913 -0.1744
vn -0.9920 -0.1240 0.0235
vn 0.2838 -0.8588 0.4266
vn -0.9427 0.3031 -0.1397
vn -0.9854 -0.1366 0.1020
vn 0.7364 -0.6023 0.3081
vn 0.9432 -0.3017 0.1391
vn 0.9853 0.1377 -0.1013
vn -0.3960 0.7508 -0.5286
vn -0.7496 0.5489 -0.3699
vn -0.9407 0.2897 -0.1767
vn -0.9796 -0.1454 0.1387
vn -0.3844 -0.7408 0.5508
vn 0.3970 -0.7484 0.5313
vn 0.7506 -0.5459 0.3724
vn 0.9395 -0.2914 0.1801
vn 0.9802 0.1426 -0.1373
vn 0.3842 0.7413 -0.5503
vn -0.4560 0.6731 -0.5823
vn -0.7521 0.5311 -0.3902
vn -0.9433 0.3041 -0.1330
vn 0.4542 -0.6744 0.5821
vn 0.7533 -0.5302 0.3891
vn 0.9438 -0.3025 0.1330
vn 0.9267 0.1747 -0.3328
vn -0.5455 0.5217 -0.6560
vn -0.7576 0.4530 -0.4700
vn -0.9410 0.2995 -0.1574
vn 0.5430 -0.5239 0.6563
vn 0.7594 -0.4520 0.4679
vn 0.9418 -0.2972 0.1573
vn -0.6060 0.3757 -0.7011
vn -0.7500 0.3351 -0.5702
vn -0.9128 0.2456 -0.3263
vn 0.3374 -0.4097 0.8475
vn 0.6035 -0.3740 0.7042
vn 0.7515 -0.3304 0.5710
vn 0.9113 -0.2430 0.3325
vn -0.3432 0.4088 -0.8456
vn -0.5900 0.4105 -0.6953
vn -0.7382 0.2609 -0.6221
vn -0.8171 0.1535 -0.5556
vn -0.9071 -0.0317 -0.4198
vn 0.5870 -0.4142 0.6956
vn 0.7363 -0.2621 0.6238
vn 0.8168 -0.1507 0.5568
vn 0.9052 0.0317 0.4238
vn 0.4330 0.7442 -0.5085
vn -0.6052 0.3646 -0.7077
vn -0.7284 0.2258 -0.6468
vn -0.7930 0.1320 -0.5947
vn -0.8675 -0.0128 -0.4974
vn 0.6091 -0.3604 0.7065
vn 0.7311 -0.2252 0.6440
vn 0.7941 -0.1357 0.5924
vn 0.9013 0.0227 0.4326
vn 0.7677 -0.1174 0.6299
vn 0.7142 -0.1583 0.6818
vn 0.6542 -0.1974 0.7301
vn 0.4661 -0.2988 0.8328
vn -0.9000 -0.0283 -0.4349
vn -0.7639 0.1107 -0.6358
vn -0.7114 0.1517 -0.6863
vn -0.6597 0.1894 -0.7273
vn -0.4796 0.2936 -0.8269
vn 0.6776 -0.0539 0.7335
vn 0.6774 -0.0538 0.7336
vn 0.6776 -0.0540 0.7334
vn 0.6776 -0.0541 0.7335
vn 0.6775 -0.0540 0.7335
vn -0.7984 0.1565 -0.5814
vn -0.7985 0.1565 -0.5814
vn -0.7985 0.1565 -0.5812
vn -0.5489 0.5147 -0.6586
vn -0.7585 0.4010 -0.5137
vn -0.9124 0.2533 -0.3214
vn -0.9703 -0.1453 0.1935
vn 0.0318 -0.6182 0.7854
vn 0.5513 -0.5216 0.6512
vn 0.7569 -0.4120 0.5073
vn 0.9166 -0.2550 0.3080
vn 0.9669 0.1518 -0.2049
vn -0.0233 0.6160 -0.7874
vn -0.3976 0.7525 -0.5251
vn -0.7311 0.6221 -0.2800
vn -0.9327 0.3585 0.0399
vn -0.8444 -0.1883 0.5015
vn -0.1641 -0.7047 0.6903
vn 0.3984 -0.7624 0.5099
vn 0.7234 -0.6371 0.2661
vn 0.9317 -0.3582 -0.0602
vn 0.8406 0.1926 -0.5062
vn 0.1714 0.6991 -0.6942
vn -0.1831 0.9304 -0.3175
vn -0.6667 0.7376 -0.1067
vn -0.9213 0.3727 0.1107
vn -0.9325 -0.1545 0.3264
vn -0.5029 -0.7451 0.4382
vn 0.1863 -0.9325 0.3093
vn 0.6655 -0.7408 0.0913
vn 0.9187 -0.3746 -0.1254
vn 0.9286 0.1613 -0.3343
vn 0.5033 0.7448 -0.4382
vn -0.2043 0.9232 -0.3254
vn -0.6531 0.7544 -0.0659
vn -0.8996 0.3882 0.2003
vn -0.8796 -0.1718 0.4436
vn -0.4223 -0.7506 0.5082
vn 0.2060 -0.9258 0.3168
vn 0.6508 -0.7575 0.0518
vn 0.8964 -0.3889 -0.2128
vn 0.8762 0.1764 -0.4486
vn 0.4242 0.7491 -0.5088
vn -0.4784 0.6920 -0.5406
vn -0.7546 0.5893 -0.2886
vn -0.9302 0.3620 0.0601
vn -0.7582 -0.2018 0.6200
vn 0.0163 -0.6651 0.7466
vn 0.4861 -0.6956 0.5291
vn 0.7447 -0.6039 0.2840
vn 0.9267 -0.3679 -0.0770
vn 0.7554 0.2031 -0.6230
vn -0.0007 0.6637 -0.7480
vn -0.4835 0.6988 -0.5272
vn -0.7699 0.5522 -0.3199
vn -0.9410 0.3313 -0.0687
vn -0.9107 -0.1548 0.3830
vn -0.1072 -0.7124 0.6936
vn 0.4907 -0.7010 0.5174
vn 0.7613 -0.5669 0.3146
vn 0.9399 -0.3373 0.0527
vn 0.9049 0.1599 -0.3944
vn 0.1197 0.7108 -0.6932
vn -0.4515 0.7465 -0.4887
vn -0.7623 0.5914 -0.2629
vn -0.9388 0.3443 0.0019
vn -0.8929 -0.1608 0.4206
vn -0.1542 -0.7281 0.6679
vn 0.4593 -0.7470 0.4806
vn 0.7532 -0.6046 0.2591
vn 0.9362 -0.3510 -0.0159
vn 0.8875 0.1645 -0.4304
vn 0.1651 0.7268 -0.6667
vn -0.5240 0.6698 -0.5261
vn -0.7764 0.5582 -0.2927
vn -0.9372 0.3483 0.0170
vn -0.8013 -0.1883 0.5679
vn 0.0439 -0.6743 0.7372
vn 0.5279 -0.6755 0.5148
vn 0.7691 -0.5717 0.2858
vn 0.9356 -0.3514 -0.0341
vn 0.7968 0.1915 -0.5731
vn -0.0323 0.6715 -0.7403
vn -0.5161 0.6905 -0.5068
vn -0.7700 0.5867 -0.2508
vn -0.9271 0.3628 0.0940
vn -0.7380 -0.2027 0.6436
vn 0.0620 -0.6731 0.7370
vn 0.5209 -0.6936 0.4976
vn 0.7628 -0.5974 0.2474
vn 0.9243 -0.3665 -0.1066
vn 0.7354 0.2040 -0.6462
vn -0.0508 0.6716 -0.7392
vn -0.4219 0.7981 -0.4301
vn -0.7029 0.7067 -0.0804
vn -0.8411 0.4014 0.3626
vn -0.5864 -0.2291 0.7769
vn 0.0009 -0.7019 0.7123
vn 0.4229 -0.8041 0.4179
vn 0.6941 -0.7161 0.0735
vn 0.8361 -0.4015 -0.3738
vn 0.5877 0.2283 -0.7762
vn 0.0066 0.6973 -0.7168
vn -0.3879 0.8334 -0.3938
vn -0.6458 0.7632 0.0236
vn -0.7385 0.4095 0.5357
vn -0.4449 -0.2476 0.8607
vn 0.0285 -0.7000 0.7136
vn 0.3857 -0.8400 0.3816
vn 0.6377 -0.7697 -0.0311
vn 0.7344 -0.4081 -0.5423
vn 0.4488 0.2446 -0.8595
vn -0.0244 0.6942 -0.7194
vn -0.2606 0.9219 -0.2868
vn -0.5016 0.8369 0.2192
vn -0.3746 -0.2569 0.8909
vn -0.0506 -0.7287 0.6830
vn 0.2511 -0.9239 0.2888
vn 0.4955 -0.8395 -0.2229
vn 0.5727 -0.3942 -0.7188
vn 0.3786 0.2534 -0.8902
vn 0.0533 0.7237 -0.6881
vn -0.4657 0.8454 0.2616
vn -0.2071 -0.2703 0.9402
vn 0.0601 -0.7018 0.7098
vn 0.2884 -0.9074 0.3058
vn 0.4610 -0.8472 -0.2641
vn 0.2125 0.2666 -0.9401
vn -0.0579 0.6973 -0.7145
vn -0.3039 0.9022 -0.3062
vn -0.3893 0.8567 0.3384
vn -0.2734 0.3273 0.9045
vn -0.0482 -0.2773 0.9596
vn 0.1414 -0.6726 0.7264
vn 0.2754 -0.3290 -0.9033
vn 0.0497 0.2733 -0.9606
vn -0.1466 0.6740 -0.7240
vn -0.4412 0.8070 -0.3926
vn 0.2270 0.1537 0.9617
vn 0.3708 -0.2518 0.8939
vn 0.4431 -0.8045 0.3955
vn 0.1869 -0.8416 -0.5068
vn -0.2260 -0.1517 -0.9623
vn -0.3679 0.2538 -0.8946
vn -0.5066 0.2318 -0.8304
vn -0.4948 -0.0191 -0.8688
vn -0.3714 -0.5319 -0.7610
vn 0.2645 -0.9228 0.2800
vn 0.4714 -0.4998 0.7266
vn 0.5044 -0.2406 0.8293
vn 0.4991 0.0273 0.8661
vn 0.3803 0.5288 0.7587
vn -0.2767 0.9171 -0.2870
vn -0.4815 0.4885 -0.7277
vn 0.7985 -0.1564 0.5813
vn 0.7984 -0.1564 0.5814
vn 0.4744 -0.6485 0.5953
vn -0.1099 0.9782 -0.1761
vn 0.5681 0.3036 0.7649
vn 0.5873 -0.0428 0.8083
vn 0.5661 -0.2293 0.7918
vn 0.5065 -0.4737 0.7205
vn 0.0971 -0.9812 0.1668
vn -0.5594 -0.3235 -0.7632
vn -0.5888 0.0321 -0.8077
vn -0.5726 0.2375 -0.7847
vn -0.5190 0.4687 -0.7148
vn -0.7220 -0.0360 -0.6909
vn -0.7332 0.2592 -0.6286
vn -0.5901 0.7910 -0.1618
vn 0.6523 0.5836 0.4837
vn 0.8395 0.0174 0.5431
vn 0.8394 -0.1699 0.5163
vn 0.8460 -0.2621 0.4643
vn 0.7507 -0.5936 0.2901
vn -0.7385 -0.5197 -0.4295
vn -0.9195 -0.0608 -0.3883
vn -0.9260 0.1419 -0.3498
vn -0.8616 0.4033 -0.3083
vn -0.7852 0.4618 -0.4126
vn 0.6278 0.7117 0.3151
vn 0.8835 -0.0303 0.4674
vn 0.8639 -0.1697 0.4742
vn 0.8324 -0.2876 0.4738
vn 0.7794 -0.4299 0.4557
vn -0.6963 -0.6076 -0.3820
vn -0.8688 0.0852 -0.4877
vn -0.8595 0.2007 -0.4700
vn -0.8508 0.2679 -0.4521
vn -0.7560 0.5555 -0.3462
vn -0.0032 0.9830 -0.1838
vn 0.9450 0.1287 0.3006
vn 0.8989 -0.1842 0.3975
vn 0.7856 -0.4149 0.4591
vn 0.7218 -0.4920 0.4868
vn 0.2948 -0.8772 0.3790
vn -0.8837 0.1397 -0.4467
vn -0.8520 0.3129 -0.4197
vn -0.8661 0.3315 -0.3742
vn 0.0090 0.8109 0.5851
vn 0.6246 0.7140 0.3164
vn 0.9287 0.3703 -0.0202
vn 0.9342 -0.1013 -0.3420
vn 0.6232 -0.5465 -0.5594
vn -0.0092 -0.8086 -0.5883
vn -0.6455 -0.6798 -0.3482
vn -0.9481 -0.3181 -0.0018
vn -0.9499 0.0679 0.3050
vn -0.6409 0.5179 0.5666
vn 0.0767 0.7600 0.6454
vn 0.6062 0.7334 0.3077
vn 0.8898 0.4393 -0.1233
vn 0.8574 -0.0208 -0.5143
vn 0.4987 -0.4806 -0.7213
vn -0.0763 -0.7559 -0.6502
vn -0.6136 -0.7208 -0.3224
vn -0.8996 -0.4215 0.1140
vn -0.8653 0.0123 0.5012
vn -0.5032 0.4739 0.7226
vn 0.4982 0.8424 0.2054
vn 0.7544 0.5864 -0.2949
vn 0.7223 0.1061 -0.6834
vn 0.4143 -0.4143 -0.8104
vn -0.0517 -0.7768 -0.6277
vn -0.7537 -0.5868 0.2960
vn -0.7224 -0.1074 0.6831
vn -0.4152 0.4138 0.8102
vn 0.1306 0.6936 0.7085
vn 0.5423 0.8020 0.2504
vn 0.7417 0.5973 -0.3051
vn 0.6537 0.1694 -0.7376
vn 0.3165 -0.3226 -0.8920
vn -0.1369 -0.6913 -0.7095
vn -0.7391 -0.5986 0.3089
vn -0.6500 -0.1657 0.7416
vn -0.3242 0.3197 0.8904
vn 0.3558 0.3189 0.8784
vn 0.7291 0.4879 0.4799
vn 0.8584 0.4788 -0.1841
vn 0.5711 0.2434 -0.7840
vn 0.0885 -0.0507 -0.9948
vn -0.3781 -0.3006 -0.8756
vn -0.7360 -0.4684 -0.4887
vn -0.8602 -0.4770 0.1801
vn -0.5618 -0.2384 0.7922
vn -0.0808 0.0717 0.9941
vn 0.4153 0.1500 0.8972
vn 0.7725 0.2824 0.5688
vn 0.9374 0.3424 -0.0638
vn 0.6025 0.2243 -0.7660
vn 0.0346 0.0254 -0.9991
vn -0.4291 -0.1383 -0.8926
vn -0.7758 -0.2667 -0.5719
vn -0.9396 -0.3376 0.0569
vn -0.5965 -0.2240 0.7707
vn -0.0271 -0.0159 0.9995
vn 0.2966 0.4174 0.8589
vn 0.7066 0.5444 0.4521
vn 0.6570 0.1793 -0.7323
vn -0.3020 -0.4156 -0.8579
vn -0.7092 -0.5406 -0.4526
vn -0.6548 -0.1796 0.7341
vn -0.1958 0.1567 0.9680
vn 0.3508 0.2998 0.8872
vn 0.7585 0.3485 0.5506
vn 0.9591 0.2826 -0.0146
vn 0.7546 0.0809 -0.6512
vn 0.2033 -0.1489 -0.9677
vn -0.3467 -0.2905 -0.8919
vn -0.7627 -0.3378 -0.5515
vn -0.9607 -0.2774 0.0094
vn -0.7538 -0.0811 0.6521
vn 0.3080 0.3801 0.8722
vn 0.7652 0.3019 0.5686
vn 0.9859 0.1331 0.1013
vn 0.8777 -0.1074 -0.4670
vn 0.3463 -0.3206 -0.8816
vn -0.3050 -0.3725 -0.8765
vn -0.7646 -0.2906 -0.5752
vn -0.9859 -0.1264 -0.1097
vn -0.8802 0.1073 0.4624
vn -0.3441 0.3220 0.8820
vn 0.2746 0.4387 0.8556
vn 0.7196 0.4955 0.4864
vn 0.9249 0.3699 -0.0877
vn 0.2780 -0.2299 -0.9327
vn -0.2710 -0.4385 -0.8569
vn -0.7223 -0.4934 -0.4845
vn -0.9258 -0.3678 0.0876
vn -0.2749 0.2283 0.9340
vn -0.8727 0.0958 0.4788
vn -0.7470 -0.3865 -0.5409
vn -0.2604 -0.4607 -0.8485
vn 0.3765 -0.3593 -0.8539
vn 0.8715 -0.0940 -0.4813
vn 0.9799 0.1900 0.0613
vn 0.2583 0.4571 0.8511
vn -0.3761 0.3578 0.8547
vn -0.4742 0.6485 -0.5954
vn 0.3354 -0.5998 0.7264
vn 0.3355 -0.5997 0.7265
vn 0.3353 -0.5998 0.7265
vn 0.3353 -0.5999 0.7264
vn 0.2652 0.4422 0.8568
vn 0.9785 0.1969 0.0617
vn 0.8652 -0.0820 -0.4947
vn 0.3649 -0.3400 -0.8667
vn -0.2612 -0.4401 -0.8591
vn -0.7424 -0.3772 -0.5536
vn -0.8664 0.0833 0.4923
vn -0.3629 0.3399 0.8676
vn 0.3397 0.2383 0.9098
vn 0.7528 0.2415 0.6124
vn 0.9815 0.1694 0.0896
vn 0.2356 -0.1668 -0.9574
vn -0.3354 -0.2443 -0.9099
vn -0.7562 -0.2431 -0.6075
vn -0.9822 -0.1666 -0.0863
vn -0.8145 -0.0030 0.5801
vn -0.2330 0.1617 0.9589
vn 0.2377 0.4800 0.8444
vn 0.6935 0.5511 0.4640
vn 0.9049 0.4088 -0.1182
vn 0.7443 0.0924 -0.6615
vn 0.2974 -0.2469 -0.9223
vn -0.2400 -0.4834 -0.8419
vn -0.6961 -0.5498 -0.4617
vn -0.9054 -0.4077 0.1183
vn -0.7431 -0.0946 0.6625
vn -0.2939 0.2441 0.9241
vn 0.7063 0.5047 0.4964
vn 0.9379 0.3425 -0.0551
vn 0.7937 0.0319 -0.6074
vn 0.3279 -0.2846 -0.9008
vn -0.2345 -0.4777 -0.8466
vn -0.7093 -0.5012 -0.4957
vn -0.9388 -0.3402 0.0541
vn -0.3248 0.2841 0.9021
vn 0.2906 0.3369 0.8956
vn 0.7333 0.3475 0.5843
vn 0.9703 0.2383 0.0407
vn 0.8097 0.0101 -0.5868
vn 0.2826 -0.2168 -0.9344
vn -0.2857 -0.3350 -0.8978
vn -0.7370 -0.3424 -0.5827
vn -0.9712 -0.2345 -0.0423
vn -0.2783 0.2159 0.9359
vn 0.3456 0.1392 0.9280
vn 0.7330 0.1600 0.6612
vn 0.9819 0.1344 0.1335
vn 0.1882 -0.0825 -0.9787
vn -0.3396 -0.1388 -0.9303
vn -0.7369 -0.1554 -0.6579
vn -0.9824 -0.1295 -0.1345
vn -0.1822 0.0794 0.9800
vn 0.2838 0.3273 0.9013
vn 0.7283 0.3175 0.6072
vn 0.9762 0.2005 0.0829
vn 0.2992 -0.2380 -0.9240
vn -0.2782 -0.3333 -0.9008
vn -0.7329 -0.3179 -0.6015
vn -0.9772 -0.1965 -0.0800
vn -0.2961 0.2324 0.9264
vn 0.1662 0.6085 0.7760
vn 0.6756 0.5801 0.4550
vn 0.9415 0.3347 -0.0403
vn 0.4178 -0.4104 -0.8105
vn -0.1634 -0.6090 -0.7761
vn -0.6781 -0.5783 -0.4535
vn -0.9424 -0.3322 0.0402
vn -0.8470 0.0471 0.5294
vn -0.4165 0.4094 0.8117
vn 0.2657 0.3525 0.8973
vn 0.7165 0.3606 0.5971
vn 0.9689 0.2415 0.0533
vn 0.3012 -0.2345 -0.9243
vn -0.2602 -0.3534 -0.8986
vn -0.7206 -0.3572 -0.5942
vn -0.9698 -0.2378 -0.0535
vn -0.2968 0.2315 0.9264
vn 0.2926 0.2447 0.9244
vn 0.7163 0.2634 0.6462
vn 0.9758 0.1948 0.0996
vn -0.2877 -0.2436 -0.9262
vn -0.7195 -0.2589 -0.6444
vn -0.9764 -0.1911 -0.1010
vn -0.2454 0.1548 0.9570
vn 0.2786 0.2768 0.9197
vn 0.7112 0.3212 0.6253
vn 0.9661 0.2539 0.0468
vn 0.2527 -0.1583 -0.9545
vn -0.2721 -0.2802 -0.9206
vn -0.7159 -0.3196 -0.6207
vn -0.9670 -0.2507 -0.0461
vn -0.7758 -0.0525 0.6287
vn 0.2301 0.4025 0.8860
vn 0.6970 0.4547 0.5545
vn 0.9428 0.3319 -0.0317
vn 0.3014 -0.2264 -0.9262
vn -0.2350 -0.4040 -0.8841
vn -0.7003 -0.4516 -0.5528
vn -0.9434 -0.3303 0.0312
vn -0.2977 0.2238 0.9281
vn 0.1885 0.5144 0.8366
vn 0.6467 0.6437 0.4093
vn 0.8423 0.4933 -0.2173
vn 0.6820 0.1499 -0.7158
vn -0.1910 -0.5172 -0.8343
vn -0.6477 -0.6432 -0.4084
vn -0.8411 -0.4954 0.2173
vn -0.6788 -0.1545 0.7179
vn -0.2960 0.2133 0.9311
vn 0.1651 0.5715 0.8038
vn 0.5507 0.8065 0.2153
vn 0.6445 0.6358 -0.4247
vn 0.5104 0.2854 -0.8112
vn -0.1657 -0.5756 -0.8008
vn -0.5498 -0.8065 -0.2175
vn -0.6411 -0.6409 0.4222
vn -0.5047 -0.2941 0.8116
vn 0.2654 0.2212 0.9384
vn 0.6763 0.5290 0.5127
vn 0.7562 0.5661 -0.3281
vn 0.4532 0.3151 -0.8338
vn 0.1132 0.0490 -0.9924
vn -0.2662 -0.2355 -0.9347
vn -0.6783 -0.5322 -0.5066
vn -0.7558 -0.5694 0.3234
vn -0.4482 -0.3271 0.8319
vn -0.1012 -0.0604 0.9930
vn -0.3992 -0.3441 0.8499
vn -0.7265 -0.5833 0.3632
vn -0.6748 -0.5198 -0.5239
vn -0.2638 -0.1913 -0.9454
vn 0.0875 0.0842 -0.9926
vn 0.4130 0.3399 -0.8449
vn 0.7305 0.5836 -0.3546
vn 0.6781 0.5195 0.5199
vn 0.2737 0.1835 0.9442
vn -0.0753 -0.0955 0.9926
vn -0.3353 0.5997 -0.7265
vn -0.3353 0.5999 -0.7264
vn 0.1210 -0.6644 0.7376
vn 0.1211 -0.6644 0.7375
vn 0.1212 -0.6643 0.7376
vn 0.1210 -0.6642 0.7377
vn 0.3024 -0.1510 0.9412
vn 0.6470 0.0676 0.7595
vn 0.8692 0.4594 -0.1829
vn 0.2991 0.4085 -0.8624
vn -0.0456 0.2856 -0.9573
vn -0.3165 0.1593 -0.9351
vn -0.6468 -0.0478 -0.7611
vn -0.8662 -0.4629 0.1883
vn -0.2772 -0.4096 0.8691
vn 0.0581 -0.2763 0.9593
vn 0.2970 -0.2870 0.9107
vn 0.5851 -0.1162 0.8026
vn 0.8890 0.4333 -0.1482
vn 0.1928 0.4708 -0.8609
vn -0.1005 0.3845 -0.9176
vn -0.3126 0.2977 -0.9020
vn -0.5805 0.1434 -0.8015
vn -0.8857 -0.4378 0.1547
vn -0.1631 -0.4723 0.8662
vn 0.1149 -0.3741 0.9202
vn 0.2814 -0.2875 0.9155
vn 0.5313 -0.2304 0.8152
vn 0.9324 -0.0454 0.3586
vn 0.4851 0.3196 -0.8139
vn -0.0349 0.3308 -0.9431
vn -0.2977 0.3039 -0.9050
vn -0.5251 0.2558 -0.8117
vn -0.9208 0.0689 -0.3840
vn -0.4546 -0.3288 0.8278
vn 0.0526 -0.3228 0.9450
vn 0.2598 -0.1618 0.9520
vn 0.5960 -0.0554 0.8011
vn 0.9740 0.1668 0.1535
vn 0.5360 0.2919 -0.7922
vn 0.0516 0.2396 -0.9695
vn -0.2751 0.1735 -0.9456
vn -0.5947 0.0760 -0.8004
vn -0.9738 -0.1580 -0.1638
vn -0.5159 -0.2979 0.8032
vn -0.0364 -0.2335 0.9717
vn 0.2549 -0.3296 0.9091
vn 0.5098 -0.2539 0.8220
vn 0.9587 0.0307 0.2829
vn 0.3922 0.4015 -0.8277
vn -0.0331 0.3842 -0.9227
vn -0.2674 0.3453 -0.8996
vn -0.5009 0.2780 -0.8197
vn -0.9525 -0.0120 -0.3043
vn -0.3653 -0.4061 0.8376
vn 0.0458 -0.3740 0.9263
vn 0.2424 -0.3370 0.9097
vn 0.4926 -0.2714 0.8269
vn 0.9422 -0.0237 0.3341
vn 0.4398 0.3751 -0.8160
vn -0.0112 0.3726 -0.9279
vn -0.2550 0.3410 -0.9048
vn -0.9378 0.0378 -0.3450
vn -0.4172 -0.3857 0.8229
vn 0.0257 -0.3741 0.9270
vn 0.2270 -0.1697 0.9590
vn 0.5595 -0.1102 0.8215
vn 0.9575 0.0295 0.2868
vn 0.6617 0.1998 -0.7226
vn 0.1157 0.2038 -0.9721
vn -0.2376 0.1739 -0.9557
vn -0.5618 0.1207 -0.8184
vn -0.9559 -0.0215 -0.2929
vn -0.6517 -0.2066 0.7298
vn -0.1041 -0.2057 0.9731
vn 0.2078 -0.0484 0.9770
vn 0.5951 0.0054 0.8036
vn 0.9678 0.0812 0.2381
vn 0.7400 0.1204 -0.6617
vn 0.1986 0.0925 -0.9757
vn -0.2205 0.0556 -0.9738
vn -0.5971 0.0077 -0.8021
vn -0.9668 -0.0743 -0.2444
vn -0.7321 -0.1254 0.6696
vn -0.1860 -0.0922 0.9782
vn 0.5694 -0.0530 0.8204
vn 0.9604 0.0440 0.2753
vn 0.7256 0.1385 -0.6740
vn -0.2110 0.1047 -0.9719
vn -0.5723 0.0593 -0.8179
vn -0.9598 -0.0393 -0.2781
vn -0.7206 -0.1430 0.6785
vn -0.1725 -0.1358 0.9756
vn 0.1939 -0.0938 0.9765
vn 0.5723 -0.0324 0.8194
vn 0.7123 0.1568 -0.6841
vn 0.1874 0.1373 -0.9726
vn -0.5733 0.0427 -0.8183
vn -0.7050 -0.1615 0.6905
vn 0.1789 0.0052 0.9839
vn 0.5944 0.0479 0.8027
vn 0.9682 0.0873 0.2344
vn 0.7794 0.0779 -0.6216
vn 0.2548 0.0369 -0.9663
vn -0.1893 0.0009 -0.9819
vn -0.5961 -0.0367 -0.8020
vn -0.9675 -0.0819 -0.2391
vn -0.7739 -0.0822 0.6280
vn -0.2448 -0.0373 0.9688
vn 0.1740 -0.0213 0.9845
vn 0.5849 0.0343 0.8104
vn 0.9696 0.1012 0.2227
vn 0.7551 0.1095 -0.6464
vn 0.2432 0.0650 -0.9678
vn -0.1801 0.0201 -0.9834
vn -0.9697 -0.0986 -0.2233
vn -0.7521 -0.1137 0.6492
vn -0.2371 -0.0691 0.9690
vn 0.1562 0.0937 0.9833
vn 0.6147 0.1522 0.7739
vn 0.2992 -0.0176 -0.9540
vn -0.1685 -0.0862 -0.9819
vn -0.6169 -0.1395 -0.7746
vn -0.7769 -0.0812 0.6244
vn -0.2878 0.0187 0.9575
vn 0.1500 0.1122 0.9823
vn 0.6169 0.1733 0.7678
vn 0.9733 0.1771 0.1459
vn 0.7847 0.0758 -0.6152
vn 0.3107 -0.0329 -0.9499
vn -0.1553 -0.1118 -0.9815
vn -0.6192 -0.1693 -0.7668
vn -0.9735 -0.1757 -0.1466
vn -0.3057 0.0307 0.9516
vn 0.1366 0.2147 0.9671
vn 0.6234 0.2125 0.7525
vn 0.8548 -0.0355 -0.5177
vn 0.3761 -0.1564 -0.9133
vn -0.1448 -0.2088 -0.9672
vn -0.6247 -0.2046 -0.7536
vn -0.8525 0.0343 0.5217
vn -0.3691 0.1583 0.9158
vn -0.8478 0.0243 0.5297
vn -0.9464 -0.0035 -0.3230
vn -0.5615 -0.0262 -0.8271
vn -0.1434 -0.0367 -0.9890
vn 0.3230 -0.0383 -0.9456
vn 0.8498 -0.0257 -0.5264
vn 0.9476 0.0029 0.3194
vn 0.5645 0.0211 0.8251
vn 0.1404 0.0287 0.9897
vn -0.3192 0.0318 0.9472
vn -0.1211 0.6644 -0.7375
vn -0.1211 0.6643 -0.7376
vn -0.1209 0.6645 -0.7374
vn -0.1210 0.6643 -0.7376
vn 0.1151 -0.6710 0.7324
vn 0.1153 -0.6711 0.7324
vn 0.1154 -0.6710 0.7324
vn 0.1152 -0.6710 0.7324
vn 0.1258 0.1969 0.9723
vn 0.6165 0.2203 0.7559
vn 0.9729 0.1546 0.1720
vn 0.8352 0.0002 -0.5499
vn 0.3692 -0.1261 -0.9208
vn -0.1349 -0.1951 -0.9715
vn -0.6202 -0.2136 -0.7548
vn -0.9730 -0.1524 -0.1733
vn -0.8322 -0.0039 0.5545
vn -0.3614 0.1239 0.9241
vn 0.5956 0.1516 0.7888
vn 0.7162 0.1659 -0.6779
vn 0.2841 0.0586 -0.9570
vn -0.1293 -0.0411 -0.9907
vn -0.5973 -0.1516 -0.7875
vn -0.7153 -0.1680 0.6784
vn -0.2824 -0.0609 0.9574
vn 0.1263 0.0528 0.9906
vn 0.6113 0.2108 0.7628
vn 0.9498 0.3128 -0.0080
vn 0.2745 0.0769 -0.9585
vn -0.1273 -0.0554 -0.9903
vn -0.6128 -0.2116 -0.7614
vn -0.9497 -0.3131 0.0077
vn -0.6724 -0.2140 0.7086
vn -0.2734 -0.0799 0.9586
vn 0.1143 0.3044 0.9457
vn 0.6540 0.5092 0.5594
vn 0.6832 0.2058 -0.7007
vn 0.3345 -0.0475 -0.9412
vn -0.1194 -0.3014 -0.9460
vn -0.6546 -0.5073 -0.5604
vn -0.8748 -0.4486 0.1828
vn -0.3403 0.0448 0.9393
vn 0.1075 0.4274 0.8976
vn 0.8760 0.4460 -0.1833
vn 0.7246 0.1551 -0.6714
vn 0.3837 -0.1462 -0.9118
vn -0.1085 -0.4311 -0.8957
vn -0.6508 -0.5846 -0.4845
vn -0.7236 -0.1604 0.6714
vn -0.3808 0.1417 0.9137
vn 0.0986 0.5355 0.8387
vn 0.9102 0.3970 -0.1180
vn 0.7977 0.0602 -0.6001
vn 0.4320 -0.2755 -0.8587
vn -0.1009 -0.5356 -0.8384
vn -0.9090 -0.3992 0.1196
vn -0.7954 -0.0625 0.6028
vn -0.4336 0.2725 0.8589
vn 0.6139 0.7408 0.2728
vn 0.8483 0.4752 -0.2338
vn 0.7843 0.0795 -0.6152
vn 0.4615 -0.3577 -0.8118
vn -0.6134 -0.7402 -0.2754
vn -0.8479 -0.4776 0.2302
vn -0.7813 -0.0778 0.6193
vn -0.4587 0.3561 0.8141
vn 0.5251 0.8509 0.0176
vn 0.7140 0.5750 -0.3995
vn 0.7071 0.1696 -0.6864
vn 0.4639 -0.3729 -0.8036
vn -0.5248 -0.8510 -0.0197
vn -0.7134 -0.5766 0.3983
vn -0.7057 -0.1693 0.6880
vn -0.4631 0.3720 0.8044
vn 0.0072 0.9977 0.0674
vn 0.3270 0.8911 -0.3145
vn 0.5170 0.6498 -0.5572
vn 0.6416 0.2356 -0.7300
vn 0.5143 -0.5801 -0.6317
vn -0.0146 -0.9985 -0.0520
vn -0.3393 -0.8847 0.3197
vn -0.5257 -0.6556 0.5421
vn -0.6548 -0.2268 0.7209
vn -0.0529 0.9647 -0.2579
vn 0.2304 0.8659 -0.4439
vn 0.4782 0.6669 -0.5715
vn 0.7995 0.0532 -0.5984
vn 0.4760 -0.8787 -0.0373
vn 0.0376 -0.9544 0.2960
vn -0.2057 -0.8799 0.4284
vn -0.4811 -0.6854 0.5465
vn -0.8132 -0.0428 0.5805
vn -0.4874 0.8691 0.0841
vt -0.097724 0.273455
vt -0.098245 0.274873
vt -0.097205 0.273791
vt -0.215482 0.184700
vt -0.216521 0.185699
vt -0.215121 0.185202
vt -0.243298 0.112931
vt -0.244398 0.113857
vt -0.242983 0.113462
vt -0.260455 0.056020
vt -0.261553 0.057042
vt -0.260175 0.056571
vt -0.261918 0.099411
vt -0.263420 0.099863
vt -0.263033 0.100345
vt 0.099184 0.273310
vt 0.099698 0.274705
vt 0.100207 0.274355
vt 0.215505 0.184800
vt 0.216552 0.185805
vt 0.216898 0.185293
vt 0.243399 0.112985
vt 0.244533 0.113931
vt 0.244837 0.113393
vt 0.260634 0.057655
vt 0.261775 0.058706
vt 0.262056 0.058155
vt 0.260516 0.103407
vt 0.262047 0.103910
vt 0.260903 0.102926
vt 0.076764 -0.033500
vt 0.075316 -0.032267
vt 0.076317 -0.031651
vt -0.253396 0.121810
vt -0.255274 0.122112
vt -0.254737 0.123158
vt 0.270083 0.091304
vt 0.269001 0.090003
vt 0.268672 0.090526
vt 0.254302 0.118699
vt 0.253147 0.117484
vt 0.252844 0.118023
vt 0.214382 0.188398
vt 0.213367 0.187073
vt 0.213014 0.187580
vt 0.062413 0.285946
vt 0.062206 0.284284
vt 0.061654 0.284564
vt -0.237767 0.170105
vt -0.237296 0.168507
vt -0.238262 0.169736
vt -0.270107 0.091120
vt -0.269066 0.089846
vt -0.270432 0.090594
vt -0.254288 0.118692
vt -0.253161 0.117492
vt -0.254579 0.118147
vt -0.214327 0.188350
vt -0.213313 0.187026
vt -0.214666 0.187833
vt -0.062062 0.285884
vt -0.061843 0.284196
vt -0.062607 0.285593
vt 0.237415 0.170522
vt 0.236918 0.168885
vt 0.236425 0.169258
vt 0.223824 -0.013515
vt 0.222381 -0.013742
vt 0.223666 -0.012918
vt 0.169524 0.064561
vt 0.167880 0.064483
vt 0.169277 0.065128
vt 0.114423 0.176312
vt 0.113484 0.175228
vt 0.113046 0.175664
vt 0.010457 0.277325
vt 0.009862 0.276232
vt 0.009278 0.276432
vt -0.263417 0.107739
vt -0.262653 0.106824
vt -0.263055 0.106354
vt -0.212073 -0.027050
vt -0.210772 -0.027173
vt -0.210886 -0.027780
vt -0.157356 0.056479
vt -0.155839 0.056480
vt -0.156094 0.055917
vt -0.108723 0.172757
vt -0.107854 0.171727
vt -0.109132 0.172294
vt -0.010847 0.277840
vt -0.010247 0.276738
vt -0.011410 0.277586
vt 0.260954 0.115958
vt 0.260137 0.114944
vt 0.260507 0.116385
vt 0.055638 -0.091438
vt 0.054272 -0.091226
vt 0.055784 -0.090837
vt 0.028660 0.008681
vt 0.027262 0.007771
vt 0.027119 0.008372
vt 0.001991 0.106141
vt 0.000891 0.105418
vt 0.000465 0.105864
vt -0.039160 0.243236
vt -0.040050 0.242746
vt -0.040639 0.242930
vt -0.083824 -0.208860
vt -0.082853 -0.208949
vt -0.082476 -0.209439
vt 0.005007 -0.079129
vt 0.006185 -0.078777
vt 0.006429 -0.079345
vt 0.014999 -0.000005
vt 0.016329 -0.000805
vt 0.014912 -0.000616
vt 0.016483 0.089566
vt 0.017526 0.088901
vt 0.016093 0.089087
vt 0.036664 0.246978
vt 0.037565 0.246467
vt 0.036106 0.246714
vt 0.176944 -0.167399
vt 0.175916 -0.167807
vt 0.177053 -0.166791
vt -0.092836 -0.034178
vt -0.093985 -0.033226
vt -0.092497 -0.033662
vt -0.080771 0.009481
vt -0.082239 0.009268
vt -0.082269 0.009885
vt -0.067622 0.074701
vt -0.068740 0.074598
vt -0.069121 0.075085
vt 0.071728 0.284134
vt 0.070861 0.284510
vt 0.070412 0.284934
vt 0.125894 -0.070716
vt 0.126741 -0.069995
vt 0.127331 -0.070179
vt 0.107156 -0.021891
vt 0.108255 -0.020916
vt 0.108611 -0.021422
vt 0.095153 0.011066
vt 0.096604 0.010888
vt 0.095141 0.010448
vt 0.075323 0.068896
vt 0.076429 0.068809
vt 0.074953 0.068401
vt -0.071136 0.284205
vt -0.070255 0.284567
vt -0.071563 0.283759
vt -0.119210 -0.088612
vt -0.120080 -0.087883
vt -0.118627 -0.088409
vt -0.074316 -0.052735
vt -0.075479 -0.051652
vt -0.074003 -0.052202
vt -0.049324 0.020468
vt -0.050779 0.020339
vt -0.050831 0.020955
vt -0.023710 0.131887
vt -0.024828 0.131864
vt -0.025204 0.132353
vt 0.211045 0.200911
vt 0.210411 0.201638
vt 0.210289 0.202244
vt 0.144715 -0.070021
vt 0.145423 -0.069127
vt 0.146020 -0.069285
vt 0.118045 -0.016928
vt 0.119017 -0.015803
vt 0.119384 -0.016301
vt 0.096221 0.023187
vt 0.097579 0.023149
vt 0.096223 0.022569
vt 0.050296 0.113373
vt 0.051344 0.113395
vt 0.049960 0.112855
vt -0.200939 0.211315
vt -0.200231 0.212003
vt -0.201001 0.210701
vt -0.128360 -0.113607
vt -0.129147 -0.112657
vt -0.127783 -0.113387
vt -0.116607 -0.026020
vt -0.117581 -0.024811
vt -0.116250 -0.025515
vt -0.084726 0.037563
vt -0.086091 0.037581
vt -0.086097 0.038199
vt -0.042719 0.147828
vt -0.043748 0.147926
vt -0.044082 0.148445
vt 0.256838 0.127683
vt 0.256563 0.128552
vt 0.256727 0.129147
vt 0.177904 -0.033405
vt 0.178469 -0.032442
vt 0.179074 -0.032566
vt 0.149574 0.007784
vt 0.150395 0.008999
vt 0.150789 0.008523
vt 0.124843 0.043538
vt 0.126117 0.043615
vt 0.124880 0.042922
vt 0.068340 0.132824
vt 0.069302 0.132952
vt 0.068039 0.132285
vt -0.251004 0.139907
vt -0.250656 0.140770
vt -0.250797 0.139325
vt -0.169124 -0.068795
vt -0.169737 -0.067769
vt -0.168530 -0.068627
vt -0.141798 -0.009419
vt -0.142874 -0.008366
vt -0.141423 -0.008927
vt -0.118016 0.057645
vt -0.119528 0.057540
vt -0.119496 0.058157
vt -0.097485 0.146065
vt -0.098640 0.146031
vt -0.098947 0.146567
vt 0.069436 0.282712
vt 0.068653 0.283221
vt 0.068360 0.283765
vt 0.202659 -0.016761
vt 0.203341 -0.015967
vt 0.203950 -0.016065
vt 0.180471 0.036163
vt 0.181370 0.037208
vt 0.181787 0.036752
vt 0.164244 0.068220
vt 0.165641 0.068168
vt 0.164319 0.067607
vt 0.128553 0.129344
vt 0.129624 0.129339
vt 0.128286 0.128789
vt -0.070609 0.282512
vt -0.069795 0.283011
vt -0.070795 0.281923
vt -0.192690 -0.063829
vt -0.193430 -0.062937
vt -0.192096 -0.063664
vt -0.048737 -0.086030
vt -0.050045 -0.085056
vt -0.048481 -0.085468
vt -0.014858 0.060920
vt -0.016457 0.060625
vt -0.016451 0.061243
vt 0.013216 0.205607
vt 0.011849 0.205356
vt 0.011662 0.205945
vt 0.096067 0.275427
vt 0.094838 0.275505
vt 0.094700 0.276107
vt 0.177783 -0.146814
vt 0.178341 -0.145700
vt 0.178924 -0.145904
vt 0.077708 -0.069607
vt 0.078755 -0.068645
vt 0.079058 -0.069184
vt 0.037516 0.062435
vt 0.038933 0.062156
vt 0.037566 0.061819
vt -0.004935 0.204218
vt -0.003666 0.203976
vt -0.005060 0.203613
vt -0.096309 0.275366
vt -0.095027 0.275437
vt -0.096364 0.274751
vt -0.164650 -0.165727
vt -0.165350 -0.164486
vt -0.164102 -0.165440
vt -0.150882 -0.008183
vt -0.151995 -0.007324
vt -0.150503 -0.007696
vt -0.130124 0.087669
vt -0.131711 0.087387
vt -0.131629 0.088000
vt -0.112834 0.181811
vt -0.114103 0.181571
vt -0.114320 0.182149
vt -0.046913 0.283402
vt -0.047956 0.283467
vt -0.048284 0.283991
vt 0.216058 -0.075523
vt 0.216776 -0.074761
vt 0.217378 -0.074901
vt 0.169296 0.013417
vt 0.170286 0.014247
vt 0.170687 0.013777
vt 0.148425 0.091729
vt 0.149926 0.091447
vt 0.148529 0.091120
vt 0.121811 0.177986
vt 0.123030 0.177746
vt 0.121621 0.177398
vt 0.040698 0.284797
vt 0.041772 0.284863
vt 0.040428 0.284241
vt -0.210464 -0.092994
vt -0.211237 -0.092141
vt -0.209876 -0.092803
vt -0.177702 0.022647
vt -0.178766 0.023580
vt -0.177297 0.023114
vt -0.155186 0.101134
vt -0.156774 0.100955
vt -0.156669 0.101564
vt -0.132110 0.184008
vt -0.133376 0.183873
vt -0.133574 0.184458
vt -0.031947 0.286168
vt -0.032955 0.286431
vt -0.033211 0.286994
vt 0.230133 -0.035892
vt 0.230853 -0.035097
vt 0.231459 -0.035218
vt 0.188953 0.037637
vt 0.189937 0.038542
vt 0.190355 0.038087
vt 0.167443 0.103888
vt 0.168970 0.103702
vt 0.167562 0.103282
vt 0.138644 0.181037
vt 0.139875 0.180898
vt 0.138465 0.180446
vt 0.026910 0.286943
vt 0.027939 0.287211
vt 0.026701 0.286361
vt -0.227471 -0.048271
vt -0.228222 -0.047407
vt -0.226872 -0.048116
vt -0.171490 0.015955
vt -0.172676 0.016567
vt -0.171089 0.016425
vt -0.165076 0.108779
vt -0.166536 0.109513
vt -0.164948 0.109384
vt -0.161297 0.177648
vt -0.162675 0.177194
vt -0.162875 0.177778
vt -0.149418 0.242480
vt -0.150551 0.242217
vt -0.150974 0.242667
vt 0.207397 -0.112888
vt 0.208338 -0.112354
vt 0.208917 -0.112570
vt 0.179321 0.026159
vt 0.180451 0.026751
vt 0.180860 0.026288
vt 0.171477 0.110135
vt 0.172899 0.110861
vt 0.173017 0.110254
vt 0.163018 0.176546
vt 0.164379 0.176090
vt 0.162831 0.175957
vt 0.144201 0.246040
vt 0.145357 0.245778
vt 0.143802 0.245568
vt -0.203900 -0.119947
vt -0.204879 -0.119364
vt -0.203331 -0.119704
vt -0.192034 0.044854
vt -0.193226 0.045398
vt -0.191612 0.045306
vt -0.189050 0.117937
vt -0.190531 0.118626
vt -0.188918 0.118541
vt -0.187525 0.167755
vt -0.188922 0.167261
vt -0.189133 0.167842
vt -0.182305 0.217523
vt -0.183441 0.217225
vt -0.183903 0.217636
vt 0.212441 -0.100922
vt 0.213442 -0.100515
vt 0.214023 -0.100725
vt 0.196086 0.050791
vt 0.197250 0.051323
vt 0.197674 0.050873
vt 0.191721 0.118311
vt 0.193183 0.118996
vt 0.193310 0.118391
vt 0.187332 0.167513
vt 0.188721 0.167017
vt 0.187128 0.166929
vt 0.178433 0.221084
vt 0.179584 0.220787
vt 0.177985 0.220658
vt -0.210270 -0.105862
vt -0.211293 -0.105424
vt -0.209694 -0.105635
vt -0.189089 0.043398
vt -0.190241 0.043936
vt -0.188669 0.043851
vt -0.185984 0.120646
vt -0.187419 0.121328
vt -0.185847 0.121249
vt -0.184322 0.172184
vt -0.185688 0.171680
vt -0.185890 0.172264
vt -0.179028 0.220228
vt -0.180136 0.219913
vt -0.180586 0.220336
vt 0.209273 -0.106496
vt 0.210240 -0.106084
vt 0.210816 -0.106308
vt 0.192859 0.048903
vt 0.193982 0.049427
vt 0.194406 0.048978
vt 0.188610 0.120970
vt 0.190026 0.121646
vt 0.190158 0.121042
vt 0.184344 0.171799
vt 0.185702 0.171294
vt 0.184149 0.171213
vt 0.175556 0.223305
vt 0.176676 0.222991
vt 0.175118 0.222869
vt -0.207468 -0.110320
vt -0.208455 -0.109879
vt -0.206897 -0.110082
vt -0.203380 0.065544
vt -0.204542 0.066070
vt -0.202947 0.065985
vt -0.201138 0.125753
vt -0.202593 0.126438
vt -0.200999 0.126355
vt -0.200080 0.164786
vt -0.201456 0.164289
vt -0.201669 0.164869
vt -0.196025 0.204177
vt -0.197134 0.203885
vt -0.197606 0.204283
vt 0.219341 -0.079116
vt 0.220324 -0.078760
vt 0.220911 -0.078952
vt 0.206664 0.070506
vt 0.207803 0.071021
vt 0.208238 0.070582
vt 0.203022 0.125735
vt 0.204464 0.126413
vt 0.204596 0.125810
vt 0.199378 0.164776
vt 0.200750 0.164277
vt 0.199171 0.164193
vt 0.192082 0.208190
vt 0.193205 0.207898
vt 0.191621 0.207778
vt -0.217557 -0.084115
vt -0.218559 -0.083728
vt -0.216975 -0.083909
vt -0.177098 0.032965
vt -0.178166 0.033397
vt -0.176683 0.033422
vt -0.179407 0.125900
vt -0.180740 0.126475
vt -0.179257 0.126499
vt -0.182165 0.177940
vt -0.183456 0.177319
vt -0.183642 0.177909
vt -0.186658 0.212809
vt -0.187674 0.212337
vt -0.188127 0.212758
vt 0.166429 -0.167692
vt 0.167377 -0.167464
vt 0.167886 -0.167815
vt 0.181141 0.038615
vt 0.182180 0.039034
vt 0.182599 0.038579
vt 0.182000 0.126155
vt 0.183315 0.126723
vt 0.183458 0.126122
vt 0.181909 0.177669
vt 0.183193 0.177046
vt 0.181730 0.177078
vt 0.183104 0.216105
vt 0.184135 0.215633
vt 0.182664 0.215671
vt -0.165930 -0.168231
vt -0.166903 -0.167971
vt -0.165427 -0.167873
vt 0.191556 0.208365
vt 0.190522 0.208853
vt 0.192012 0.208782
vt 0.188831 0.175352
vt 0.187534 0.175993
vt 0.189020 0.175940
vt 0.187982 0.130001
vt 0.186653 0.129451
vt 0.186502 0.130050
vt 0.185957 0.046640
vt 0.184906 0.046244
vt 0.184482 0.046693
vt 0.163402 -0.170039
vt 0.162437 -0.170209
vt 0.161940 -0.169841
vt -0.194681 0.205256
vt -0.193661 0.205744
vt -0.193205 0.205326
vt -0.189822 0.175220
vt -0.188522 0.175860
vt -0.188340 0.175269
vt -0.186801 0.130055
vt -0.185461 0.129500
vt -0.186949 0.129455
vt -0.183352 0.042769
vt -0.182280 0.042362
vt -0.183773 0.042316
vt -0.163525 -0.169914
vt -0.162540 -0.170111
vt -0.164025 -0.170277
vt 0.254995 0.121561
vt 0.253298 0.122420
vt 0.254127 0.123254
vt -0.234398 0.124907
vt -0.236299 0.124841
vt -0.235975 0.125971
vt -0.198919 0.067531
vt -0.199966 0.067994
vt -0.198484 0.067969
vt -0.198485 0.132774
vt -0.199817 0.133397
vt -0.198336 0.133374
vt -0.198592 0.170265
vt -0.199872 0.169702
vt -0.200070 0.170287
vt -0.197916 0.200624
vt -0.198924 0.200243
vt -0.199390 0.200650
vt 0.205146 -0.106424
vt 0.206049 -0.106131
vt 0.206616 -0.106377
vt 0.200445 0.070019
vt 0.201477 0.070474
vt 0.201914 0.070037
vt 0.198838 0.132488
vt 0.200162 0.133106
vt 0.200307 0.132506
vt 0.197356 0.170549
vt 0.198634 0.169985
vt 0.197161 0.169962
vt 0.195079 0.203561
vt 0.196097 0.203182
vt 0.194620 0.203147
vt -0.204345 -0.108054
vt -0.205260 -0.107742
vt -0.203781 -0.107802
vt -0.206847 0.080919
vt -0.207833 0.081773
vt -0.206404 0.081351
vt -0.191876 0.134261
vt -0.193456 0.134079
vt -0.193304 0.134678
vt -0.173487 0.185753
vt -0.174737 0.185616
vt -0.174898 0.186212
vt -0.080450 0.269938
vt -0.081416 0.270229
vt -0.081653 0.270800
vt 0.236555 0.008876
vt 0.237320 0.009559
vt 0.237925 0.009431
vt 0.207269 0.081850
vt 0.208245 0.082697
vt 0.208687 0.082264
vt 0.191224 0.133921
vt 0.192798 0.133737
vt 0.191378 0.133322
vt 0.171159 0.186593
vt 0.172413 0.186457
vt 0.171004 0.185995
vt 0.074395 0.271783
vt 0.075371 0.272086
vt 0.074173 0.271206
vt -0.236279 0.006716
vt -0.237050 0.007417
vt -0.235675 0.006847
vt -0.150569 0.010457
vt -0.151662 0.011089
vt -0.150165 0.010925
vt -0.139779 0.127382
vt -0.141096 0.128121
vt -0.139601 0.127973
vt -0.130640 0.206410
vt -0.132027 0.205964
vt -0.132127 0.206574
vt -0.105218 0.260428
vt -0.106391 0.260164
vt -0.106677 0.260712
vt 0.194225 -0.122516
vt 0.195096 -0.121839
vt 0.195650 -0.122114
vt 0.152780 0.013346
vt 0.153845 0.013964
vt 0.154250 0.013497
vt 0.140896 0.127549
vt 0.142198 0.128283
vt 0.142369 0.127689
vt 0.129389 0.206582
vt 0.130775 0.206136
vt 0.129297 0.205971
vt 0.100127 0.262541
vt 0.101322 0.262287
vt 0.099857 0.261985
vt -0.193797 -0.123243
vt -0.194687 -0.122535
vt -0.193246 -0.122963
vt -0.166701 0.033207
vt -0.167804 0.033955
vt -0.166279 0.033659
vt -0.149624 0.132213
vt -0.150966 0.133080
vt -0.149441 0.132804
vt -0.132566 0.206851
vt -0.133980 0.206552
vt -0.134077 0.207162
vt -0.076393 0.269562
vt -0.077593 0.269562
vt -0.077815 0.270139
vt 0.215260 -0.073823
vt 0.216096 -0.073053
vt 0.216680 -0.073257
vt 0.168518 0.035865
vt 0.169597 0.036599
vt 0.170018 0.036147
vt 0.150344 0.132223
vt 0.151675 0.133084
vt 0.151850 0.132491
vt 0.130949 0.207147
vt 0.132366 0.206849
vt 0.130862 0.206535
vt 0.070521 0.271250
vt 0.071742 0.271264
vt 0.070318 0.270666
vt -0.214692 -0.075455
vt -0.215544 -0.074654
vt -0.214110 -0.075246
vt -0.217764 0.103104
vt -0.218790 0.103951
vt -0.217313 0.103527
vt -0.207094 0.139494
vt -0.208720 0.139328
vt -0.208568 0.139927
vt -0.193672 0.175235
vt -0.194952 0.175118
vt -0.195132 0.175709
vt -0.116056 0.253561
vt -0.117027 0.253879
vt -0.117326 0.254420
vt 0.238071 0.040106
vt 0.238911 0.040720
vt 0.239518 0.040605
vt 0.217735 0.103204
vt 0.218756 0.104046
vt 0.219206 0.103623
vt 0.206495 0.138977
vt 0.208117 0.138807
vt 0.206648 0.138378
vt 0.192294 0.175559
vt 0.193572 0.175441
vt 0.192116 0.174967
vt 0.112127 0.255415
vt 0.113101 0.255741
vt 0.111839 0.254869
vt -0.237998 0.038940
vt -0.238842 0.039565
vt -0.237392 0.039058
vt -0.230899 0.118236
vt -0.231972 0.119095
vt -0.230448 0.118659
vt -0.225356 0.136225
vt -0.227009 0.136068
vt -0.226875 0.136672
vt -0.218152 0.155145
vt -0.219441 0.155044
vt -0.219662 0.155621
vt -0.169731 0.219236
vt -0.170712 0.219534
vt -0.171119 0.219999
vt 0.241285 0.078719
vt 0.242192 0.079275
vt 0.242802 0.079172
vt 0.229753 0.116993
vt 0.230826 0.117851
vt 0.231276 0.117428
vt 0.223333 0.135890
vt 0.224987 0.135735
vt 0.223468 0.135287
vt 0.215761 0.156399
vt 0.217052 0.156300
vt 0.215541 0.155821
vt 0.166213 0.222029
vt 0.167195 0.222334
vt 0.165812 0.221560
vt -0.241443 0.079371
vt -0.242351 0.079930
vt -0.240833 0.079473
vt -0.242490 0.124169
vt -0.243506 0.124884
vt -0.242048 0.124602
vt -0.241621 0.127678
vt -0.243184 0.127356
vt -0.243078 0.127964
vt -0.240824 0.130480
vt -0.242011 0.130215
vt -0.242280 0.130771
vt -0.236736 0.140750
vt -0.237649 0.140761
vt -0.238185 0.141068
vt 0.244320 0.112322
vt 0.245168 0.112694
vt 0.245779 0.112596
vt 0.241404 0.122805
vt 0.242419 0.123518
vt 0.242861 0.123085
vt 0.239934 0.127218
vt 0.241496 0.126894
vt 0.240040 0.126609
vt 0.239121 0.131298
vt 0.240308 0.131032
vt 0.238853 0.130741
vt 0.235439 0.142987
vt 0.236353 0.143000
vt 0.234904 0.142679
vt -0.244501 0.113524
vt -0.245350 0.113897
vt -0.243891 0.113622
vt -0.241090 0.124257
vt -0.242206 0.124695
vt -0.240649 0.124690
vt -0.241267 0.126346
vt -0.242720 0.126960
vt -0.241162 0.126956
vt -0.241377 0.128021
vt -0.242661 0.127471
vt -0.242934 0.128025
vt -0.241194 0.130157
vt -0.242205 0.129872
vt -0.242751 0.130161
vt 0.240785 0.099033
vt 0.241732 0.099134
vt 0.242342 0.099036
vt 0.240102 0.122878
vt 0.241218 0.123314
vt 0.241659 0.122882
vt 0.239564 0.125891
vt 0.241018 0.126504
vt 0.241121 0.125895
vt 0.239603 0.128948
vt 0.240887 0.128398
vt 0.239330 0.128394
vt 0.240012 0.132374
vt 0.241023 0.132090
vt 0.239466 0.132084
vt -0.240725 0.098156
vt -0.241672 0.098260
vt -0.240115 0.098254
vt -0.236970 0.124801
vt -0.239296 0.124284
vt -0.238853 0.124714
vt -0.236803 0.128365
vt -0.239717 0.127624
vt -0.239610 0.128233
vt -0.237085 0.129444
vt -0.239949 0.129875
vt -0.236869 0.130023
vt -0.237543 0.132309
vt -0.239592 0.131886
vt -0.240137 0.132179
vt 0.234350 0.058241
vt 0.235279 0.058272
vt 0.235887 0.058163
vt -0.237654 0.122956
vt -0.237523 0.123371
vt -0.237967 0.122941
vt -0.238627 0.127863
vt -0.237850 0.127296
vt -0.238463 0.127267
vt -0.238647 0.130680
vt -0.237978 0.130143
vt -0.238862 0.130101
vt 0.000000 0.000000
vt -0.234862 0.059647
vt -0.236128 0.059506
vt -0.235519 0.059614
vt -0.246507 0.112747
vt -0.247608 0.112160
vt -0.248096 0.112538
vt -0.247687 0.112610
vt -0.249089 0.111786
vt -0.249288 0.112371
vt -0.248053 0.108174
vt -0.249488 0.108521
vt -0.247883 0.108768
vt -0.248481 0.100205
vt -0.249594 0.100344
vt -0.247999 0.100590
vt 0.239086 0.058676
vt 0.240047 0.058436
vt 0.238469 0.058683
vt 0.241856 0.120357
vt 0.242940 0.119822
vt 0.241365 0.119984
vt 0.240331 0.125345
vt 0.241730 0.124606
vt 0.240159 0.124752
vt 0.240975 0.125720
vt 0.242340 0.126152
vt 0.242546 0.125569
vt 0.244441 0.122772
vt 0.245515 0.122953
vt 0.246009 0.122584
vt -0.239303 0.052765
vt -0.240266 0.052505
vt -0.240879 0.052577
vt 0.245473 0.116668
vt 0.245197 0.116272
vt 0.245697 0.116636
vt 0.246324 0.115970
vt 0.245653 0.116683
vt 0.246306 0.116588
vt 0.246317 0.115050
vt 0.245800 0.115689
vt 0.246666 0.115560
vt -0.247008 0.112109
vt -0.247167 0.111786
vt -0.246676 0.112161
vt 0.241601 0.089766
vt 0.242961 0.089670
vt 0.242344 0.089658
vt 0.244355 0.115028
vt 0.246805 0.115111
vt 0.246305 0.114747
vt 0.244411 0.116534
vt 0.247256 0.115502
vt 0.244429 0.115916
vt 0.244754 0.116116
vt 0.247608 0.116254
vt 0.247792 0.115664
vt 0.246377 0.113888
vt 0.248297 0.113289
vt 0.245794 0.113681
vt -0.241500 0.091485
vt -0.242313 0.091265
vt -0.242931 0.091276
vt -0.243653 0.116493
vt -0.246270 0.115631
vt -0.245894 0.116121
vt -0.243566 0.116428
vt -0.246722 0.115268
vt -0.246706 0.115886
vt -0.243708 0.115209
vt -0.246745 0.114102
vt -0.247096 0.114611
vt -0.244593 0.111293
vt -0.246898 0.110558
vt -0.247481 0.110761
vt 0.240228 0.079669
vt 0.241454 0.079378
vt 0.239610 0.079690
vt 0.247324 0.107776
vt 0.247601 0.108172
vt 0.247958 0.107673
vt -0.241457 0.121433
vt -0.240974 0.120928
vt -0.241237 0.120856
vt -0.240223 0.124690
vt -0.239874 0.124203
vt -0.240388 0.124095
vt 0.246761 0.108960
vt 0.247206 0.108582
vt 0.247218 0.108544
vt -0.239815 0.080537
vt -0.241436 0.080174
vt -0.240847 0.080363
vt 0.242912 0.117257
vt 0.242585 0.116883
vt 0.243108 0.117213
vt 0.243897 0.116158
vt 0.243281 0.116925
vt 0.243937 0.116774
vt 0.244410 0.115331
vt 0.243707 0.114928
vt 0.243563 0.115529
vt -0.245013 0.110449
vt -0.245170 0.110115
vt -0.244707 0.110525
vt 0.237191 0.092854
vt 0.238569 0.092654
vt 0.237952 0.092683
vt 0.241648 0.115724
vt 0.244118 0.115616
vt 0.243596 0.115286
vt 0.242005 0.116282
vt 0.245036 0.116214
vt 0.244803 0.115641
vt 0.242957 0.116542
vt 0.245548 0.115370
vt 0.242561 0.116067
vt 0.243963 0.112131
vt 0.245940 0.111939
vt 0.246403 0.111530
vt -0.237262 0.094611
vt -0.238028 0.094328
vt -0.238645 0.094299
vt -0.208353 0.113465
vt -0.209469 0.113682
vt -0.207976 0.113954
vt -0.219191 0.137742
vt -0.220632 0.138048
vt -0.219173 0.138360
vt -0.222930 0.145372
vt -0.224044 0.144526
vt -0.224380 0.145044
vt -0.228650 0.139045
vt -0.229534 0.138407
vt -0.230098 0.138655
vt 0.155262 -0.097202
vt 0.156280 -0.097248
vt 0.156717 -0.097684
vt 0.185881 0.096107
vt 0.187100 0.096391
vt 0.187439 0.095875
vt 0.188919 0.149151
vt 0.190469 0.149557
vt 0.190517 0.148941
vt 0.197222 0.172138
vt 0.198524 0.171347
vt 0.196922 0.171598
vt 0.219274 0.152756
vt 0.220243 0.152089
vt 0.218703 0.152522
vt -0.157887 -0.093594
vt -0.158879 -0.093661
vt -0.157376 -0.093247
vt -0.168631 0.094806
vt -0.169691 0.094998
vt -0.168251 0.095294
vt -0.183612 0.153583
vt -0.184977 0.153885
vt -0.183544 0.154197
vt -0.194263 0.172272
vt -0.195390 0.171374
vt -0.195684 0.171918
vt -0.212421 0.162825
vt -0.213240 0.162084
vt -0.213801 0.162343
vt 0.068464 -0.170611
vt 0.069365 -0.170856
vt 0.069721 -0.171362
vt 0.167671 0.094083
vt 0.168730 0.094274
vt 0.169106 0.093784
vt 0.180444 0.153770
vt 0.181814 0.154076
vt 0.181881 0.153461
vt 0.190400 0.175151
vt 0.191543 0.174258
vt 0.190112 0.174605
vt 0.210126 0.166249
vt 0.210960 0.165503
vt 0.209567 0.165985
vt -0.069479 -0.170128
vt -0.070394 -0.170359
vt -0.069116 -0.169628
vt 0.189992 0.187221
vt 0.189116 0.187975
vt 0.190516 0.187549
vt 0.164352 0.195002
vt 0.163152 0.195832
vt 0.164592 0.195572
vt 0.153310 0.160329
vt 0.151965 0.159940
vt 0.151865 0.160550
vt 0.140008 0.071360
vt 0.138939 0.071084
vt 0.138565 0.071576
vt 0.072138 -0.168184
vt 0.071153 -0.168148
vt 0.070782 -0.167654
vt -0.192413 0.184383
vt -0.191551 0.185137
vt -0.191024 0.184814
vt -0.167502 0.193215
vt -0.166313 0.194049
vt -0.166072 0.193480
vt -0.155591 0.160498
vt -0.154250 0.160111
vt -0.155688 0.159888
vt -0.140595 0.071735
vt -0.139524 0.071457
vt -0.140966 0.071240
vt -0.072681 -0.167921
vt -0.071685 -0.167896
vt -0.073050 -0.168417
vt 0.235918 0.124354
vt 0.234419 0.125525
vt 0.235394 0.126182
vt -0.214322 0.129735
vt -0.216223 0.129669
vt -0.215899 0.130799
vt -0.195621 0.121745
vt -0.196727 0.122182
vt -0.195237 0.122230
vt -0.197141 0.150205
vt -0.198581 0.150769
vt -0.197091 0.150821
vt -0.198557 0.166651
vt -0.199740 0.166056
vt -0.200046 0.166593
vt -0.202182 0.172372
vt -0.203120 0.172000
vt -0.203668 0.172284
vt 0.191102 -0.002821
vt 0.192026 -0.002633
vt 0.192590 -0.002884
vt 0.194425 0.120775
vt 0.195531 0.121211
vt 0.195914 0.120726
vt 0.195018 0.150190
vt 0.196458 0.150755
vt 0.196508 0.150139
vt 0.196277 0.168217
vt 0.197464 0.167623
vt 0.195973 0.167679
vt 0.200549 0.174741
vt 0.201491 0.174370
vt 0.200002 0.174454
vt -0.191050 -0.003283
vt -0.191976 -0.003091
vt -0.190485 -0.003032
vt -0.168959 0.102975
vt -0.170217 0.103698
vt -0.168573 0.103457
vt -0.159772 0.160286
vt -0.161506 0.159925
vt -0.161414 0.160536
vt -0.147464 0.204085
vt -0.148886 0.203806
vt -0.149097 0.204387
vt -0.062867 0.254579
vt -0.064046 0.254849
vt -0.064305 0.255409
vt 0.186379 -0.011415
vt 0.187450 -0.010848
vt 0.188012 -0.011106
vt 0.167290 0.101609
vt 0.168551 0.102334
vt 0.168936 0.101851
vt 0.157312 0.160169
vt 0.159051 0.159812
vt 0.157406 0.159558
vt 0.145027 0.205190
vt 0.146454 0.204914
vt 0.144817 0.204609
vt 0.060686 0.255267
vt 0.061867 0.255542
vt 0.060428 0.254706
vt -0.186801 -0.010467
vt -0.187871 -0.009901
vt -0.186238 -0.010213
vt -0.141324 0.079366
vt -0.142475 0.080014
vt -0.140945 0.079854
vt -0.132349 0.162133
vt -0.133761 0.162904
vt -0.132232 0.162739
vt -0.121397 0.216968
vt -0.122754 0.216576
vt -0.122920 0.217171
vt -0.064158 0.253390
vt -0.065329 0.253371
vt -0.065597 0.253928
vt 0.161372 -0.066910
vt 0.162353 -0.066355
vt 0.162887 -0.066665
vt 0.140790 0.079027
vt 0.141937 0.079673
vt 0.142316 0.079185
vt 0.131366 0.161833
vt 0.132776 0.162603
vt 0.132892 0.161996
vt 0.120224 0.217256
vt 0.121580 0.216863
vt 0.120059 0.216660
vt 0.062622 0.253948
vt 0.063795 0.253932
vt 0.062357 0.253390
vt -0.161423 -0.066873
vt -0.162407 -0.066314
vt -0.160890 -0.066562
vt -0.105472 0.047680
vt -0.106656 0.048226
vt -0.105110 0.048180
vt -0.102345 0.161798
vt -0.103751 0.162445
vt -0.102205 0.162400
vt -0.098722 0.225765
vt -0.100140 0.225217
vt -0.100267 0.225822
vt -0.084224 0.247011
vt -0.085448 0.246624
vt -0.085764 0.247155
vt 0.114246 -0.130569
vt 0.115327 -0.130069
vt 0.115791 -0.130478
vt 0.104446 0.046896
vt 0.105632 0.047443
vt 0.105994 0.046942
vt 0.100596 0.161468
vt 0.102005 0.162116
vt 0.102145 0.161514
vt 0.096853 0.226240
vt 0.098274 0.225695
vt 0.096726 0.225635
vt 0.082721 0.247717
vt 0.083949 0.247332
vt 0.082406 0.247185
vt -0.114288 -0.130524
vt -0.115369 -0.130024
vt -0.113824 -0.130116
vt -0.079488 0.026919
vt -0.080591 0.027236
vt -0.079142 0.027431
vt -0.097402 0.161976
vt -0.098707 0.162387
vt -0.097258 0.162577
vt -0.113347 0.219699
vt -0.114631 0.218860
vt -0.114787 0.219458
vt -0.151880 0.212980
vt -0.152797 0.212105
vt -0.153262 0.212512
vt 0.009430 -0.184226
vt 0.010528 -0.184192
vt 0.010789 -0.184752
vt 0.079323 0.026873
vt 0.080421 0.027187
vt 0.080766 0.026675
vt 0.096555 0.161709
vt 0.097858 0.162119
vt 0.098000 0.161517
vt 0.111962 0.220061
vt 0.113246 0.219223
vt 0.111807 0.219463
vt 0.150451 0.214310
vt 0.151372 0.213436
vt 0.149988 0.213900
vt -0.009896 -0.184253
vt -0.011000 -0.184214
vt -0.009634 -0.183694
vt -0.094436 0.041341
vt -0.095747 0.041643
vt -0.094079 0.041845
vt -0.109271 0.163168
vt -0.110805 0.163571
vt -0.109137 0.163772
vt -0.122365 0.215203
vt -0.123853 0.214360
vt -0.124027 0.214953
vt -0.154839 0.210204
vt -0.155978 0.209331
vt -0.156451 0.209728
vt 0.035840 -0.176778
vt 0.037118 -0.176767
vt 0.037439 -0.177295
vt 0.093677 0.040797
vt 0.094987 0.041098
vt 0.095345 0.040594
vt 0.107916 0.162869
vt 0.109451 0.163272
vt 0.109584 0.162668
vt 0.120979 0.215607
vt 0.122466 0.214764
vt 0.120804 0.215015
vt 0.154063 0.211129
vt 0.155202 0.210255
vt 0.153590 0.210732
vt -0.035585 -0.176933
vt -0.036863 -0.176922
vt -0.035264 -0.176405
vt -0.100610 0.048384
vt -0.101776 0.048674
vt -0.100247 0.048885
vt -0.116763 0.163583
vt -0.118164 0.163977
vt -0.116636 0.164188
vt -0.130587 0.210583
vt -0.131915 0.209736
vt -0.132108 0.210323
vt -0.162907 0.203588
vt -0.163885 0.202744
vt -0.164377 0.203118
vt 0.032396 -0.176870
vt 0.033522 -0.176885
vt 0.033839 -0.177415
vt 0.099800 0.047793
vt 0.100966 0.048082
vt 0.101329 0.047582
vt 0.115352 0.163289
vt 0.116753 0.163683
vt 0.116880 0.163078
vt 0.129168 0.211043
vt 0.130496 0.210196
vt 0.128975 0.210456
vt 0.162146 0.204590
vt 0.163124 0.203747
vt 0.161654 0.204217
vt -0.032133 -0.177027
vt -0.033259 -0.177042
vt -0.031816 -0.176497
vt -0.104365 0.053258
vt -0.105484 0.053578
vt -0.103999 0.053757
vt -0.118037 0.163872
vt -0.119397 0.164298
vt -0.117912 0.164477
vt -0.130154 0.210359
vt -0.131439 0.209550
vt -0.131633 0.210137
vt -0.159724 0.205285
vt -0.160673 0.204498
vt -0.161161 0.204876
vt 0.048685 -0.169933
vt 0.049757 -0.169873
vt 0.050110 -0.170380
vt 0.104059 0.053122
vt 0.105174 0.053440
vt 0.105540 0.052942
vt 0.117209 0.163580
vt 0.118566 0.164003
vt 0.118690 0.163398
vt 0.129064 0.210652
vt 0.130347 0.209843
vt 0.128870 0.210065
vt 0.158807 0.206383
vt 0.159756 0.205596
vt 0.158319 0.206003
vt -0.048780 -0.169950
vt -0.049855 -0.169886
vt -0.048427 -0.169443
vt -0.110414 0.060197
vt -0.111561 0.060625
vt -0.110044 0.060692
vt -0.115217 0.163945
vt -0.116608 0.164482
vt -0.115091 0.164550
vt -0.119726 0.214906
vt -0.121066 0.214230
vt -0.121243 0.214822
vt -0.133751 0.221692
vt -0.134823 0.221082
vt -0.135261 0.221518
vt 0.094419 -0.141172
vt 0.095491 -0.140881
vt 0.095933 -0.141313
vt 0.109162 0.059198
vt 0.110312 0.059627
vt 0.110682 0.059132
vt 0.113439 0.163648
vt 0.114832 0.164186
vt 0.114958 0.163581
vt 0.118191 0.215385
vt 0.119532 0.214709
vt 0.118014 0.214793
vt 0.133242 0.222329
vt 0.134311 0.221719
vt 0.132802 0.221895
vt -0.094387 -0.141206
vt -0.095456 -0.140917
vt -0.093944 -0.140775
vt -0.132620 0.082214
vt -0.134003 0.082751
vt -0.132240 0.082701
vt -0.130212 0.163441
vt -0.131864 0.164101
vt -0.130101 0.164049
vt -0.127630 0.210101
vt -0.129197 0.209577
vt -0.129393 0.210163
vt -0.117125 0.229520
vt -0.118474 0.229195
vt -0.118882 0.229659
vt 0.138960 -0.088613
vt 0.140202 -0.088193
vt 0.140719 -0.088531
vt 0.132192 0.081967
vt 0.133569 0.082501
vt 0.133951 0.082015
vt 0.129521 0.163118
vt 0.131168 0.163775
vt 0.131279 0.163167
vt 0.126915 0.210207
vt 0.128477 0.209681
vt 0.126719 0.209620
vt 0.116558 0.230109
vt 0.117907 0.229783
vt 0.116152 0.229643
vt -0.139016 -0.088537
vt -0.140260 -0.088114
vt -0.138500 -0.088197
vt -0.147814 0.096962
vt -0.149091 0.097761
vt -0.147430 0.097446
vt -0.133972 0.163265
vt -0.135737 0.162986
vt -0.135631 0.163595
vt -0.114605 0.215260
vt -0.116074 0.215075
vt -0.116247 0.215668
vt 0.025624 0.253420
vt 0.024511 0.254014
vt 0.024438 0.254627
vt 0.171861 -0.018252
vt 0.172942 -0.017577
vt 0.173502 -0.017838
vt 0.146402 0.095813
vt 0.147681 0.096613
vt 0.148066 0.096130
vt 0.132283 0.163008
vt 0.134049 0.162729
vt 0.132389 0.162399
vt 0.113392 0.215585
vt 0.114860 0.215399
vt 0.113218 0.214991
vt -0.025193 0.253637
vt -0.024080 0.254225
vt -0.025270 0.253024
vt -0.172376 -0.017071
vt -0.173455 -0.016399
vt -0.171815 -0.016811
vt -0.171961 0.117140
vt -0.173041 0.118172
vt -0.171576 0.117623
vt -0.153951 0.159678
vt -0.155490 0.159643
vt -0.155406 0.160256
vt -0.119159 0.211584
vt -0.120372 0.211700
vt -0.120557 0.212290
vt 0.203527 0.145885
vt 0.203569 0.146942
vt 0.204007 0.147378
vt 0.193586 0.056205
vt 0.194458 0.057007
vt 0.195038 0.056795
vt 0.170288 0.115830
vt 0.171370 0.116864
vt 0.171755 0.116381
vt 0.152097 0.159485
vt 0.153637 0.159450
vt 0.152180 0.158872
vt 0.118136 0.211840
vt 0.119349 0.211956
vt 0.117949 0.211251
vt -0.203490 0.145992
vt -0.203534 0.147045
vt -0.203053 0.145555
vt -0.194283 0.058294
vt -0.195154 0.059092
vt -0.193702 0.058506
vt -0.189734 0.127852
vt -0.190845 0.128905
vt -0.189355 0.128340
vt -0.178901 0.152086
vt -0.180432 0.152062
vt -0.180381 0.152678
vt -0.156883 0.187855
vt -0.158065 0.187979
vt -0.158324 0.188540
vt 0.215704 0.122892
vt 0.216101 0.123838
vt 0.216588 0.124219
vt 0.202084 0.091564
vt 0.202990 0.092331
vt 0.203574 0.092130
vt 0.188413 0.126797
vt 0.189524 0.127850
vt 0.189904 0.127362
vt 0.177697 0.151741
vt 0.179227 0.151716
vt 0.177747 0.151125
vt 0.156739 0.187598
vt 0.157917 0.187718
vt 0.156477 0.187038
vt -0.215690 0.122917
vt -0.216092 0.123858
vt -0.215203 0.122537
vt -0.202745 0.093531
vt -0.203650 0.094296
vt -0.202160 0.093733
vt -0.184152 0.125664
vt -0.185332 0.125809
vt -0.183772 0.126151
vt -0.190831 0.146290
vt -0.192356 0.146548
vt -0.190800 0.146908
vt -0.195539 0.154171
vt -0.196754 0.153270
vt -0.197090 0.153789
vt -0.204069 0.152916
vt -0.205022 0.152252
vt -0.205602 0.152466
vt 0.120239 -0.106016
vt 0.121214 -0.106273
vt 0.121709 -0.106642
vt 0.182417 0.124388
vt 0.183598 0.124534
vt 0.183979 0.124047
vt 0.188973 0.146205
vt 0.190499 0.146463
vt 0.190530 0.145845
vt 0.194220 0.154940
vt 0.195434 0.154038
vt 0.193883 0.154422
vt 0.203710 0.154213
vt 0.204662 0.153549
vt 0.203130 0.154000
vt -0.120733 -0.105394
vt -0.121705 -0.105654
vt -0.120238 -0.105025
vt -0.188166 0.128936
vt -0.189313 0.129017
vt -0.187788 0.129425
vt -0.195112 0.143968
vt -0.196609 0.144157
vt -0.195090 0.144586
vt -0.199599 0.148848
vt -0.200764 0.147886
vt -0.201111 0.148397
vt -0.206503 0.147496
vt -0.207413 0.146793
vt -0.207998 0.146992
vt 0.084199 -0.139410
vt 0.085067 -0.139861
vt 0.085502 -0.140300
vt 0.187015 0.127959
vt 0.188162 0.128039
vt 0.188539 0.127549
vt 0.193101 0.143978
vt 0.194598 0.144168
vt 0.194620 0.143551
vt 0.197672 0.150291
vt 0.198840 0.149330
vt 0.197326 0.149779
vt 0.205630 0.149658
vt 0.206542 0.148954
vt 0.205045 0.149457
vt -0.084210 -0.139409
vt -0.085082 -0.139856
vt -0.083774 -0.138971
vt 0.201468 0.154604
vt 0.200513 0.154755
vt 0.202048 0.154817
vt 0.202186 0.144542
vt 0.201006 0.144995
vt 0.202542 0.145047
vt 0.202472 0.138829
vt 0.200930 0.139396
vt 0.202467 0.139447
vt 0.202901 0.132968
vt 0.201729 0.132420
vt 0.201365 0.132919
vt 0.204264 0.111993
vt 0.203313 0.111749
vt 0.202728 0.111947
vt -0.202657 0.152114
vt -0.201703 0.152267
vt -0.201122 0.152057
vt -0.204650 0.142433
vt -0.203473 0.142889
vt -0.203115 0.142385
vt -0.205336 0.138207
vt -0.203798 0.138779
vt -0.203801 0.138161
vt -0.205090 0.134065
vt -0.203918 0.133520
vt -0.205453 0.133565
vt -0.204974 0.114045
vt -0.204023 0.113801
vt -0.205559 0.113846
vt 0.215842 0.129182
vt 0.214343 0.130353
vt 0.215318 0.131010
vt -0.178146 0.146095
vt -0.180046 0.146178
vt -0.179635 0.147279
vt -0.165018 0.118338
vt -0.166170 0.119056
vt -0.164631 0.118819
vt -0.158425 0.156543
vt -0.160029 0.156177
vt -0.159960 0.156791
vt -0.149152 0.188290
vt -0.150423 0.188014
vt -0.150680 0.188576
vt -0.076378 0.237251
vt -0.077402 0.237482
vt -0.077742 0.237998
vt 0.177393 0.028669
vt 0.178352 0.029164
vt 0.178927 0.028938
vt 0.162710 0.116566
vt 0.163866 0.117289
vt 0.164252 0.116806
vt 0.154717 0.156785
vt 0.156331 0.156425
vt 0.154790 0.156171
vt 0.145114 0.190629
vt 0.146396 0.190361
vt 0.144861 0.190065
vt 0.070940 0.239125
vt 0.071968 0.239371
vt 0.070607 0.238604
vt -0.177853 0.029839
vt -0.178812 0.030334
vt -0.177276 0.030061
vt -0.119465 0.082586
vt -0.120502 0.083513
vt -0.119077 0.083067
vt -0.094443 0.161628
vt -0.095989 0.161478
vt -0.095858 0.162082
vt -0.055260 0.226716
vt -0.056540 0.226682
vt -0.056626 0.227294
vt 0.161795 0.183635
vt 0.161138 0.184535
vt 0.161433 0.185077
vt 0.157984 -0.022645
vt 0.158800 -0.021805
vt 0.159361 -0.022066
vt 0.116467 0.079939
vt 0.117520 0.080876
vt 0.117901 0.080389
vt 0.088880 0.161088
vt 0.090453 0.160952
vt 0.089017 0.160485
vt 0.048480 0.227984
vt 0.049790 0.227968
vt 0.048400 0.227371
vt -0.164281 0.181458
vt -0.163615 0.182377
vt -0.163988 0.180914
vt -0.158374 -0.021789
vt -0.159190 -0.020949
vt -0.157808 -0.021539
vt -0.057303 0.030575
vt -0.058489 0.031238
vt -0.056941 0.031076
vt -0.045793 0.156190
vt -0.047161 0.156936
vt -0.045622 0.156784
vt -0.032317 0.229886
vt -0.033795 0.229464
vt -0.033846 0.230080
vt 0.025046 0.245823
vt 0.023710 0.245745
vt 0.023598 0.246352
vt 0.088118 -0.130472
vt 0.089165 -0.129759
vt 0.089635 -0.130160
vt 0.055774 0.029381
vt 0.056970 0.030050
vt 0.057323 0.029543
vt 0.041875 0.155325
vt 0.043266 0.156081
vt 0.043434 0.155486
vt 0.026671 0.230475
vt 0.028186 0.230070
vt 0.026628 0.229858
vt -0.033048 0.244990
vt -0.031684 0.244949
vt -0.033150 0.244381
vt -0.088101 -0.130490
vt -0.089154 -0.129770
vt -0.087623 -0.130098
vt -0.058835 0.035167
vt -0.059909 0.035984
vt -0.058463 0.035661
vt -0.033946 0.154923
vt -0.035205 0.155823
vt -0.033765 0.155514
vt -0.002834 0.231290
vt -0.004246 0.231073
vt -0.004247 0.231691
vt 0.123493 0.211852
vt 0.122316 0.212306
vt 0.122468 0.212905
vt 0.111174 -0.103503
vt 0.112028 -0.102613
vt 0.112544 -0.102954
vt 0.057227 0.033859
vt 0.058313 0.034682
vt 0.058677 0.034182
vt 0.030274 0.154006
vt 0.031555 0.154916
vt 0.031733 0.154324
vt -0.002128 0.231285
vt -0.000684 0.231084
vt -0.002123 0.230667
vt -0.127936 0.209288
vt -0.126744 0.209772
vt -0.127780 0.208691
vt -0.111167 -0.103498
vt -0.112025 -0.102603
vt -0.110645 -0.103166
vt -0.124236 0.100074
vt -0.125197 0.101117
vt -0.123829 0.100539
vt -0.095598 0.164957
vt -0.097086 0.164954
vt -0.096950 0.165557
vt -0.045107 0.226505
vt -0.046292 0.226646
vt -0.046373 0.227258
vt 0.204963 0.127043
vt 0.204739 0.128056
vt 0.205169 0.128500
vt 0.162878 0.016477
vt 0.163618 0.017346
vt 0.164198 0.017133
vt 0.122885 0.098894
vt 0.123848 0.099938
vt 0.124249 0.099468
vt 0.091585 0.164513
vt 0.093085 0.164518
vt 0.091728 0.163912
vt 0.038417 0.227545
vt 0.039624 0.227703
vt 0.038347 0.226931
vt -0.205741 0.125768
vt -0.205501 0.126804
vt -0.205311 0.125324
vt -0.162680 0.015507
vt -0.163427 0.016388
vt -0.162098 0.015713
vt -0.120197 0.100743
vt -0.121280 0.101559
vt -0.119786 0.101205
vt -0.103859 0.166388
vt -0.105477 0.166152
vt -0.105345 0.166756
vt -0.080721 0.216894
vt -0.082032 0.216745
vt -0.082179 0.217345
vt 0.075925 0.232585
vt 0.075015 0.233190
vt 0.075012 0.233808
vt 0.150457 -0.015152
vt 0.151346 -0.014487
vt 0.151921 -0.014715
vt 0.118739 0.099440
vt 0.119824 0.100257
vt 0.120231 0.099791
vt 0.099968 0.166036
vt 0.101597 0.165809
vt 0.100106 0.165434
vt 0.074689 0.218683
vt 0.076022 0.218547
vt 0.074552 0.218080
vt -0.085204 0.229430
vt -0.084294 0.230070
vt -0.085187 0.228812
vt -0.150257 -0.015906
vt -0.151152 -0.015231
vt -0.149680 -0.015684
vt -0.107387 0.092719
vt -0.108398 0.093542
vt -0.106973 0.093178
vt -0.087616 0.167228
vt -0.089181 0.167005
vt -0.089032 0.167605
vt -0.059929 0.222252
vt -0.061202 0.222113
vt -0.061312 0.222721
vt 0.106217 0.219000
vt 0.105357 0.219619
vt 0.105436 0.220232
vt 0.143613 -0.028346
vt 0.144425 -0.027648
vt 0.144997 -0.027880
vt 0.106381 0.091819
vt 0.107392 0.092642
vt 0.107801 0.092179
vt 0.084228 0.166736
vt 0.085804 0.166520
vt 0.084384 0.166138
vt 0.054179 0.223486
vt 0.055472 0.223361
vt 0.054079 0.222876
vt -0.114086 0.215079
vt -0.113223 0.215732
vt -0.113988 0.214469
vt -0.143293 -0.029339
vt -0.144112 -0.028628
vt -0.142718 -0.029112
vt -0.120283 0.108735
vt -0.121319 0.109740
vt -0.119864 0.109190
vt -0.095626 0.168394
vt -0.097209 0.168372
vt -0.097064 0.168973
vt -0.054172 0.222683
vt -0.055442 0.222795
vt -0.055542 0.223405
vt 0.189216 0.147140
vt 0.188895 0.148182
vt 0.189251 0.148688
vt 0.155659 0.018128
vt 0.156496 0.018948
vt 0.157081 0.018750
vt 0.118314 0.106934
vt 0.119355 0.107943
vt 0.119770 0.107485
vt 0.091282 0.167944
vt 0.092879 0.167932
vt 0.091433 0.167344
vt 0.047881 0.223904
vt 0.049169 0.224031
vt 0.047790 0.223292
vt -0.191053 0.144789
vt -0.190726 0.145848
vt -0.190696 0.144285
vt -0.155777 0.018291
vt -0.156616 0.019116
vt -0.155189 0.018483
vt -0.113620 0.106136
vt -0.114647 0.107234
vt -0.113198 0.106587
vt -0.083276 0.168456
vt -0.084863 0.168539
vt -0.084705 0.169136
vt -0.030125 0.225743
vt -0.031393 0.225984
vt -0.031452 0.226600
vt 0.208194 0.113274
vt 0.208029 0.114393
vt 0.208466 0.114830
vt 0.153876 0.020848
vt 0.154695 0.021763
vt 0.155282 0.021570
vt 0.112203 0.104812
vt 0.113232 0.105912
vt 0.113651 0.105457
vt 0.079805 0.167917
vt 0.081402 0.168008
vt 0.079968 0.167321
vt 0.024809 0.226299
vt 0.026093 0.226555
vt 0.024759 0.225683
vt -0.208778 0.112224
vt -0.208604 0.113360
vt -0.208342 0.111787
vt -0.153902 0.020681
vt -0.154724 0.021604
vt -0.153312 0.020868
vt -0.087265 0.083555
vt -0.088149 0.084851
vt -0.086841 0.084005
vt -0.034722 0.161599
vt -0.036208 0.161884
vt -0.036007 0.162469
vt 0.055043 0.220710
vt 0.053863 0.221207
vt 0.053962 0.221817
vt 0.220547 0.073373
vt 0.220355 0.074558
vt 0.220879 0.074886
vt 0.147223 0.004929
vt 0.147845 0.006103
vt 0.148431 0.005907
vt 0.085399 0.081728
vt 0.086290 0.083031
vt 0.086709 0.082576
vt 0.030785 0.160524
vt 0.032289 0.160821
vt 0.030991 0.159942
vt -0.059281 0.219793
vt -0.058078 0.220307
vt -0.059177 0.219184
vt -0.220470 0.073607
vt -0.220264 0.074811
vt -0.219951 0.073272
vt -0.147387 0.005318
vt -0.148010 0.006497
vt -0.146798 0.005506
vt -0.075553 0.074579
vt -0.076271 0.076023
vt -0.075127 0.075027
vt -0.005191 0.153563
vt -0.006537 0.153996
vt -0.006314 0.154572
vt 0.108123 0.201796
vt 0.107082 0.202458
vt 0.107278 0.203045
vt 0.220660 0.059729
vt 0.220432 0.060928
vt 0.220985 0.061204
vt 0.146140 0.009318
vt 0.146562 0.010637
vt 0.147150 0.010449
vt 0.073493 0.072518
vt 0.074221 0.073971
vt 0.074642 0.073518
vt 0.001565 0.152314
vt 0.002933 0.152759
vt 0.001792 0.151739
vt -0.110409 0.200800
vt -0.109345 0.201477
vt -0.110213 0.200213
vt -0.220515 0.060203
vt -0.220276 0.061419
vt -0.219966 0.059919
vt -0.146435 0.010228
vt -0.146857 0.011548
vt -0.145844 0.010408
vt -0.042979 0.044217
vt -0.044462 0.044934
vt -0.044049 0.045394
vt 0.048709 0.132672
vt 0.047361 0.133250
vt 0.047612 0.133815
vt 0.157896 0.171043
vt 0.156777 0.171837
vt 0.157062 0.172385
vt 0.219614 0.055680
vt 0.219096 0.057000
vt 0.219655 0.057262
vt 0.138486 -0.011295
vt 0.138703 -0.009733
vt 0.139290 -0.009926
vt 0.041466 0.042756
vt 0.042960 0.043481
vt 0.041884 0.042301
vt -0.050790 0.131748
vt -0.049419 0.132338
vt -0.050535 0.131185
vt -0.158307 0.170766
vt -0.157163 0.171574
vt -0.158024 0.170216
vt -0.219457 0.056191
vt -0.218928 0.057527
vt -0.218900 0.055922
vt -0.138704 -0.010668
vt -0.138922 -0.009103
vt -0.138114 -0.010484
vt -0.048074 0.051149
vt -0.049309 0.051940
vt -0.048888 0.052392
vt 0.060798 0.126857
vt 0.059694 0.127509
vt 0.059952 0.128071
vt 0.181617 0.150073
vt 0.180725 0.150913
vt 0.181053 0.151437
vt 0.216008 0.055689
vt 0.215526 0.056931
vt 0.216098 0.057164
vt 0.143260 0.012292
vt 0.143252 0.013828
vt 0.143845 0.013653
vt 0.046709 0.049794
vt 0.047950 0.050589
vt 0.047134 0.049345
vt -0.062428 0.126101
vt -0.061307 0.126763
vt -0.062166 0.125541
vt -0.181355 0.150290
vt -0.180443 0.151142
vt -0.181028 0.149765
vt -0.215821 0.056268
vt -0.215331 0.057523
vt -0.215251 0.056029
vt -0.143486 0.013000
vt -0.143479 0.014540
vt -0.142892 0.013169
vt -0.048389 0.052069
vt -0.049427 0.053012
vt -0.049001 0.053459
vt 0.082347 0.115722
vt 0.081405 0.116523
vt 0.081672 0.117081
vt 0.202094 0.127594
vt 0.201308 0.128554
vt 0.201674 0.129052
vt 0.211932 0.060962
vt 0.211389 0.062266
vt 0.211968 0.062481
vt 0.145614 0.028913
vt 0.146601 0.030225
vt 0.146211 0.028753
vt 0.046874 0.050540
vt 0.047919 0.051489
vt 0.047301 0.050093
vt -0.083305 0.115261
vt -0.082351 0.116069
vt -0.083038 0.114703
vt -0.201516 0.128100
vt -0.200720 0.129066
vt -0.201153 0.127600
vt -0.211597 0.061880
vt -0.211052 0.063187
vt -0.211019 0.061661
vt -0.146042 0.030510
vt -0.147028 0.031819
vt -0.146432 0.031982
vt -0.077096 0.081882
vt -0.077541 0.082977
vt -0.077104 0.083414
vt 0.128758 0.091818
vt 0.128374 0.092788
vt 0.128642 0.093345
vt 0.221909 0.099423
vt 0.221380 0.100485
vt 0.221788 0.100949
vt 0.200175 0.092808
vt 0.199502 0.094139
vt 0.200088 0.094335
vt 0.158712 0.086754
vt 0.159260 0.088133
vt 0.159312 0.086605
vt 0.076654 0.081464
vt 0.077096 0.082557
vt 0.077091 0.081028
vt -0.128745 0.091826
vt -0.128363 0.092796
vt -0.128475 0.091270
vt -0.220887 0.100325
vt -0.220357 0.101387
vt -0.220479 0.099861
vt -0.199754 0.094077
vt -0.199079 0.095412
vt -0.199167 0.093882
vt -0.158975 0.087738
vt -0.159524 0.089120
vt -0.158925 0.089269
vt -0.194452 0.108838
vt -0.194400 0.107277
vt -0.194986 0.107475
vt -0.213634 0.107760
vt -0.214526 0.106850
vt -0.214034 0.108231
vt -0.211086 0.074649
vt -0.211589 0.073798
vt -0.211284 0.075235
vt 0.039368 0.040883
vt 0.039355 0.039921
vt 0.038944 0.041333
vt 0.160710 0.093882
vt 0.160653 0.092664
vt 0.160110 0.094031
vt 0.195209 0.106596
vt 0.195158 0.105032
vt 0.194623 0.106400
vt 0.214850 0.106767
vt 0.215741 0.105858
vt 0.215343 0.105385
vt 0.213067 0.074733
vt 0.213563 0.073887
vt 0.213370 0.073300
vt -0.042722 0.044304
vt -0.042724 0.043354
vt -0.043149 0.042905
vt -0.161619 0.097559
vt -0.161564 0.096349
vt -0.162164 0.096202
vt 0.179705 0.145662
vt 0.178119 0.146712
vt 0.179039 0.147444
vt 0.127732 0.082224
vt 0.129033 0.083612
vt 0.129600 0.082582
vt -0.007038 0.006761
vt -0.006879 0.007675
vt -0.006478 0.008145
vt 0.222980 0.091186
vt 0.222303 0.091970
vt 0.222433 0.092575
vt 0.209625 0.112214
vt 0.208544 0.113056
vt 0.208932 0.113538
vt 0.192296 0.111081
vt 0.192141 0.112584
vt 0.192880 0.111283
vt 0.162264 0.097862
vt 0.162103 0.099006
vt 0.162865 0.097716
vt 0.003699 0.003871
vt 0.003560 0.004799
vt 0.004097 0.003398
vt -0.221454 0.090189
vt -0.220774 0.090980
vt -0.221323 0.089585
vt -0.208414 0.113111
vt -0.207333 0.113955
vt -0.208028 0.112629
vt -0.191506 0.113351
vt -0.191351 0.114851
vt -0.190766 0.114652
vt -0.163251 0.101814
vt -0.163088 0.102950
vt -0.162488 0.103098
vt -0.142267 0.133005
vt -0.141696 0.134533
vt -0.141270 0.134981
vt 0.208882 0.120585
vt 0.208544 0.120954
vt 0.208585 0.121571
vt -0.190218 0.132685
vt -0.190866 0.132427
vt -0.190820 0.132546
vt -0.182210 0.134770
vt -0.183082 0.134266
vt -0.182774 0.135022
vt -0.173513 0.135704
vt -0.174118 0.135535
vt -0.173811 0.136246
vt 0.140374 0.133306
vt 0.139956 0.133739
vt 0.140381 0.133291
vt -0.207417 0.119465
vt -0.206706 0.121075
vt -0.207042 0.119957
vt -0.189793 0.130841
vt -0.189322 0.133518
vt -0.188965 0.133013
vt -0.183551 0.133287
vt -0.181851 0.135826
vt -0.182987 0.133035
vt -0.175466 0.135333
vt -0.173990 0.137519
vt -0.175168 0.134791
vt -0.048656 0.133521
vt -0.047755 0.134044
vt -0.048874 0.132943
vt 0.220003 0.045798
vt 0.220277 0.046741
vt 0.220164 0.045203
vt 0.190778 0.143506
vt 0.190767 0.144747
vt 0.191377 0.143356
vt 0.171696 0.151981
vt 0.171536 0.153580
vt 0.172251 0.152253
vt 0.150386 0.157447
vt 0.149323 0.158168
vt 0.149589 0.158725
vt 0.073766 0.138681
vt 0.072943 0.139246
vt 0.072794 0.139844
vt -0.212738 0.024827
vt -0.213143 0.025756
vt -0.212967 0.026348
vt -0.196444 0.139226
vt -0.196498 0.140541
vt -0.195899 0.140694
vt -0.156978 0.171597
vt -0.156686 0.173255
vt -0.156149 0.172950
vt -0.118252 0.176588
vt -0.117053 0.177239
vt -0.118052 0.176004
vt -0.124192 0.151583
vt -0.123289 0.152017
vt -0.124343 0.150984
vt 0.192405 -0.020532
vt 0.192696 -0.019702
vt 0.192402 -0.021150
vt 0.184433 0.150751
vt 0.184192 0.151831
vt 0.185036 0.150618
vt 0.165904 0.157496
vt 0.165522 0.158923
vt 0.166453 0.157778
vt 0.154857 0.156914
vt 0.153626 0.157463
vt 0.153887 0.158023
vt 0.134742 0.150246
vt 0.133864 0.150705
vt 0.133724 0.151306
vt -0.210291 0.011406
vt -0.210403 0.012264
vt -0.210311 0.012875
vt -0.182511 0.147974
vt -0.182261 0.149042
vt -0.181656 0.149168
vt -0.167647 0.154521
vt -0.167271 0.155947
vt -0.166721 0.155664
vt -0.153912 0.157960
vt -0.152674 0.158500
vt -0.153652 0.157399
vt -0.103132 0.142262
vt -0.101926 0.142438
vt -0.103286 0.141664
vt -0.005895 -0.023378
vt -0.004954 -0.023014
vt -0.006293 -0.023851
vt 0.186873 0.154044
vt 0.186384 0.155033
vt 0.187471 0.153886
vt 0.148025 0.169139
vt 0.147291 0.170354
vt 0.148565 0.169439
vt 0.139901 0.157082
vt 0.138379 0.157381
vt 0.138617 0.157950
vt 0.134181 0.142436
vt 0.133041 0.142683
vt 0.132901 0.143285
vt 0.069995 0.042172
vt 0.069168 0.042589
vt 0.068719 0.043013
vt -0.177289 0.153343
vt -0.176736 0.154224
vt -0.176128 0.154336
vt -0.155087 0.159344
vt -0.154387 0.160553
vt -0.153850 0.160249
vt -0.134471 0.160563
vt -0.132931 0.160841
vt -0.134226 0.159997
vt 0.153807 0.063816
vt 0.155228 0.063677
vt 0.153680 0.063211
vt 0.189890 -0.022450
vt 0.191424 -0.022409
vt 0.189902 -0.023068
vt 0.210011 0.096605
vt 0.211150 0.097857
vt 0.210548 0.096299
vt -0.038181 0.236606
vt -0.039767 0.236965
vt -0.039538 0.237539
vt -0.113540 0.173963
vt -0.114945 0.173889
vt -0.115043 0.174499
vt -0.154343 0.063761
vt -0.155630 0.063656
vt -0.155804 0.064249
vt -0.197426 -0.011490
vt -0.198769 -0.011376
vt -0.198735 -0.010759
vt -0.202632 0.116041
vt -0.203601 0.117235
vt -0.203031 0.117475
vt 0.024532 0.237376
vt 0.026020 0.237776
vt 0.024835 0.236838
vt 0.114091 0.173618
vt 0.115519 0.173538
vt 0.114054 0.173002
vt 0.168170 0.063820
vt 0.169704 0.063433
vt 0.168088 0.063208
vt 0.183500 -0.027340
vt 0.185140 -0.027642
vt 0.183506 -0.027958
vt 0.220744 0.027096
vt 0.222352 0.027833
vt 0.221169 0.026646
vt -0.122212 0.206475
vt -0.123869 0.206325
vt -0.123809 0.206940
vt -0.153774 0.153704
vt -0.155282 0.153343
vt -0.155385 0.153952
vt -0.168642 0.063865
vt -0.170099 0.063491
vt -0.170214 0.064098
vt -0.186499 -0.023489
vt -0.188023 -0.023759
vt -0.188017 -0.023141
vt -0.218683 0.046793
vt -0.220146 0.047575
vt -0.219676 0.047977
vt 0.116829 0.209189
vt 0.118416 0.209067
vt 0.116936 0.208580
vt 0.153569 0.153721
vt 0.155078 0.153361
vt 0.153508 0.153106
vt 0.161352 0.063470
vt 0.162985 0.063862
vt 0.162899 0.063250
vt 0.142364 -0.056673
vt 0.144037 -0.056383
vt 0.143923 -0.056990
vt 0.005917 -0.198718
vt 0.007443 -0.199474
vt 0.006995 -0.199900
vt -0.195651 0.132588
vt -0.197331 0.132742
vt -0.195807 0.133186
vt -0.174373 0.140448
vt -0.175978 0.140824
vt -0.174439 0.141063
vt -0.161406 0.063467
vt -0.162970 0.063867
vt -0.161464 0.064082
vt -0.142250 -0.056774
vt -0.143819 -0.056466
vt -0.142356 -0.056165
vt -0.004756 -0.198671
vt -0.006208 -0.199359
vt -0.005214 -0.198256
vt 0.195921 0.132241
vt 0.197544 0.132409
vt 0.197358 0.131820
vt 0.174396 0.140448
vt 0.176006 0.140823
vt 0.175905 0.140214
vt 0.179718 0.066938
vt 0.181214 0.067288
vt 0.181173 0.066672
vt 0.158166 -0.046272
vt 0.159673 -0.046038
vt 0.159616 -0.046654
vt -0.008371 -0.195286
vt -0.007133 -0.196198
vt -0.007614 -0.196587
vt -0.210368 0.099708
vt -0.211519 0.098642
vt -0.211776 0.099204
vt -0.192935 0.126451
vt -0.194460 0.126778
vt -0.193017 0.127063
vt -0.180089 0.067070
vt -0.181529 0.067425
vt -0.180109 0.067688
vt -0.158362 -0.046144
vt -0.159787 -0.045903
vt -0.158413 -0.045529
vt 0.011485 -0.194787
vt 0.010308 -0.195656
vt 0.010992 -0.194414
vt 0.211155 0.098179
vt 0.212260 0.097122
vt 0.210916 0.097609
vt 0.193143 0.126490
vt 0.194676 0.126817
vt 0.194568 0.126208
vt 0.215967 0.086546
vt 0.217476 0.087115
vt 0.217512 0.086498
vt 0.215143 0.045693
vt 0.216486 0.046209
vt 0.216701 0.045630
vt 0.204528 -0.060652
vt 0.205842 -0.060417
vt 0.206050 -0.060999
vt -0.216498 0.065460
vt -0.217716 0.064851
vt -0.218046 0.065374
vt -0.215776 0.094808
vt -0.217133 0.094165
vt -0.217306 0.094758
vt -0.215497 0.087352
vt -0.216954 0.087923
vt -0.215445 0.087967
vt -0.215296 0.050288
vt -0.216563 0.050804
vt -0.215068 0.050863
vt -0.206493 -0.054547
vt -0.207739 -0.054297
vt -0.206280 -0.053966
vt 0.217133 0.063645
vt 0.218322 0.063041
vt 0.216818 0.063114
vt 0.216557 0.095033
vt 0.217931 0.094388
vt 0.216406 0.094434
vt 0.215933 0.093494
vt 0.217365 0.094272
vt 0.217433 0.093657
vt 0.214698 0.089557
vt 0.215886 0.090292
vt 0.216201 0.089760
vt 0.195705 0.112887
vt 0.196547 0.113783
vt 0.197095 0.113497
vt -0.213807 0.073636
vt -0.215007 0.073385
vt -0.215292 0.073933
vt -0.215172 0.087318
vt -0.216495 0.086896
vt -0.216669 0.087489
vt -0.214542 0.093717
vt -0.215953 0.094495
vt -0.214466 0.094331
vt -0.213299 0.091510
vt -0.214453 0.092242
vt -0.212977 0.092038
vt -0.194258 0.115429
vt -0.195073 0.116305
vt -0.193709 0.115713
vt 0.214476 0.072164
vt 0.215657 0.071914
vt 0.214197 0.071613
vt 0.216238 0.087119
vt 0.217565 0.086697
vt 0.216075 0.086523
vt 0.208172 0.082362
vt 0.209613 0.082992
vt 0.209659 0.082376
vt 0.208429 0.031013
vt 0.209738 0.031622
vt 0.209922 0.031032
vt 0.210798 -0.025876
vt 0.212009 -0.025227
vt 0.212291 -0.025776
vt -0.206686 0.095981
vt -0.207972 0.095427
vt -0.208182 0.096008
vt -0.207190 0.106756
vt -0.208576 0.106161
vt -0.208681 0.106770
vt -0.207533 0.082389
vt -0.208966 0.083019
vt -0.207481 0.083005
vt -0.208172 0.031726
vt -0.209460 0.032334
vt -0.207981 0.032314
vt -0.210957 -0.024515
vt -0.212143 -0.023868
vt -0.210671 -0.023967
vt 0.207328 0.095027
vt 0.208595 0.094473
vt 0.207120 0.094445
vt 0.207973 0.106495
vt 0.209353 0.105901
vt 0.207874 0.105885
vt 0.211825 0.088213
vt 0.213370 0.087945
vt 0.211900 0.087600
vt 0.213143 0.076827
vt 0.214305 0.077809
vt 0.214597 0.077265
vt 0.181621 0.136159
vt 0.182179 0.137406
vt 0.182754 0.137178
vt -0.177749 0.147334
vt -0.179056 0.147423
vt -0.179096 0.148040
vt -0.205882 0.106182
vt -0.207250 0.105944
vt -0.207350 0.106554
vt -0.210986 0.088293
vt -0.212517 0.088024
vt -0.212451 0.088638
vt -0.212238 0.078133
vt -0.213369 0.079111
vt -0.211937 0.078673
vt -0.180515 0.137358
vt -0.181052 0.138579
vt -0.179939 0.137583
vt 0.178100 0.147011
vt 0.179384 0.147099
vt 0.178067 0.146394
vt 0.206669 0.105936
vt 0.208033 0.105698
vt 0.206579 0.105324
vt 0.207194 0.084330
vt 0.208627 0.084384
vt 0.207268 0.083717
vt 0.210865 0.084911
vt 0.212459 0.085209
vt 0.211182 0.084380
vt 0.162940 0.163412
vt 0.163105 0.164884
vt 0.163704 0.164732
vt -0.086288 0.212648
vt -0.087442 0.213323
vt -0.087179 0.213882
vt -0.184139 0.127621
vt -0.185444 0.127732
vt -0.185466 0.128349
vt -0.206669 0.084476
vt -0.208083 0.084529
vt -0.208017 0.085143
vt -0.209778 0.086227
vt -0.211345 0.086522
vt -0.211027 0.087052
vt -0.162018 0.163422
vt -0.162170 0.164865
vt -0.161419 0.163575
vt 0.084713 0.212871
vt 0.085844 0.213544
vt 0.084987 0.212317
vt 0.184416 0.127610
vt 0.185720 0.127720
vt 0.184404 0.126992
vt 0.202089 0.081663
vt 0.203643 0.081274
vt 0.202163 0.081050
vt 0.207421 0.043412
vt 0.208668 0.044288
vt 0.208894 0.043712
vt 0.196871 0.093336
vt 0.197522 0.094617
vt 0.198043 0.094286
vt -0.175443 0.145574
vt -0.176860 0.145418
vt -0.176885 0.146035
vt -0.195001 0.116120
vt -0.196449 0.115749
vt -0.196496 0.116366
vt -0.201284 0.081495
vt -0.202847 0.081106
vt -0.202780 0.081720
vt -0.206908 0.043358
vt -0.208151 0.044233
vt -0.206676 0.043931
vt -0.196440 0.093927
vt -0.197077 0.095198
vt -0.195914 0.094252
vt 0.175892 0.145182
vt 0.177288 0.145024
vt 0.175865 0.144565
vt 0.195832 0.115744
vt 0.197260 0.115372
vt 0.195787 0.115127
vt 0.091009 0.208745
vt 0.089780 0.208238
vt 0.090752 0.209307
vt -0.167114 0.154007
vt -0.167010 0.152566
vt -0.167707 0.153833
vt -0.209754 0.067759
vt -0.208207 0.067572
vt -0.208501 0.067028
vt -0.199814 0.080131
vt -0.198397 0.080170
vt -0.198474 0.079557
vt -0.175916 0.131594
vt -0.174581 0.131584
vt -0.174593 0.130966
vt -0.092427 0.208473
vt -0.091174 0.207962
vt -0.091427 0.207399
vt 0.167685 0.154145
vt 0.167573 0.152688
vt 0.166979 0.152859
vt 0.210463 0.067897
vt 0.208912 0.067709
vt 0.210176 0.068444
vt 0.200598 0.080308
vt 0.199190 0.080348
vt 0.200528 0.080922
vt 0.176312 0.131460
vt 0.174998 0.131452
vt 0.176305 0.132078
vt -0.128420 0.083688
vt -0.128183 0.081801
vt -0.129338 0.082022
vt 0.138098 0.060552
vt 0.139372 0.061965
vt 0.139959 0.060947
vt 0.198931 0.080834
vt 0.200371 0.080786
vt 0.199018 0.080222
vt 0.207645 0.068188
vt 0.209232 0.068365
vt 0.207945 0.067648
vt 0.167848 0.150055
vt 0.168007 0.151504
vt 0.168600 0.151329
vt -0.096371 0.204351
vt -0.097631 0.204851
vt -0.097395 0.205422
vt -0.176408 0.128899
vt -0.177756 0.128900
vt -0.177751 0.129518
vt -0.198268 0.080746
vt -0.199707 0.080698
vt -0.199628 0.081311
vt -0.206957 0.068610
vt -0.208531 0.068785
vt -0.208235 0.069327
vt -0.167160 0.150185
vt -0.167307 0.151613
vt -0.166566 0.150356
vt 0.095176 0.204641
vt 0.096411 0.205137
vt 0.095418 0.204072
vt 0.176871 0.128770
vt 0.178204 0.128770
vt 0.176882 0.128152
vt 0.206009 0.088204
vt 0.207540 0.088131
vt 0.206116 0.087596
vt 0.204708 0.090598
vt 0.205740 0.091748
vt 0.206090 0.091239
vt 0.164723 0.152396
vt 0.165161 0.153685
vt 0.165757 0.153521
vt -0.137512 0.178173
vt -0.138705 0.178653
vt -0.138593 0.179261
vt -0.196871 0.107198
vt -0.198235 0.107172
vt -0.198292 0.107787
vt -0.204847 0.087816
vt -0.206394 0.087744
vt -0.206290 0.088354
vt -0.203951 0.089438
vt -0.204993 0.090591
vt -0.203598 0.089945
vt -0.164504 0.151725
vt -0.164941 0.153013
vt -0.163907 0.151882
vt 0.137455 0.178208
vt 0.138633 0.178686
vt 0.137561 0.177599
vt 0.197978 0.106581
vt 0.199323 0.106552
vt 0.197918 0.105966
vt 0.192907 0.078058
vt 0.194344 0.078830
vt 0.194429 0.078218
vt 0.197829 0.028516
vt 0.199134 0.029313
vt 0.199351 0.028734
vt 0.201118 0.055670
vt 0.201946 0.056891
vt 0.202424 0.056498
vt -0.173797 0.138196
vt -0.175265 0.137912
vt -0.175314 0.138528
vt -0.186976 0.116904
vt -0.188494 0.116465
vt -0.188522 0.117083
vt -0.192050 0.077826
vt -0.193503 0.078600
vt -0.191958 0.078437
vt -0.197392 0.028341
vt -0.198698 0.029137
vt -0.197168 0.028916
vt -0.200949 0.056098
vt -0.201765 0.057309
vt -0.200467 0.056484
vt 0.174642 0.137379
vt 0.176084 0.137091
vt 0.174588 0.136763
vt 0.187990 0.116427
vt 0.189481 0.115985
vt 0.187963 0.115809
vt 0.191436 0.078750
vt 0.192981 0.078438
vt 0.191535 0.078140
vt 0.199756 0.040161
vt 0.200934 0.041121
vt 0.201186 0.040557
vt 0.186618 0.102782
vt 0.187091 0.104138
vt 0.187644 0.103863
vt -0.148070 0.165466
vt -0.149488 0.165461
vt -0.149433 0.166077
vt -0.180400 0.121356
vt -0.181847 0.121066
vt -0.181856 0.121684
vt -0.190760 0.078621
vt -0.192309 0.078309
vt -0.192217 0.078920
vt -0.199357 0.040392
vt -0.200523 0.041350
vt -0.199097 0.040953
vt -0.186183 0.103348
vt -0.186641 0.104686
vt -0.185627 0.103618
vt 0.148486 0.165205
vt 0.149880 0.165197
vt 0.148541 0.164590
vt 0.181175 0.121098
vt 0.182605 0.120806
vt 0.181170 0.120480
vt 0.198545 0.084489
vt 0.200182 0.084364
vt 0.198664 0.083883
vt 0.202324 0.072291
vt 0.203479 0.073411
vt 0.203808 0.072887
vt 0.170593 0.135193
vt 0.171074 0.136575
vt 0.171663 0.136388
vt -0.136824 0.173181
vt -0.138188 0.173554
vt -0.138095 0.174165
vt -0.187074 0.113025
vt -0.188559 0.112940
vt -0.188589 0.113557
vt -0.197620 0.084293
vt -0.199259 0.084168
vt -0.199146 0.084776
vt -0.201583 0.072322
vt -0.202727 0.073439
vt -0.201248 0.072842
vt -0.170111 0.135294
vt -0.170582 0.136659
vt -0.169520 0.135477
vt 0.137079 0.173055
vt 0.138421 0.173423
vt 0.137173 0.172444
vt 0.188017 0.112673
vt 0.189488 0.112586
vt 0.187991 0.112056
vt 0.200829 0.088964
vt 0.202445 0.088920
vt 0.200963 0.088361
vt 0.197001 0.096724
vt 0.198068 0.097847
vt 0.198455 0.097365
vt 0.160693 0.148960
vt 0.161271 0.150175
vt 0.161872 0.150031
vt -0.145165 0.163846
vt -0.146326 0.164385
vt -0.146267 0.165000
vt -0.196181 0.096795
vt -0.197578 0.096798
vt -0.197653 0.097411
vt -0.199625 0.088663
vt -0.201246 0.088619
vt -0.201116 0.089224
vt -0.195991 0.096196
vt -0.197054 0.097317
vt -0.195601 0.096675
vt -0.160263 0.148561
vt -0.160835 0.149763
vt -0.159660 0.148700
vt 0.145690 0.163528
vt 0.146833 0.164062
vt 0.145748 0.162912
vt 0.197373 0.096159
vt 0.198756 0.096160
vt 0.197300 0.095546
vt 0.195849 0.084057
vt 0.197424 0.083996
vt 0.195977 0.083452
vt 0.199322 0.076175
vt 0.200378 0.077346
vt 0.200725 0.076834
vt 0.165469 0.138915
vt 0.165869 0.140280
vt 0.166464 0.140114
vt -0.118219 0.182768
vt -0.119492 0.183262
vt -0.119341 0.183861
vt -0.181779 0.114361
vt -0.183216 0.114348
vt -0.183229 0.114965
vt -0.194618 0.083617
vt -0.196215 0.083559
vt -0.196092 0.084165
vt -0.198579 0.075081
vt -0.199647 0.076255
vt -0.198227 0.075589
vt -0.165231 0.138460
vt -0.165629 0.139820
vt -0.164634 0.138618
vt 0.118253 0.182766
vt 0.119505 0.183254
vt 0.118398 0.182165
vt 0.183028 0.113736
vt 0.184438 0.113719
vt 0.183012 0.113119
vt 0.171736 0.070781
vt 0.173311 0.070548
vt 0.171845 0.070173
vt 0.187718 0.020653
vt 0.188920 0.021735
vt 0.189151 0.021162
vt 0.181328 0.101363
vt 0.181596 0.102900
vt 0.182160 0.102648
vt -0.105794 0.188587
vt -0.107322 0.188736
vt -0.107143 0.189327
vt -0.153240 0.132808
vt -0.154780 0.132606
vt -0.154724 0.133222
vt -0.171149 0.070614
vt -0.172740 0.070384
vt -0.172640 0.070994
vt -0.187364 0.020517
vt -0.188565 0.021599
vt -0.187124 0.021086
vt -0.181049 0.101607
vt -0.181307 0.103128
vt -0.180481 0.101851
vt 0.105670 0.188641
vt 0.107171 0.188782
vt 0.105847 0.188049
vt 0.153752 0.132691
vt 0.155265 0.132486
vt 0.153811 0.132076
vt 0.191711 0.082747
vt 0.193326 0.082624
vt 0.191850 0.082145
vt 0.196666 0.067926
vt 0.197765 0.069026
vt 0.198109 0.068513
vt 0.168906 0.127457
vt 0.169355 0.128802
vt 0.169948 0.128625
vt -0.126950 0.173313
vt -0.128283 0.173680
vt -0.128180 0.174289
vt -0.178978 0.113507
vt -0.180444 0.113422
vt -0.180456 0.114040
vt -0.190649 0.082431
vt -0.192275 0.082309
vt -0.192142 0.082913
vt -0.195957 0.067562
vt -0.197054 0.068661
vt -0.195607 0.068071
vt -0.168563 0.127413
vt -0.169005 0.128743
vt -0.167969 0.127583
vt 0.127446 0.173075
vt 0.128756 0.173436
vt 0.127546 0.172466
vt 0.180150 0.113016
vt 0.181596 0.112927
vt 0.180140 0.112398
vt 0.194034 0.085372
vt 0.195561 0.085251
vt 0.194183 0.084772
vt 0.194855 0.081568
vt 0.195828 0.082619
vt 0.196206 0.082131
vt 0.164235 0.133884
vt 0.164686 0.135063
vt 0.165285 0.134910
vt -0.134342 0.165633
vt -0.135505 0.166003
vt -0.135435 0.166617
vt -0.185135 0.104234
vt -0.186468 0.104150
vt -0.186506 0.104767
vt -0.192916 0.085074
vt -0.194446 0.084954
vt -0.194302 0.085555
vt -0.194003 0.081229
vt -0.194970 0.082278
vt -0.193620 0.081714
vt -0.163881 0.133693
vt -0.164327 0.134858
vt -0.163282 0.133841
vt 0.135014 0.165276
vt 0.136161 0.165642
vt 0.135083 0.164662
vt 0.186315 0.103758
vt 0.187635 0.103672
vt 0.186279 0.103141
vt 0.191680 0.084394
vt 0.193260 0.084193
vt 0.191832 0.083795
vt 0.193954 0.073217
vt 0.194997 0.074192
vt 0.195362 0.073694
vt 0.168562 0.122055
vt 0.169079 0.123235
vt 0.169671 0.123056
vt -0.147640 0.151235
vt -0.148905 0.151443
vt -0.148893 0.152061
vt -0.183519 0.104066
vt -0.184921 0.103895
vt -0.184955 0.104512
vt -0.190443 0.083980
vt -0.192037 0.083782
vt -0.191890 0.084382
vt -0.193205 0.072493
vt -0.194251 0.073469
vt -0.192834 0.072987
vt -0.168285 0.121975
vt -0.168797 0.123143
vt -0.167691 0.122146
vt 0.148827 0.150361
vt 0.150069 0.150561
vt 0.148831 0.149743
vt 0.184988 0.103226
vt 0.186366 0.103050
vt 0.184952 0.102609
vt 0.184535 0.079864
vt 0.185866 0.080769
vt 0.186011 0.080169
vt 0.190328 0.049738
vt 0.191468 0.050653
vt 0.191792 0.050126
vt 0.176956 0.097482
vt 0.177507 0.098739
vt 0.178080 0.098507
vt -0.147469 0.149338
vt -0.148860 0.149352
vt -0.148857 0.149970
vt -0.175292 0.111680
vt -0.176774 0.111404
vt -0.176779 0.112022
vt -0.183569 0.079573
vt -0.184908 0.080480
vt -0.183417 0.080172
vt -0.189808 0.049651
vt -0.190942 0.050563
vt -0.189477 0.050173
vt -0.176732 0.097710
vt -0.177274 0.098950
vt -0.176157 0.097937
vt 0.148697 0.148437
vt 0.150064 0.148443
vt 0.148696 0.147819
vt 0.176524 0.111197
vt 0.177986 0.110917
vt 0.176521 0.110579
vt 0.174427 0.075240
vt 0.175781 0.075798
vt 0.175924 0.075196
vt 0.172258 0.003546
vt 0.173538 0.004064
vt 0.173760 0.003487
vt 0.150598 -0.106776
vt 0.151972 -0.106526
vt 0.152064 -0.107137
vt -0.177012 0.104348
vt -0.178358 0.103675
vt -0.178526 0.104270
vt -0.174574 0.110349
vt -0.176093 0.110924
vt -0.174576 0.110968
vt -0.173567 0.074954
vt -0.174934 0.075514
vt -0.173419 0.075554
vt -0.172059 0.003475
vt -0.173338 0.003992
vt -0.171830 0.004049
vt -0.149115 -0.109020
vt -0.150478 -0.108792
vt -0.149026 -0.108408
vt 0.178415 0.102583
vt 0.179734 0.101904
vt 0.178240 0.101990
vt 0.175892 0.109802
vt 0.177392 0.110372
vt 0.177386 0.109754
vt 0.167110 0.072809
vt 0.168395 0.072922
vt 0.168538 0.072321
vt 0.127384 -0.047260
vt 0.128650 -0.047369
vt 0.128713 -0.047984
vt -0.090753 -0.130258
vt -0.090242 -0.131568
vt -0.090824 -0.131776
vt -0.189027 0.050012
vt -0.189971 0.048700
vt -0.190323 0.049207
vt -0.181021 0.101050
vt -0.182491 0.101134
vt -0.181057 0.101667
vt -0.166213 0.072480
vt -0.167517 0.072597
vt -0.166065 0.073080
vt -0.127867 -0.047081
vt -0.129140 -0.047188
vt -0.127796 -0.046467
vt 0.090924 -0.130523
vt 0.090419 -0.131828
vt 0.090344 -0.130310
vt 0.189899 0.048056
vt 0.190818 0.046746
vt 0.189539 0.047554
vt 0.182557 0.100176
vt 0.184006 0.100255
vt 0.183967 0.099638
vt 0.187248 0.085777
vt 0.188569 0.086107
vt 0.188737 0.085512
vt 0.181831 0.034589
vt 0.182999 0.034778
vt 0.183306 0.034242
vt -0.036778 -0.166594
vt -0.036407 -0.167736
vt -0.036900 -0.168110
vt -0.186735 0.041772
vt -0.187820 0.040882
vt -0.188208 0.041363
vt -0.186927 0.082056
vt -0.188538 0.082381
vt -0.187030 0.082665
vt -0.185782 0.085247
vt -0.187125 0.085583
vt -0.185611 0.085841
vt -0.181131 0.033543
vt -0.182313 0.033737
vt -0.180818 0.034076
vt 0.036868 -0.166925
vt 0.036501 -0.168067
vt 0.036380 -0.166544
vt 0.187462 0.039730
vt 0.188526 0.038840
vt 0.187065 0.039256
vt 0.188380 0.080623
vt 0.189971 0.080942
vt 0.189866 0.080332
vt 0.185685 0.034666
vt 0.184691 0.035572
vt 0.186102 0.035123
vt 0.065679 -0.153969
vt 0.065811 -0.152842
vt 0.066220 -0.154267
vt -0.181621 0.037246
vt -0.180503 0.037105
vt -0.181940 0.036717
vt -0.186399 0.086483
vt -0.185105 0.086185
vt -0.186571 0.085889
vt -0.187188 0.079260
vt -0.185608 0.078975
vt -0.187073 0.078653
vt -0.185194 0.037016
vt -0.184173 0.037923
vt -0.183761 0.037463
vt -0.063516 -0.154888
vt -0.063672 -0.153749
vt -0.063138 -0.153437
vt 0.182122 0.037619
vt 0.181005 0.037478
vt 0.180678 0.038002
vt 0.187760 0.086927
vt 0.186481 0.086633
vt 0.186303 0.087225
vt 0.188551 0.077844
vt 0.186989 0.077566
vt 0.187106 0.078173
vt -0.138757 0.062031
vt -0.138557 0.060139
vt -0.139707 0.060383
vt 0.116485 0.027290
vt 0.117763 0.028698
vt 0.118347 0.027677
vt 0.180364 0.082923
vt 0.181739 0.083429
vt 0.181911 0.082835
vt 0.181405 0.095572
vt 0.182515 0.095912
vt 0.182956 0.095479
vt 0.180850 -0.027691
vt 0.181880 -0.027871
vt 0.182254 -0.028362
vt -0.176987 0.027944
vt -0.178080 0.027408
vt -0.178538 0.027824
vt -0.177785 0.063926
vt -0.179161 0.063238
vt -0.179334 0.063831
vt -0.178335 0.082164
vt -0.179704 0.082666
vt -0.178160 0.082756
vt -0.179781 0.095478
vt -0.180874 0.095809
vt -0.179335 0.095906
vt -0.179224 -0.035607
vt -0.180218 -0.035849
vt -0.178873 -0.035098
vt 0.177183 0.026186
vt 0.178261 0.025650
vt 0.176725 0.025772
vt 0.179276 0.063328
vt 0.180649 0.062639
vt 0.179107 0.062734
vt 0.171659 0.076973
vt 0.172963 0.077487
vt 0.173130 0.076892
vt 0.173021 0.098876
vt 0.174035 0.099209
vt 0.174495 0.098796
vt 0.183584 0.019152
vt 0.184502 0.019058
vt 0.184979 0.018666
vt -0.168150 0.023814
vt -0.169138 0.023329
vt -0.169623 0.023712
vt -0.168785 0.057727
vt -0.170061 0.057053
vt -0.170256 0.057639
vt -0.169152 0.075949
vt -0.170450 0.076459
vt -0.168982 0.076543
vt -0.170607 0.097321
vt -0.171607 0.097644
vt -0.170143 0.097730
vt -0.183808 0.012815
vt -0.184699 0.012665
vt -0.183345 0.013225
vt 0.167901 0.022660
vt 0.168876 0.022174
vt 0.167414 0.022279
vt 0.170276 0.057079
vt 0.171550 0.056405
vt 0.170084 0.056492
vt 0.170421 0.075476
vt 0.171754 0.076445
vt 0.171925 0.075851
vt 0.165900 0.095166
vt 0.166941 0.095945
vt 0.167408 0.095540
vt 0.147588 0.136639
vt 0.148449 0.137222
vt 0.149061 0.137139
vt -0.181123 0.041065
vt -0.182174 0.041184
vt -0.182554 0.041671
vt -0.172364 0.058510
vt -0.173688 0.058316
vt -0.173862 0.058909
vt -0.167824 0.074329
vt -0.169151 0.075292
vt -0.167650 0.074922
vt -0.163408 0.092754
vt -0.164436 0.093521
vt -0.162939 0.093156
vt -0.146820 0.135332
vt -0.147674 0.135887
vt -0.146208 0.135416
vt 0.181619 0.037328
vt 0.182659 0.037435
vt 0.181235 0.036844
vt 0.173965 0.057987
vt 0.175289 0.057792
vt 0.173796 0.057392
vt 0.176192 0.080099
vt 0.177521 0.080956
vt 0.177707 0.080367
vt 0.172941 0.097621
vt 0.174001 0.098311
vt 0.174460 0.097897
vt 0.153819 0.126650
vt 0.154670 0.127290
vt 0.155275 0.127168
vt -0.180327 0.048690
vt -0.181459 0.048640
vt -0.181800 0.049155
vt -0.176826 0.063990
vt -0.178203 0.063681
vt -0.178339 0.064283
vt -0.174208 0.079221
vt -0.175529 0.080074
vt -0.174017 0.079809
vt -0.171137 0.096569
vt -0.172181 0.097247
vt -0.170675 0.096979
vt -0.153263 0.127075
vt -0.154104 0.127684
vt -0.152657 0.127197
vt 0.181234 0.045112
vt 0.182348 0.045050
vt 0.180888 0.044600
vt 0.178277 0.063409
vt 0.179650 0.063098
vt 0.178146 0.062805
vt 0.165377 0.070748
vt 0.166656 0.071578
vt 0.166832 0.070985
vt 0.162146 0.092626
vt 0.163134 0.093262
vt 0.163604 0.092861
vt 0.146450 0.135464
vt 0.147275 0.135911
vt 0.147886 0.135816
vt -0.172979 0.022865
vt -0.173983 0.022772
vt -0.174413 0.023216
vt -0.165828 0.052182
vt -0.167102 0.051842
vt -0.167280 0.052433
vt -0.162636 0.069422
vt -0.163911 0.070246
vt -0.162460 0.070014
vt -0.159674 0.090029
vt -0.160651 0.090655
vt -0.159202 0.090429
vt -0.145736 0.135071
vt -0.146554 0.135494
vt -0.145125 0.135168
vt 0.173154 0.020593
vt 0.174149 0.020494
vt 0.172722 0.020151
vt 0.167669 0.051780
vt 0.168944 0.051440
vt 0.167496 0.051186
vt 0.163627 0.069112
vt 0.165002 0.070012
vt 0.165180 0.069420
vt 0.159821 0.090886
vt 0.160906 0.091588
vt 0.161378 0.091189
vt 0.143080 0.136103
vt 0.144000 0.136615
vt 0.144612 0.136524
vt -0.173880 0.026038
vt -0.174987 0.026057
vt -0.175392 0.026524
vt -0.165551 0.051351
vt -0.166934 0.051091
vt -0.167103 0.051686
vt -0.161794 0.068492
vt -0.163168 0.069391
vt -0.161613 0.069083
vt -0.158051 0.088903
vt -0.159132 0.089600
vt -0.157578 0.089300
vt -0.142522 0.135208
vt -0.143437 0.135701
vt -0.141910 0.135297
vt 0.173949 0.022914
vt 0.175045 0.022922
vt 0.173536 0.022454
vt 0.166656 0.050452
vt 0.168033 0.050188
vt 0.166488 0.049857
vt 0.172062 0.077238
vt 0.173356 0.078271
vt 0.173555 0.077687
vt 0.166675 0.095546
vt 0.167704 0.096402
vt 0.168172 0.095997
vt 0.143482 0.134407
vt 0.144290 0.135169
vt 0.144901 0.135071
vt -0.170459 0.081600
vt -0.171547 0.081912
vt -0.171743 0.082498
vt -0.174271 0.064556
vt -0.175651 0.064452
vt -0.175753 0.065061
vt -0.170454 0.076639
vt -0.171747 0.077672
vt -0.170251 0.077222
vt -0.165300 0.094262
vt -0.166323 0.095112
vt -0.164830 0.094663
vt -0.143104 0.133840
vt -0.143908 0.134583
vt -0.142493 0.133935
vt 0.172365 0.078107
vt 0.173441 0.078405
vt 0.172159 0.077525
vt 0.175621 0.063718
vt 0.176994 0.063610
vt 0.175521 0.063108
vt 0.174404 0.081284
vt 0.175744 0.082387
vt 0.175958 0.081808
vt 0.169719 0.094407
vt 0.170812 0.095359
vt 0.171274 0.094948
vt 0.144001 0.131413
vt 0.144807 0.132367
vt 0.145416 0.132262
vt -0.152399 0.115722
vt -0.153561 0.116218
vt -0.153619 0.116833
vt -0.174281 0.075998
vt -0.175763 0.075983
vt -0.175814 0.076599
vt -0.172913 0.080622
vt -0.174249 0.081724
vt -0.172694 0.081200
vt -0.168448 0.093567
vt -0.169528 0.094508
vt -0.167983 0.093974
vt -0.143639 0.131147
vt -0.144438 0.132073
vt -0.143029 0.131250
vt 0.154912 0.112900
vt 0.156058 0.113377
vt 0.154847 0.112286
vt 0.175697 0.075349
vt 0.177172 0.075331
vt 0.175651 0.074733
vt 0.171653 0.078451
vt 0.172976 0.079554
vt 0.173192 0.078975
vt 0.166291 0.094081
vt 0.167363 0.095014
vt 0.167831 0.094610
vt 0.141320 0.132115
vt 0.142137 0.133003
vt 0.142748 0.132904
vt -0.155607 0.107213
vt -0.156728 0.107704
vt -0.156811 0.108317
vt -0.172715 0.070680
vt -0.174171 0.070665
vt -0.174232 0.071280
vt -0.170204 0.077922
vt -0.171528 0.079024
vt -0.169986 0.078500
vt -0.165187 0.092994
vt -0.166253 0.093923
vt -0.164716 0.093394
vt -0.141066 0.131570
vt -0.141880 0.132444
vt -0.140456 0.131666
vt 0.157604 0.105010
vt 0.158716 0.105488
vt 0.157514 0.104399
vt 0.174130 0.069967
vt 0.175579 0.069948
vt 0.174069 0.069352
vt 0.170562 0.078157
vt 0.171782 0.079185
vt 0.172002 0.078607
vt 0.165733 0.093314
vt 0.166706 0.094174
vt 0.167175 0.093771
vt 0.141228 0.129969
vt 0.141953 0.130789
vt 0.142563 0.130687
vt -0.158224 0.098986
vt -0.159299 0.099322
vt -0.159409 0.099930
vt -0.171289 0.069771
vt -0.172653 0.069673
vt -0.172711 0.070288
vt -0.169036 0.077478
vt -0.170254 0.078504
vt -0.168813 0.078054
vt -0.164515 0.092281
vt -0.165480 0.093133
vt -0.164044 0.092680
vt -0.140938 0.129633
vt -0.141659 0.130433
vt -0.140328 0.129734
vt 0.160331 0.096296
vt 0.161395 0.096618
vt 0.160214 0.095689
vt 0.172716 0.069188
vt 0.174075 0.069087
vt 0.172660 0.068572
vt 0.171066 0.081120
vt 0.172230 0.082207
vt 0.172462 0.081635
vt 0.166989 0.091349
vt 0.167920 0.092290
vt 0.168384 0.091882
vt 0.140429 0.128539
vt 0.141059 0.129484
vt 0.141669 0.129380
vt -0.134912 0.131302
vt -0.135954 0.131792
vt -0.135921 0.132409
vt -0.169087 0.081036
vt -0.170447 0.081019
vt -0.170456 0.081637
vt -0.169713 0.080488
vt -0.170874 0.081574
vt -0.169476 0.081059
vt -0.165899 0.090615
vt -0.166818 0.091547
vt -0.165431 0.091019
vt -0.140147 0.128275
vt -0.140771 0.129195
vt -0.139537 0.128377
vt 0.137420 0.129239
vt 0.138449 0.129713
vt 0.137449 0.128622
vt 0.170517 0.080458
vt 0.171869 0.080436
vt 0.170511 0.079840
vt 0.169232 0.079632
vt 0.170565 0.080731
vt 0.170801 0.080160
vt 0.165154 0.090902
vt 0.166253 0.091848
vt 0.166721 0.091444
vt 0.139663 0.126756
vt 0.140465 0.127740
vt 0.141074 0.127633
vt -0.143401 0.117707
vt -0.144598 0.118227
vt -0.144614 0.118845
vt -0.168063 0.077062
vt -0.169593 0.077063
vt -0.169608 0.077681
vt -0.167923 0.079171
vt -0.169260 0.080272
vt -0.167684 0.079741
vt -0.164273 0.089971
vt -0.165369 0.090915
vt -0.163802 0.090372
vt -0.139501 0.126399
vt -0.140301 0.127371
vt -0.138892 0.126502
vt 0.145361 0.116029
vt 0.146549 0.116536
vt 0.145337 0.115411
vt 0.169518 0.076344
vt 0.171038 0.076339
vt 0.169503 0.075726
vt 0.168427 0.082407
vt 0.169586 0.083437
vt 0.169834 0.082871
vt 0.166624 0.085897
vt 0.167569 0.086807
vt 0.168028 0.086393
vt 0.141164 0.121073
vt 0.141761 0.122076
vt 0.142367 0.121959
vt -0.131359 0.130511
vt -0.132506 0.130905
vt -0.132461 0.131521
vt -0.164156 0.086884
vt -0.165568 0.086814
vt -0.165542 0.087432
vt -0.167241 0.081785
vt -0.168395 0.082813
vt -0.166987 0.082349
vt -0.165709 0.085638
vt -0.166637 0.086534
vt -0.165246 0.086046
vt -0.140943 0.121116
vt -0.141531 0.122087
vt -0.140336 0.121233
vt 0.134270 0.128071
vt 0.135397 0.128441
vt 0.134309 0.127454
vt 0.165602 0.086343
vt 0.167004 0.086267
vt 0.165633 0.085726
vt 0.166917 0.082407
vt 0.168048 0.083415
vt 0.168304 0.082853
vt 0.165663 0.084116
vt 0.166583 0.085006
vt 0.167043 0.084594
vt 0.140752 0.118667
vt 0.141319 0.119664
vt 0.141925 0.119543
vt -0.129717 0.130100
vt -0.130866 0.130455
vt -0.130813 0.131071
vt -0.162040 0.088267
vt -0.163447 0.088179
vt -0.163405 0.088796
vt -0.165747 0.081895
vt -0.166879 0.082905
vt -0.165488 0.082456
vt -0.164940 0.083506
vt -0.165855 0.084392
vt -0.164477 0.083915
vt -0.140653 0.118550
vt -0.141217 0.119534
vt -0.140047 0.118669
vt 0.131627 0.128857
vt 0.132766 0.129200
vt 0.131675 0.128241
vt 0.163458 0.087827
vt 0.164857 0.087734
vt 0.163501 0.087210
vt 0.163787 0.083073
vt 0.165138 0.084354
vt 0.165403 0.083795
vt 0.164638 0.080750
vt 0.165774 0.081952
vt 0.166231 0.081536
vt 0.137234 0.121878
vt 0.137874 0.123253
vt 0.138483 0.123146
vt -0.087363 0.161689
vt -0.088599 0.162585
vt -0.088368 0.163158
vt -0.152337 0.101828
vt -0.153995 0.102067
vt -0.153895 0.102677
vt -0.162850 0.082566
vt -0.164193 0.083843
vt -0.162579 0.083122
vt -0.163933 0.080489
vt -0.165053 0.081678
vt -0.163472 0.080901
vt -0.137074 0.121707
vt -0.137709 0.123056
vt -0.136465 0.121814
vt 0.088740 0.161361
vt 0.089961 0.162242
vt 0.088973 0.160789
vt 0.153460 0.101815
vt 0.155113 0.102051
vt 0.153566 0.101206
vt 0.092473 0.158766
vt 0.091585 0.157880
vt 0.092253 0.159344
vt -0.132683 0.126082
vt -0.132041 0.124981
vt -0.133294 0.125994
vt -0.159808 0.087774
vt -0.158849 0.086646
vt -0.160286 0.087383
vt -0.164203 0.079217
vt -0.162496 0.079049
vt -0.162757 0.078489
vt -0.160013 0.087964
vt -0.158584 0.087721
vt -0.158639 0.087105
vt -0.091226 0.159039
vt -0.090331 0.158144
vt -0.090550 0.157567
vt 0.132792 0.126734
vt 0.132149 0.125630
vt 0.131537 0.125713
vt 0.160524 0.088788
vt 0.159568 0.087663
vt 0.159088 0.088051
vt 0.165428 0.079577
vt 0.163730 0.079415
vt 0.165169 0.080138
vt 0.161543 0.087264
vt 0.160125 0.087030
vt 0.161490 0.087880
vt -0.117149 0.028765
vt -0.116942 0.026874
vt -0.118093 0.027114
vt 0.110456 0.030990
vt 0.111740 0.032394
vt 0.112320 0.031371
vt 0.161085 0.081812
vt 0.162370 0.082984
vt 0.162642 0.082429
vt 0.161784 0.078844
vt 0.162865 0.079926
vt 0.163327 0.079515
vt 0.136126 0.117260
vt 0.136752 0.118522
vt 0.137360 0.118412
vt -0.099023 0.150574
vt -0.100283 0.151287
vt -0.100101 0.151877
vt -0.151558 0.097321
vt -0.153174 0.097446
vt -0.153078 0.098057
vt -0.160036 0.081300
vt -0.161322 0.082473
vt -0.159757 0.081852
vt -0.161129 0.078448
vt -0.162201 0.079521
vt -0.160663 0.078854
vt -0.136008 0.117172
vt -0.136629 0.118409
vt -0.135399 0.117278
vt 0.101225 0.149626
vt 0.102467 0.150317
vt 0.101402 0.149034
vt 0.153033 0.096881
vt 0.154634 0.096997
vt 0.153131 0.096270
vt 0.160860 0.078205
vt 0.162215 0.079127
vt 0.162483 0.078570
vt 0.159331 0.082374
vt 0.160479 0.083153
vt 0.160952 0.082755
vt 0.138731 0.107156
vt 0.139574 0.108115
vt 0.140178 0.107983
vt -0.147558 0.091352
vt -0.148933 0.091526
vt -0.149029 0.092136
vt -0.158625 0.075383
vt -0.160252 0.075201
vt -0.160235 0.075819
vt -0.159617 0.077672
vt -0.160975 0.078595
vt -0.159348 0.078228
vt -0.158665 0.081558
vt -0.159813 0.082337
vt -0.158191 0.081954
vt -0.138729 0.107147
vt -0.139572 0.108103
vt -0.138125 0.107277
vt 0.148900 0.090512
vt 0.150271 0.090680
vt 0.148801 0.089902
vt 0.160062 0.075103
vt 0.161685 0.074918
vt 0.160079 0.074485
vt 0.159390 0.078421
vt 0.160595 0.079190
vt 0.160866 0.078634
vt 0.158632 0.078790
vt 0.159639 0.079421
vt 0.160106 0.079017
vt 0.143174 0.090943
vt 0.143927 0.091761
vt 0.144520 0.091588
vt -0.153427 0.072204
vt -0.154678 0.072057
vt -0.154853 0.072650
vt -0.157492 0.072881
vt -0.158974 0.072520
vt -0.158965 0.073137
vt -0.158158 0.077906
vt -0.159367 0.078677
vt -0.157887 0.078462
vt -0.158029 0.078011
vt -0.159038 0.078644
vt -0.157561 0.078414
vt -0.143241 0.091140
vt -0.143994 0.091957
vt -0.142647 0.091311
vt 0.154691 0.071332
vt 0.155938 0.071182
vt 0.154513 0.070741
vt 0.158947 0.072576
vt 0.160425 0.072211
vt 0.158955 0.071958
vt 0.153534 0.081503
vt 0.154706 0.082081
vt 0.154991 0.081533
vt 0.153841 0.042804
vt 0.154900 0.043312
vt 0.155303 0.042844
vt 0.156928 0.000573
vt 0.157929 0.001263
vt 0.158370 0.000830
vt -0.150856 0.075543
vt -0.152157 0.075015
vt -0.152319 0.075611
vt -0.151944 0.087007
vt -0.153332 0.087657
vt -0.151872 0.087621
vt -0.152764 0.081064
vt -0.153929 0.081639
vt -0.152474 0.081610
vt -0.153708 0.042939
vt -0.154753 0.043437
vt -0.153302 0.043404
vt -0.157009 -0.004356
vt -0.158019 -0.003711
vt -0.156583 -0.003908
vt 0.152509 0.073567
vt 0.153793 0.073026
vt 0.152344 0.072971
vt 0.153244 0.086954
vt 0.154630 0.087602
vt 0.154696 0.086987
vt 0.146520 0.079355
vt 0.147784 0.079951
vt 0.148076 0.079406
vt 0.147729 0.026995
vt 0.148913 0.027555
vt 0.149286 0.027063
vt 0.155243 -0.002717
vt 0.156311 -0.001846
vt 0.156744 -0.002287
vt -0.141236 0.094283
vt -0.142718 0.093792
vt -0.142796 0.094405
vt -0.144033 0.097918
vt -0.145484 0.098593
vt -0.143917 0.098525
vt -0.145646 0.078883
vt -0.146922 0.079485
vt -0.145353 0.079427
vt -0.147655 0.026911
vt -0.148845 0.027476
vt -0.147279 0.027401
vt -0.155701 -0.002497
vt -0.156770 -0.001628
vt -0.155266 -0.002058
vt 0.142751 0.093210
vt 0.144222 0.092711
vt 0.142666 0.092598
vt 0.145441 0.097631
vt 0.146883 0.098299
vt 0.146998 0.097692
vt 0.138181 0.074996
vt 0.139331 0.075730
vt 0.139622 0.075185
vt 0.144828 0.022612
vt 0.145895 0.023365
vt 0.146263 0.022868
vt 0.149944 0.052245
vt 0.150475 0.053499
vt 0.151028 0.053225
vt -0.113862 0.128996
vt -0.115351 0.128803
vt -0.115265 0.129415
vt -0.130802 0.109569
vt -0.132074 0.110386
vt -0.130629 0.110162
vt -0.137675 0.074720
vt -0.138826 0.075454
vt -0.137380 0.075263
vt -0.144816 0.022613
vt -0.145877 0.023361
vt -0.144445 0.023107
vt -0.150419 0.051584
vt -0.150952 0.052824
vt -0.149867 0.051861
vt 0.115651 0.128134
vt 0.117124 0.127927
vt 0.115733 0.127521
vt 0.131870 0.109597
vt 0.133135 0.110410
vt 0.133304 0.109815
vt 0.120579 0.063309
vt 0.122115 0.063867
vt 0.122399 0.063318
vt 0.120772 -0.019302
vt 0.122332 -0.018728
vt 0.122592 -0.019289
vt 0.126390 -0.078961
vt 0.128035 -0.078238
vt 0.128208 -0.078831
vt -0.118332 0.121828
vt -0.120113 0.122475
vt -0.118284 0.122444
vt -0.119444 0.115309
vt -0.121077 0.115912
vt -0.119242 0.115893
vt -0.120326 0.063151
vt -0.121880 0.063718
vt -0.120042 0.063700
vt -0.121447 -0.018717
vt -0.123021 -0.018131
vt -0.121183 -0.018158
vt -0.128749 -0.076283
vt -0.130387 -0.075527
vt -0.128559 -0.075695
vt 0.119468 0.121600
vt 0.121246 0.122242
vt 0.121298 0.121626
vt 0.120404 0.115375
vt 0.122024 0.115970
vt 0.122228 0.115386
vt 0.097247 0.047228
vt 0.098539 0.047432
vt 0.098799 0.046872
vt 0.065451 -0.063116
vt 0.066885 -0.063079
vt 0.066935 -0.063694
vt -0.078064 -0.109132
vt -0.077053 -0.110441
vt -0.077630 -0.110665
vt -0.139784 0.088538
vt -0.141320 0.088416
vt -0.139900 0.089145
vt -0.116155 0.116421
vt -0.117499 0.116615
vt -0.115949 0.117004
vt -0.097531 0.047375
vt -0.098828 0.047583
vt -0.097269 0.047936
vt -0.066750 -0.062874
vt -0.068188 -0.062833
vt -0.066697 -0.062258
vt 0.077557 -0.110313
vt 0.076545 -0.111623
vt 0.076982 -0.110087
vt 0.141000 0.088043
vt 0.142533 0.087917
vt 0.142417 0.087310
vt 0.116918 0.116570
vt 0.118256 0.116760
vt 0.118463 0.116177
vt 0.026807 0.010765
vt 0.027971 0.010683
vt 0.028131 0.010087
vt -0.028125 -0.060692
vt -0.026745 -0.061082
vt -0.026992 -0.061649
vt -0.101938 -0.061336
vt -0.101973 -0.062805
vt -0.102546 -0.061445
vt -0.147918 0.064945
vt -0.148867 0.064245
vt -0.148139 0.065522
vt -0.083524 0.122259
vt -0.084552 0.122132
vt -0.083252 0.122814
vt -0.026100 0.010427
vt -0.027248 0.010336
vt -0.025951 0.011027
vt 0.026763 -0.061292
vt 0.025384 -0.061681
vt 0.026510 -0.060728
vt 0.101152 -0.064604
vt 0.101179 -0.066085
vt 0.100572 -0.065968
vt 0.147912 0.068824
vt 0.148907 0.068146
vt 0.148702 0.067563
vt 0.083328 0.122284
vt 0.084386 0.122172
vt 0.084661 0.121619
vt -0.030106 0.004274
vt -0.028771 0.004328
vt -0.028716 0.003713
vt -0.056536 -0.038536
vt -0.055560 -0.039762
vt -0.056874 -0.039054
vt -0.100323 -0.056132
vt -0.099868 -0.057272
vt -0.100931 -0.056242
vt -0.107773 0.131021
vt -0.108601 0.130490
vt -0.107674 0.131631
vt 0.003205 0.087304
vt 0.002183 0.087289
vt 0.003549 0.087818
vt 0.034531 0.004540
vt 0.033225 0.004567
vt 0.034566 0.005157
vt 0.057021 -0.037920
vt 0.056064 -0.039150
vt 0.055731 -0.038629
vt 0.099303 -0.060305
vt 0.098838 -0.061457
vt 0.098233 -0.061332
vt 0.101403 0.137258
vt 0.102315 0.136786
vt 0.102436 0.136180
vt 0.001972 0.090630
vt 0.003044 0.090645
vt 0.003387 0.090131
vt -0.098755 0.274525
vt -0.216867 0.185188
vt -0.244702 0.113319
vt -0.261831 0.056489
vt -0.262298 0.098924
vt 0.098666 0.273647
vt 0.215144 0.185302
vt 0.243084 0.113517
vt 0.260352 0.058204
vt 0.261653 0.104387
vt 0.076889 -0.031887
vt 0.077212 -0.032413
vt 0.077165 -0.033030
vt 0.076163 -0.033645
vt 0.075592 -0.033409
vt 0.075268 -0.032883
vt 0.075717 -0.031796
vt -0.254127 0.123254
vt -0.253577 0.122971
vt -0.253298 0.122420
vt -0.253834 0.121374
vt -0.254445 0.121279
vt -0.254995 0.121561
vt -0.255176 0.122723
vt 0.270409 0.090779
vt 0.254593 0.118155
vt 0.214721 0.187882
vt 0.062958 0.285654
vt -0.236804 0.168881
vt -0.268737 0.090369
vt -0.252858 0.118031
vt -0.212960 0.187533
vt -0.061292 0.284475
vt 0.237911 0.170154
vt 0.222527 -0.014343
vt 0.168143 0.063924
vt 0.114829 0.175846
vt 0.011021 0.277072
vt -0.262982 0.108178
vt -0.211946 -0.026445
vt -0.157117 0.057049
vt -0.107413 0.172160
vt -0.009663 0.276939
vt 0.260552 0.114486
vt 0.054114 -0.091823
vt 0.028784 0.008075
vt 0.002381 0.105662
vt -0.038601 0.242975
vt -0.084155 -0.208338
vt 0.004772 -0.078558
vt 0.016432 -0.000196
vt 0.017948 0.089351
vt 0.038154 0.246653
vt 0.175747 -0.168402
vt -0.094325 -0.033742
vt -0.080744 0.008864
vt -0.067250 0.074207
vt 0.072155 0.283687
vt 0.125307 -0.070525
vt 0.106801 -0.021385
vt 0.096620 0.011506
vt 0.076807 0.069298
vt -0.069805 0.284990
vt -0.120666 -0.088078
vt -0.075799 -0.052180
vt -0.049292 0.019851
vt -0.023379 0.131366
vt 0.211076 0.200294
vt 0.144126 -0.069837
vt 0.117681 -0.016428
vt 0.097589 0.023766
vt 0.051719 0.113885
vt -0.200079 0.212602
vt -0.129736 -0.112841
vt -0.117943 -0.025313
vt -0.084737 0.036946
vt -0.042428 0.147284
vt 0.256603 0.127112
vt 0.177304 -0.033258
vt 0.149183 0.008263
vt 0.126092 0.044233
vt 0.069640 0.133469
vt -0.250791 0.141373
vt -0.170339 -0.067907
vt -0.143258 -0.008851
vt -0.118069 0.057029
vt -0.097230 0.145503
vt 0.069625 0.282123
vt 0.202057 -0.016624
vt 0.180059 0.036623
vt 0.165578 0.068782
vt 0.129932 0.129873
vt -0.069505 0.283556
vt -0.194037 -0.063051
vt -0.050309 -0.085615
vt -0.014899 0.060303
vt 0.013333 0.205001
vt 0.096122 0.274811
vt 0.177219 -0.146561
vt 0.077412 -0.069065
vt 0.038916 0.062774
vt -0.003473 0.204563
vt -0.094890 0.276039
vt -0.165920 -0.164725
vt -0.152378 -0.007809
vt -0.130224 0.087059
vt -0.112653 0.181220
vt -0.046634 0.282851
vt 0.215464 -0.075351
vt 0.168897 0.013889
vt 0.149838 0.092058
vt 0.123253 0.178322
vt 0.042090 0.285393
vt -0.211835 -0.092298
vt -0.179173 0.023116
vt -0.155303 0.100527
vt -0.131938 0.183415
vt -0.031729 0.285590
vt 0.229532 -0.035747
vt 0.188537 0.038094
vt 0.168862 0.104311
vt 0.140078 0.181481
vt 0.028186 0.287777
vt -0.228826 -0.047538
vt -0.173077 0.016096
vt -0.166654 0.108906
vt -0.161113 0.177058
vt -0.149011 0.242014
vt 0.206824 -0.112657
vt 0.178912 0.026622
vt 0.171350 0.110740
vt 0.164581 0.176674
vt 0.145773 0.246235
vt -0.205453 -0.119592
vt -0.193647 0.044945
vt -0.190658 0.118022
vt -0.187322 0.167171
vt -0.181852 0.217102
vt 0.211863 -0.100703
vt 0.195661 0.051240
vt 0.191589 0.118915
vt 0.188934 0.167598
vt 0.180041 0.221203
vt -0.211871 -0.105641
vt -0.190662 0.043482
vt -0.187552 0.120725
vt -0.184129 0.171597
vt -0.178586 0.219796
vt 0.208700 -0.106264
vt 0.192434 0.049352
vt 0.188473 0.121573
vt 0.185905 0.171878
vt 0.177122 0.223418
vt -0.209028 -0.110109
vt -0.204975 0.065629
vt -0.202727 0.125834
vt -0.199874 0.164204
vt -0.195559 0.203772
vt 0.218756 -0.078917
vt 0.206228 0.070945
vt 0.202884 0.126337
vt 0.200964 0.164857
vt 0.193672 0.208302
vt -0.219144 -0.083928
vt -0.178581 0.032938
vt -0.180884 0.125874
vt -0.181987 0.177348
vt -0.186213 0.212380
vt 0.165925 -0.167334
vt 0.180722 0.039069
vt 0.181852 0.126755
vt 0.183381 0.177635
vt 0.184583 0.216059
vt -0.167411 -0.168323
vt 0.190071 0.208431
vt 0.187351 0.175402
vt 0.188129 0.129401
vt 0.186381 0.046190
vt 0.163902 -0.170402
vt -0.195142 0.205668
vt -0.190010 0.175809
vt -0.185309 0.130099
vt -0.181858 0.042814
vt -0.162043 -0.169744
vt 0.254737 0.123158
vt 0.255176 0.122723
vt 0.255274 0.122112
vt 0.254445 0.121279
vt 0.253834 0.121374
vt 0.253396 0.121810
vt 0.253577 0.122971
vt -0.235394 0.126182
vt -0.234800 0.126012
vt -0.234420 0.125525
vt -0.234743 0.124395
vt -0.235324 0.124183
vt -0.235918 0.124354
vt -0.236321 0.125458
vt -0.200400 0.067555
vt -0.199963 0.132797
vt -0.198398 0.169678
vt -0.197454 0.200213
vt 0.204581 -0.106175
vt 0.200007 0.070456
vt 0.198689 0.133088
vt 0.198832 0.170570
vt 0.196559 0.203593
vt -0.205826 -0.107991
vt -0.208273 0.081340
vt -0.192031 0.133662
vt -0.173331 0.185155
vt -0.080217 0.269365
vt 0.235951 0.009005
vt 0.206826 0.082281
vt 0.192647 0.134336
vt 0.172572 0.187054
vt 0.075597 0.272661
vt -0.237654 0.007287
vt -0.152063 0.010619
vt -0.141268 0.127527
vt -0.130549 0.205799
vt -0.104940 0.259876
vt 0.193673 -0.122237
vt 0.152373 0.013811
vt 0.140718 0.128141
vt 0.130875 0.206746
vt 0.101599 0.262839
vt -0.195240 -0.122811
vt -0.168223 0.033501
vt -0.151142 0.132487
vt -0.132478 0.206239
vt -0.076179 0.268982
vt 0.214678 -0.073616
vt 0.168094 0.036315
vt 0.150163 0.132814
vt 0.132462 0.207459
vt 0.071953 0.271845
vt -0.216126 -0.074861
vt -0.219241 0.103528
vt -0.207247 0.138895
vt -0.193494 0.174643
vt -0.115762 0.253018
vt 0.237464 0.040223
vt 0.217284 0.103627
vt 0.207966 0.139406
vt 0.193753 0.176032
vt 0.113393 0.256285
vt -0.239449 0.039449
vt -0.232422 0.118672
vt -0.225490 0.135621
vt -0.217931 0.154568
vt -0.169324 0.218771
vt 0.240675 0.078821
vt 0.229302 0.117416
vt 0.224854 0.136338
vt 0.217272 0.156878
vt 0.167597 0.222804
vt -0.242960 0.079827
vt -0.243947 0.124452
vt -0.241728 0.127070
vt -0.240556 0.129923
vt -0.236199 0.140443
vt 0.243710 0.112420
vt 0.240962 0.123237
vt 0.241390 0.127503
vt 0.240577 0.131589
vt 0.236889 0.143308
vt -0.245960 0.113799
vt -0.242647 0.124263
vt -0.242824 0.126351
vt -0.241104 0.127467
vt -0.240648 0.129868
vt 0.240175 0.099131
vt 0.239661 0.123311
vt 0.239461 0.126500
vt 0.241160 0.128953
vt 0.241569 0.132380
vt -0.242282 0.098161
vt -0.236489 0.124414
vt -0.236638 0.127769
vt -0.239679 0.129319
vt -0.238055 0.131964
vt 0.234967 0.058288
vt -0.238136 0.123343
vt -0.237743 0.127905
vt -0.238247 0.130699
vt -0.234246 0.059600
vt -0.246006 0.112388
vt -0.247483 0.112027
vt -0.249648 0.107924
vt -0.250055 0.099935
vt 0.240660 0.058504
vt 0.243426 0.120202
vt 0.241902 0.125199
vt 0.240768 0.126302
vt 0.243938 0.123127
vt -0.238686 0.052773
vt 0.245850 0.116179
vt 0.245459 0.116096
vt 0.245985 0.115099
vt -0.246426 0.111902
vt 0.241012 0.089954
vt 0.243977 0.115517
vt 0.247451 0.116089
vt 0.245102 0.116627
vt 0.247806 0.113664
vt -0.242089 0.091297
vt -0.243130 0.116164
vt -0.243333 0.115855
vt -0.243852 0.114608
vt -0.245056 0.110884
vt 0.240865 0.079565
vt 0.247851 0.108091
vt -0.240944 0.121546
vt -0.240205 0.124725
vt 0.247792 0.108776
vt -0.239197 0.080561
vt 0.243242 0.116735
vt 0.243049 0.116352
vt 0.244014 0.114856
vt -0.244413 0.110302
vt 0.236622 0.093094
vt 0.241318 0.116246
vt 0.242046 0.116899
vt 0.245403 0.115971
vt 0.244563 0.112278
vt -0.237832 0.094372
vt -0.209815 0.113171
vt -0.220645 0.137430
vt -0.222582 0.144862
vt -0.228066 0.138847
vt 0.154755 -0.096849
vt 0.185502 0.096594
vt 0.188860 0.149766
vt 0.198804 0.171898
vt 0.220787 0.152381
vt -0.159321 -0.094092
vt -0.170067 0.094507
vt -0.185042 0.153270
vt -0.193970 0.171727
vt -0.211859 0.162567
vt 0.068104 -0.170109
vt 0.167291 0.094571
vt 0.180374 0.154384
vt 0.191832 0.174804
vt 0.211518 0.165768
vt -0.070752 -0.170863
vt 0.188593 0.187647
vt 0.162914 0.195261
vt 0.153408 0.159719
vt 0.140379 0.070866
vt 0.072506 -0.168681
vt -0.192940 0.184706
vt -0.167744 0.193784
vt -0.154150 0.160721
vt -0.139150 0.071949
vt -0.071313 -0.167402
vt 0.235975 0.125971
vt 0.236320 0.125458
vt 0.236299 0.124841
vt 0.235324 0.124183
vt 0.234743 0.124395
vt 0.234398 0.124908
vt 0.234800 0.126012
vt -0.215318 0.131010
vt -0.214724 0.130840
vt -0.214343 0.130353
vt -0.214667 0.129223
vt -0.215248 0.129011
vt -0.215842 0.129182
vt -0.216244 0.130286
vt -0.197110 0.121697
vt -0.198630 0.150153
vt -0.198252 0.166114
vt -0.201633 0.172088
vt 0.190537 -0.002571
vt 0.194041 0.121260
vt 0.194967 0.150806
vt 0.197768 0.168161
vt 0.202039 0.174657
vt -0.192540 -0.003344
vt -0.170603 0.103214
vt -0.159865 0.159675
vt -0.147253 0.203504
vt -0.062605 0.254019
vt 0.185816 -0.011161
vt 0.166904 0.102092
vt 0.158958 0.160423
vt 0.146663 0.205496
vt 0.062123 0.256105
vt -0.188433 -0.010158
vt -0.142854 0.079526
vt -0.133878 0.162297
vt -0.121231 0.216373
vt -0.063892 0.252832
vt 0.160838 -0.066599
vt 0.140411 0.079515
vt 0.131249 0.162440
vt 0.121747 0.217458
vt 0.064061 0.254490
vt -0.162941 -0.066625
vt -0.107018 0.047725
vt -0.103890 0.161843
vt -0.098595 0.225160
vt -0.083908 0.246481
vt 0.113782 -0.130161
vt 0.104084 0.047396
vt 0.100456 0.162070
vt 0.098401 0.226300
vt 0.084263 0.247864
vt -0.115833 -0.130433
vt -0.080936 0.026723
vt -0.098849 0.161785
vt -0.113192 0.219101
vt -0.151416 0.212572
vt 0.009169 -0.183665
vt 0.078977 0.027385
vt 0.096411 0.162310
vt 0.113402 0.219821
vt 0.151836 0.213844
vt -0.011263 -0.184773
vt -0.096105 0.041139
vt -0.110939 0.162967
vt -0.122191 0.214611
vt -0.154366 0.209807
vt 0.035520 -0.176250
vt 0.093319 0.041301
vt 0.107782 0.163473
vt 0.122640 0.215357
vt 0.155675 0.210652
vt -0.037184 -0.177451
vt -0.102138 0.048173
vt -0.118291 0.163372
vt -0.130395 0.209995
vt -0.162415 0.203214
vt 0.032079 -0.176339
vt 0.099438 0.048293
vt 0.115225 0.163894
vt 0.130689 0.210783
vt 0.163616 0.204121
vt -0.033576 -0.177573
vt -0.105850 0.053080
vt -0.119522 0.163692
vt -0.129961 0.209771
vt -0.159236 0.204905
vt 0.048333 -0.169426
vt 0.103693 0.053620
vt 0.117084 0.164185
vt 0.130542 0.210429
vt 0.160245 0.205975
vt -0.050209 -0.170393
vt -0.111931 0.060130
vt -0.116734 0.163877
vt -0.119548 0.214314
vt -0.133312 0.221257
vt 0.093977 -0.140741
vt 0.108792 0.059693
vt 0.113313 0.164253
vt 0.119708 0.215301
vt 0.134750 0.222154
vt -0.095898 -0.141349
vt -0.134384 0.082264
vt -0.131976 0.163493
vt -0.127436 0.209514
vt -0.116719 0.229054
vt 0.138444 -0.088273
vt 0.131811 0.082454
vt 0.129410 0.163726
vt 0.128674 0.210267
vt 0.118315 0.230247
vt -0.140778 -0.088452
vt -0.149476 0.097278
vt -0.134078 0.162656
vt -0.114431 0.214667
vt 0.025698 0.252807
vt 0.171300 -0.017991
vt 0.146018 0.096297
vt 0.133943 0.163338
vt 0.115033 0.215992
vt -0.024004 0.254838
vt -0.174016 -0.016660
vt -0.173427 0.117689
vt -0.154034 0.159066
vt -0.118973 0.210994
vt 0.203090 0.145449
vt 0.193005 0.056418
vt 0.169902 0.116314
vt 0.153553 0.160063
vt 0.119534 0.212545
vt -0.203971 0.147481
vt -0.195734 0.058879
vt -0.191225 0.128417
vt -0.178951 0.151470
vt -0.156624 0.187294
vt 0.215216 0.122511
vt 0.201500 0.091766
vt 0.188035 0.127286
vt 0.179176 0.152332
vt 0.158179 0.188278
vt -0.216579 0.124239
vt -0.204235 0.094096
vt -0.185713 0.125322
vt -0.192388 0.145931
vt -0.195203 0.153653
vt -0.203489 0.152703
vt 0.119744 -0.105646
vt 0.182037 0.124875
vt 0.188942 0.146822
vt 0.195771 0.154557
vt 0.205242 0.153762
vt -0.122201 -0.106023
vt -0.189691 0.128528
vt -0.196630 0.143540
vt -0.199252 0.148336
vt -0.205918 0.147296
vt 0.083763 -0.138973
vt 0.186637 0.128448
vt 0.193078 0.144596
vt 0.199186 0.149842
vt 0.207127 0.149154
vt -0.085517 -0.140294
vt 0.199933 0.154543
vt 0.200650 0.144489
vt 0.200935 0.138778
vt 0.203266 0.132468
vt 0.204849 0.111794
vt -0.203238 0.152325
vt -0.205008 0.142937
vt -0.205333 0.138825
vt -0.203554 0.134019
vt -0.203438 0.113999
vt 0.215899 0.130799
vt 0.216244 0.130286
vt 0.216223 0.129669
vt 0.215248 0.129011
vt 0.214667 0.129223
vt 0.214322 0.129735
vt 0.214724 0.130840
vt -0.179039 0.147444
vt -0.178460 0.147228
vt -0.178119 0.146712
vt -0.178531 0.145611
vt -0.179126 0.145446
vt -0.179705 0.145662
vt -0.180019 0.146795
vt -0.166555 0.118573
vt -0.158495 0.155930
vt -0.148895 0.187728
vt -0.076033 0.236738
vt 0.176816 0.028891
vt 0.162322 0.117047
vt 0.156260 0.157039
vt 0.146648 0.190925
vt 0.072298 0.239893
vt -0.179387 0.030108
vt -0.120884 0.083027
vt -0.094576 0.161025
vt -0.055170 0.226104
vt 0.161509 0.183088
vt 0.157419 -0.022395
vt 0.116080 0.080421
vt 0.090319 0.161555
vt 0.049866 0.228581
vt -0.163918 0.182916
vt -0.159750 -0.021210
vt -0.058842 0.030732
vt -0.047327 0.156340
vt -0.032265 0.229270
vt 0.025166 0.245217
vt 0.087641 -0.130080
vt 0.055412 0.029882
vt 0.041702 0.155918
vt 0.028229 0.230687
vt -0.031590 0.245560
vt -0.089624 -0.130171
vt -0.060274 0.035485
vt -0.035382 0.155231
vt -0.002832 0.230672
vt 0.123348 0.211251
vt 0.110652 -0.103172
vt 0.056856 0.034353
vt 0.030091 0.154596
vt -0.000690 0.231702
vt -0.126908 0.210368
vt -0.112541 -0.102943
vt -0.125598 0.100647
vt -0.095739 0.164356
vt -0.045028 0.225892
vt 0.204536 0.126595
vt 0.162295 0.016682
vt 0.122479 0.099359
vt 0.092947 0.165120
vt 0.039695 0.228317
vt -0.205933 0.127246
vt -0.164006 0.016174
vt -0.121687 0.101093
vt -0.103995 0.165785
vt -0.080575 0.216294
vt 0.075931 0.231967
vt 0.149879 -0.014932
vt 0.118328 0.099901
vt 0.101463 0.166413
vt 0.076160 0.219150
vt -0.084315 0.230688
vt -0.151726 -0.015460
vt -0.108807 0.093078
vt -0.087770 0.166629
vt -0.059821 0.221644
vt 0.106141 0.218387
vt 0.143038 -0.028120
vt 0.105967 0.092278
vt 0.085652 0.167120
vt 0.055574 0.223970
vt -0.113323 0.216342
vt -0.144684 -0.028862
vt -0.121734 0.109282
vt -0.095773 0.167794
vt -0.054072 0.222073
vt 0.188866 0.146631
vt 0.155072 0.018320
vt 0.117895 0.107388
vt 0.092731 0.168532
vt 0.049260 0.224642
vt -0.191088 0.146349
vt -0.157201 0.018917
vt -0.115066 0.106780
vt -0.083437 0.167860
vt -0.030067 0.225127
vt 0.207759 0.112835
vt 0.153287 0.021034
vt 0.111780 0.105263
vt 0.081242 0.168605
vt 0.026144 0.227171
vt -0.209043 0.113794
vt -0.155311 0.021412
vt -0.088568 0.084397
vt -0.034927 0.161016
vt 0.054946 0.220100
vt 0.220027 0.073039
vt 0.146635 0.005117
vt 0.084974 0.082178
vt 0.032087 0.161405
vt -0.058183 0.220916
vt -0.220788 0.075140
vt -0.148596 0.006301
vt -0.076692 0.075571
vt -0.005416 0.152987
vt 0.107931 0.201209
vt 0.220111 0.059446
vt 0.145549 0.009498
vt 0.073067 0.072966
vt 0.002708 0.153335
vt -0.109543 0.202062
vt -0.220828 0.061696
vt -0.147446 0.011360
vt -0.043397 0.043762
vt 0.048454 0.132109
vt 0.157613 0.170493
vt 0.219057 0.055412
vt 0.137896 -0.011111
vt 0.042547 0.043941
vt -0.049671 0.132902
vt -0.157448 0.172122
vt -0.219487 0.057790
vt -0.139509 -0.009296
vt -0.048500 0.050701
vt 0.060537 0.126296
vt 0.181291 0.149548
vt 0.215438 0.055452
vt 0.142665 0.012460
vt 0.047529 0.051042
vt -0.061565 0.127324
vt -0.180770 0.151667
vt -0.215903 0.057757
vt -0.144072 0.014365
vt -0.048817 0.051622
vt 0.082080 0.115164
vt 0.201730 0.127094
vt 0.211354 0.060743
vt 0.146005 0.030389
vt 0.047494 0.051937
vt -0.082618 0.116626
vt -0.201086 0.129564
vt -0.211631 0.063402
vt -0.146639 0.030350
vt -0.077534 0.081445
vt 0.128488 0.091262
vt 0.221501 0.098960
vt 0.199589 0.092613
vt 0.158660 0.088282
vt 0.076659 0.082994
vt -0.128631 0.093353
vt -0.220765 0.101852
vt -0.199666 0.095607
vt -0.159575 0.087589
vt -0.193866 0.108643
vt -0.214127 0.106377
vt -0.211394 0.073212
vt 0.039778 0.039471
vt 0.161253 0.092516
vt 0.195743 0.105229
vt 0.215251 0.107238
vt 0.213263 0.075319
vt -0.042297 0.044752
vt -0.161019 0.097708
vt 0.179635 0.147279
vt 0.180020 0.146795
vt 0.180047 0.146178
vt 0.179126 0.145446
vt 0.178531 0.145611
vt 0.178146 0.146095
vt 0.178461 0.147228
vt 0.129337 0.082023
vt 0.128796 0.081724
vt 0.128183 0.081801
vt 0.127616 0.082831
vt 0.127878 0.083390
vt 0.128419 0.083689
vt 0.129484 0.083189
vt -0.007438 0.006291
vt 0.222853 0.090581
vt 0.209239 0.111731
vt 0.191556 0.112384
vt 0.161503 0.099154
vt 0.003161 0.005271
vt -0.220907 0.091584
vt -0.207721 0.114436
vt -0.192090 0.113553
vt -0.163852 0.101668
vt -0.142160 0.133613
vt 0.208507 0.121076
vt -0.190509 0.131923
vt -0.182502 0.134053
vt -0.173520 0.135689
vt 0.140481 0.132697
vt -0.206747 0.121691
vt -0.190396 0.130702
vt -0.182431 0.136039
vt -0.174589 0.137365
vt -0.047595 0.134640
vt 0.220054 0.047317
vt 0.190165 0.144883
vt 0.170982 0.153308
vt 0.150130 0.156885
vt 0.073966 0.138097
vt -0.212846 0.024219
vt -0.197036 0.139049
vt -0.157517 0.171900
vt -0.117273 0.177816
vt -0.123134 0.152615
vt 0.192698 -0.019084
vt 0.183588 0.151961
vt 0.164973 0.158639
vt 0.154593 0.156355
vt 0.134880 0.149644
vt -0.210382 0.010795
vt -0.183116 0.147845
vt -0.168198 0.154802
vt -0.152930 0.159063
vt -0.101753 0.143031
vt -0.004553 -0.022545
vt 0.185781 0.155170
vt 0.146762 0.170037
vt 0.139649 0.156519
vt 0.134310 0.141832
vt 0.070441 0.041744
vt -0.177894 0.153220
vt -0.155631 0.159635
vt -0.133159 0.161415
vt 0.155403 0.064270
vt 0.191425 -0.021791
vt 0.210601 0.098142
vt -0.038457 0.236053
vt -0.113504 0.173346
vt -0.154216 0.063156
vt -0.197472 -0.012107
vt -0.203193 0.115780
vt 0.025762 0.238337
vt 0.115619 0.174148
vt 0.169819 0.064040
vt 0.185146 -0.027024
vt 0.221918 0.028273
vt -0.122305 0.205864
vt -0.153713 0.153089
vt -0.168561 0.063252
vt -0.186518 -0.024106
vt -0.219144 0.046382
vt 0.118342 0.209680
vt 0.155181 0.153970
vt 0.161410 0.064085
vt 0.142469 -0.056064
vt 0.006373 -0.198301
vt -0.197146 0.132153
vt -0.175877 0.140215
vt -0.162884 0.063254
vt -0.143704 -0.057074
vt -0.005758 -0.199783
vt 0.196078 0.132839
vt 0.174462 0.141063
vt 0.179739 0.067555
vt 0.158217 -0.045656
vt -0.007883 -0.194906
vt -0.210133 0.099136
vt -0.194351 0.126169
vt -0.181488 0.066809
vt -0.159731 -0.046518
vt 0.010794 -0.196038
vt 0.212520 0.097683
vt 0.193225 0.127103
vt 0.215916 0.087162
vt 0.214925 0.046272
vt 0.204333 -0.060065
vt -0.216187 0.064926
vt -0.215624 0.094209
vt -0.216993 0.087307
vt -0.216790 0.050229
vt -0.207963 -0.054873
vt 0.218656 0.063561
vt 0.218103 0.094982
vt 0.215858 0.094107
vt 0.214382 0.090088
vt 0.195159 0.113177
vt -0.213532 0.073083
vt -0.215009 0.086722
vt -0.216023 0.093881
vt -0.214773 0.091713
vt -0.195625 0.116026
vt 0.215946 0.072461
vt 0.217738 0.087291
vt 0.208120 0.082977
vt 0.208241 0.031602
vt 0.210516 -0.025326
vt -0.206481 0.095399
vt -0.207090 0.106146
vt -0.209012 0.082403
vt -0.209646 0.031745
vt -0.212429 -0.024416
vt 0.208807 0.095053
vt 0.209459 0.106510
vt 0.213304 0.088559
vt 0.212847 0.077369
vt 0.181047 0.136389
vt -0.177716 0.146717
vt -0.205792 0.105570
vt -0.211060 0.087679
vt -0.213666 0.078569
vt -0.181628 0.138355
vt 0.179425 0.147716
vt 0.208133 0.106307
vt 0.208561 0.084998
vt 0.212144 0.085741
vt 0.162341 0.163567
vt -0.086560 0.212093
vt -0.184127 0.127004
vt -0.206743 0.083863
vt -0.210099 0.085699
vt -0.162770 0.164716
vt 0.085578 0.214101
vt 0.185743 0.128338
vt 0.203576 0.081888
vt 0.207189 0.043985
vt 0.196346 0.093663
vt -0.175417 0.144956
vt -0.194956 0.115504
vt -0.201357 0.080881
vt -0.208378 0.043658
vt -0.197601 0.094869
vt 0.177314 0.145641
vt 0.197309 0.115988
vt 0.090035 0.207676
vt -0.166416 0.152735
vt -0.209467 0.068306
vt -0.199744 0.080745
vt -0.175908 0.132212
vt -0.092174 0.209036
vt 0.168277 0.153970
vt 0.209205 0.067165
vt 0.199268 0.079735
vt 0.175010 0.130834
vt -0.129600 0.082582
vt -0.129484 0.083189
vt -0.129033 0.083612
vt -0.127878 0.083390
vt -0.127616 0.082831
vt -0.127732 0.082224
vt -0.128796 0.081724
vt 0.139707 0.060382
vt 0.139172 0.060073
vt 0.138557 0.060138
vt 0.137970 0.061157
vt 0.138222 0.061721
vt 0.138757 0.062030
vt 0.139831 0.061551
vt 0.200292 0.081399
vt 0.208938 0.068908
vt 0.167255 0.150228
vt -0.096610 0.203781
vt -0.176419 0.128282
vt -0.198355 0.080134
vt -0.207259 0.068071
vt -0.167901 0.151440
vt 0.096172 0.205707
vt 0.178200 0.129388
vt 0.207435 0.088740
vt 0.204354 0.091104
vt 0.164125 0.152553
vt -0.137619 0.177564
vt -0.196812 0.106583
vt -0.204954 0.087208
vt -0.205342 0.090081
vt -0.165537 0.152849
vt 0.138521 0.179294
vt 0.199381 0.107168
vt 0.192815 0.078669
vt 0.197604 0.029092
vt 0.200637 0.056057
vt -0.173745 0.137580
vt -0.186951 0.116287
vt -0.193587 0.077988
vt -0.198914 0.028559
vt -0.202243 0.056917
vt 0.176135 0.137706
vt 0.189510 0.116602
vt 0.192889 0.079049
vt 0.199497 0.040723
vt 0.186063 0.103054
vt -0.148126 0.164850
vt -0.180396 0.120738
vt -0.190859 0.078011
vt -0.200776 0.040786
vt -0.187196 0.104413
vt 0.149826 0.165812
vt 0.182615 0.121424
vt 0.200070 0.084972
vt 0.201991 0.072811
vt 0.170003 0.135377
vt -0.136919 0.172570
vt -0.187049 0.112407
vt -0.197738 0.083686
vt -0.203057 0.072916
vt -0.171172 0.136474
vt 0.138329 0.174034
vt 0.189519 0.113203
vt 0.202315 0.089524
vt 0.196611 0.097203
vt 0.160091 0.149100
vt -0.145224 0.163231
vt -0.196109 0.096181
vt -0.199759 0.088060
vt -0.197441 0.096835
vt -0.161436 0.149620
vt 0.146775 0.164677
vt 0.198832 0.096773
vt 0.197300 0.084601
vt 0.198969 0.076682
vt 0.164871 0.139074
vt -0.118364 0.182168
vt -0.181765 0.113743
vt -0.194745 0.083012
vt -0.199992 0.075743
vt -0.166225 0.139654
vt 0.119354 0.183853
vt 0.184453 0.114337
vt 0.173210 0.071158
vt 0.187478 0.021222
vt 0.180760 0.101608
vt -0.105971 0.187995
vt -0.153299 0.132193
vt -0.171257 0.070006
vt -0.188797 0.021026
vt -0.181872 0.102877
vt 0.106991 0.189373
vt 0.155209 0.133101
vt 0.193193 0.083228
vt 0.196315 0.068435
vt 0.168312 0.127628
vt -0.127052 0.172704
vt -0.178969 0.112889
vt -0.190788 0.081828
vt -0.197398 0.068148
vt -0.169598 0.128568
vt 0.128654 0.174045
vt 0.181609 0.113545
vt 0.195417 0.085852
vt 0.194473 0.082054
vt 0.163635 0.134033
vt -0.134413 0.165019
vt -0.185101 0.103617
vt -0.193065 0.084474
vt -0.195349 0.081790
vt -0.164926 0.134707
vt 0.136092 0.166256
vt 0.187674 0.104289
vt 0.193112 0.084793
vt 0.193582 0.073711
vt 0.167968 0.122227
vt -0.147649 0.150617
vt -0.183487 0.103449
vt -0.190594 0.083381
vt -0.194616 0.072971
vt -0.169389 0.122965
vt 0.150060 0.151179
vt 0.186402 0.103667
vt 0.184383 0.080463
vt 0.189998 0.050261
vt 0.176381 0.097710
vt -0.147472 0.148720
vt -0.175290 0.111062
vt -0.185052 0.079879
vt -0.191266 0.050037
vt -0.177847 0.098719
vt 0.150065 0.149061
vt 0.177994 0.111535
vt 0.174279 0.075840
vt 0.172029 0.004120
vt 0.150500 -0.106166
vt -0.176843 0.103753
vt -0.176088 0.110306
vt -0.175076 0.074913
vt -0.173561 0.003416
vt -0.150561 -0.109405
vt 0.179907 0.102497
vt 0.175896 0.110420
vt 0.166962 0.073409
vt 0.127314 -0.046646
vt -0.090173 -0.130044
vt -0.188671 0.049507
vt -0.182455 0.100517
vt -0.167660 0.071995
vt -0.129203 -0.047803
vt 0.091002 -0.132034
vt 0.191175 0.047250
vt 0.182596 0.100793
vt 0.187077 0.086371
vt 0.181517 0.035121
vt -0.036292 -0.166212
vt -0.186342 0.041295
vt -0.188437 0.081772
vt -0.187293 0.084989
vt -0.182618 0.033200
vt 0.036994 -0.168439
vt 0.188919 0.039317
vt 0.188487 0.081232
vt 0.184273 0.035117
vt 0.065273 -0.152537
vt -0.180176 0.037629
vt -0.184928 0.086777
vt -0.185721 0.079582
vt -0.185605 0.037477
vt -0.064054 -0.155193
vt 0.182441 0.037090
vt 0.187932 0.086333
vt 0.188432 0.077238
vt -0.139959 0.060947
vt -0.139831 0.061552
vt -0.139372 0.061966
vt -0.138222 0.061722
vt -0.137970 0.061158
vt -0.138098 0.060553
vt -0.139172 0.060074
vt 0.118093 0.027114
vt 0.117557 0.026807
vt 0.116942 0.026874
vt 0.116359 0.027895
vt 0.116612 0.028458
vt 0.117149 0.028765
vt 0.118221 0.028283
vt 0.180188 0.083515
vt 0.180962 0.096002
vt 0.180477 -0.027198
vt -0.176533 0.027525
vt -0.177617 0.063332
vt -0.179875 0.082073
vt -0.181318 0.095379
vt -0.180571 -0.036356
vt 0.178723 0.026061
vt 0.180823 0.063232
vt 0.171489 0.077567
vt 0.172559 0.099287
vt 0.183108 0.019546
vt -0.167667 0.023428
vt -0.168593 0.057139
vt -0.170616 0.075864
vt -0.172069 0.097233
vt -0.185163 0.012257
vt 0.169365 0.022552
vt 0.171746 0.056991
vt 0.170246 0.076069
vt 0.165432 0.095569
vt 0.146976 0.136725
vt -0.180749 0.040573
vt -0.172195 0.057915
vt -0.169320 0.074698
vt -0.164904 0.093118
vt -0.148287 0.135806
vt 0.183049 0.037914
vt 0.175463 0.058385
vt 0.176001 0.080687
vt 0.172480 0.098033
vt 0.153213 0.126775
vt -0.179991 0.048172
vt -0.176697 0.063386
vt -0.175715 0.079484
vt -0.172641 0.096834
vt -0.154711 0.127564
vt 0.182700 0.045558
vt 0.179787 0.063700
vt 0.165199 0.071340
vt 0.161675 0.093026
vt 0.145840 0.135563
vt -0.172554 0.022417
vt -0.165654 0.051589
vt -0.164084 0.069653
vt -0.161122 0.090255
vt -0.147165 0.135401
vt 0.174584 0.020932
vt 0.169122 0.052032
vt 0.163446 0.069703
vt 0.159348 0.091283
vt 0.142469 0.136193
vt -0.173477 0.025569
vt -0.165384 0.050756
vt -0.163346 0.068799
vt -0.159603 0.089200
vt -0.144049 0.135611
vt 0.175459 0.023381
vt 0.168204 0.050782
vt 0.171858 0.077821
vt 0.166205 0.095947
vt 0.142871 0.134503
vt -0.170265 0.081013
vt -0.174173 0.063945
vt -0.171946 0.077087
vt -0.166791 0.094708
vt -0.144518 0.134486
vt 0.173649 0.078986
vt 0.177098 0.064219
vt 0.174184 0.081861
vt 0.169254 0.094815
vt 0.143392 0.131518
vt -0.152345 0.115107
vt -0.174236 0.075382
vt -0.174462 0.081144
vt -0.169990 0.094099
vt -0.145047 0.131969
vt 0.156128 0.113991
vt 0.177225 0.075946
vt 0.171434 0.079029
vt 0.165820 0.094481
vt 0.140710 0.132211
vt -0.155526 0.106601
vt -0.172657 0.070064
vt -0.171744 0.078445
vt -0.166722 0.093520
vt -0.142491 0.132346
vt 0.158807 0.106099
vt 0.175642 0.070563
vt 0.170339 0.078733
vt 0.165262 0.093714
vt 0.140618 0.130072
vt -0.158117 0.098377
vt -0.171235 0.069155
vt -0.170474 0.077926
vt -0.165949 0.092731
vt -0.142269 0.130332
vt 0.161515 0.097224
vt 0.174134 0.069702
vt 0.170829 0.081690
vt 0.166522 0.091753
vt 0.139820 0.128643
vt -0.134950 0.130685
vt -0.169084 0.080418
vt -0.171106 0.081001
vt -0.167284 0.091141
vt -0.141381 0.129092
vt 0.138424 0.130331
vt 0.171880 0.081054
vt 0.168993 0.080202
vt 0.164683 0.091302
vt 0.139053 0.126859
vt -0.143383 0.117089
vt -0.168050 0.076445
vt -0.169495 0.079701
vt -0.165838 0.090512
vt -0.140910 0.127265
vt 0.146573 0.117153
vt 0.171056 0.076957
vt 0.168173 0.082970
vt 0.166161 0.086306
vt 0.140557 0.121190
vt -0.131410 0.129895
vt -0.164190 0.086267
vt -0.168642 0.082246
vt -0.167097 0.086121
vt -0.142138 0.121970
vt 0.135364 0.129058
vt 0.166980 0.086885
vt 0.166658 0.082968
vt 0.165201 0.084526
vt 0.140145 0.118787
vt -0.129771 0.129484
vt -0.162084 0.087650
vt -0.167135 0.082342
vt -0.166315 0.083980
vt -0.141823 0.119412
vt 0.132719 0.129816
vt 0.164817 0.088351
vt 0.163516 0.083628
vt 0.164178 0.081163
vt 0.136625 0.121986
vt -0.087600 0.161118
vt -0.152444 0.101219
vt -0.164458 0.083284
vt -0.165511 0.081263
vt -0.138318 0.122950
vt 0.089734 0.162817
vt 0.155014 0.102661
vt 0.091802 0.157301
vt -0.131428 0.125064
vt -0.158368 0.087035
vt -0.163943 0.079778
vt -0.159958 0.088579
vt -0.091003 0.159616
vt 0.133403 0.126646
vt 0.161002 0.088396
vt 0.163991 0.078854
vt 0.160177 0.086414
vt -0.118347 0.027678
vt -0.118221 0.028283
vt -0.117763 0.028698
vt -0.116612 0.028458
vt -0.116359 0.027895
vt -0.116485 0.027290
vt -0.117556 0.026807
vt 0.112064 0.030809
vt 0.111527 0.030504
vt 0.110913 0.030573
vt 0.110332 0.031595
vt 0.110588 0.032158
vt 0.111126 0.032463
vt 0.112196 0.031977
vt 0.160806 0.082363
vt 0.161318 0.079251
vt 0.135517 0.117367
vt -0.099207 0.149984
vt -0.151659 0.096711
vt -0.161594 0.081918
vt -0.162663 0.079110
vt -0.137237 0.118299
vt 0.102292 0.150909
vt 0.154541 0.097608
vt 0.160591 0.078762
vt 0.158857 0.082770
vt 0.138127 0.107286
vt -0.147461 0.090742
vt -0.158643 0.074765
vt -0.161243 0.078038
vt -0.160286 0.081940
vt -0.140175 0.107970
vt 0.150370 0.091290
vt 0.161669 0.075536
vt 0.159119 0.078977
vt 0.158163 0.079193
vt 0.142580 0.091115
vt -0.153251 0.071611
vt -0.157501 0.072263
vt -0.159637 0.078121
vt -0.159505 0.078240
vt -0.144588 0.091783
vt 0.156115 0.071774
vt 0.160417 0.072829
vt 0.153244 0.082049
vt 0.153436 0.043270
vt 0.156488 0.001007
vt -0.150698 0.074946
vt -0.153399 0.087043
vt -0.154215 0.081090
vt -0.155157 0.042969
vt -0.158445 -0.004158
vt 0.153961 0.073621
vt 0.153173 0.087567
vt 0.146227 0.079899
vt 0.147353 0.027485
vt 0.154807 -0.002279
vt -0.141155 0.093670
vt -0.145601 0.097986
vt -0.147213 0.078940
vt -0.149218 0.026984
vt -0.157202 -0.002070
vt 0.144304 0.093324
vt 0.145328 0.098239
vt 0.137885 0.075539
vt 0.144457 0.023106
vt 0.149389 0.052518
vt -0.113950 0.128384
vt -0.132244 0.109792
vt -0.139118 0.074909
vt -0.146245 0.022864
vt -0.151504 0.052546
vt 0.117043 0.128539
vt 0.131698 0.110191
vt 0.120295 0.063858
vt 0.120509 -0.018743
vt 0.126211 -0.078369
vt -0.120166 0.121859
vt -0.121282 0.115329
vt -0.122165 0.063169
vt -0.123282 -0.018692
vt -0.130572 -0.076117
vt 0.119422 0.122216
vt 0.120203 0.115959
vt 0.096986 0.047788
vt 0.065399 -0.062500
vt -0.077489 -0.108906
vt -0.141205 0.087808
vt -0.117705 0.116032
vt -0.099089 0.047023
vt -0.068240 -0.063449
vt 0.077121 -0.111847
vt 0.141117 0.088649
vt 0.116713 0.117153
vt 0.026654 0.011363
vt -0.027871 -0.060128
vt -0.101366 -0.062690
vt -0.148643 0.063669
vt -0.084827 0.121578
vt -0.027405 0.009738
vt 0.025631 -0.062248
vt 0.101760 -0.064715
vt 0.148115 0.069408
vt 0.083055 0.122838
vt -0.030153 0.004891
vt -0.055232 -0.039238
vt -0.099262 -0.057150
vt -0.108688 0.129878
vt 0.001839 0.086776
vt 0.033182 0.003951
vt 0.057363 -0.038434
vt 0.099910 -0.060418
vt 0.101269 0.137861
vt 0.001630 0.091144
s 1
usemtl mat22
f 688/2403/656 686/2404/657 689/2405/658
f 691/2406/659 687/2407/660 688/2408/661
f 693/2409/662 690/2410/663 691/2411/664
f 695/2412/665 692/2413/666 693/2414/667
f 695/2415/668 696/2416/669 694/2417/670
f 697/2418/671 698/2419/672 696/2420/673
f 699/2421/674 700/2422/675 698/2423/676
f 701/2424/677 702/2425/678 700/2426/679
f 703/2427/680 704/2428/681 702/2429/682
f 689/2430/683 704/2431/684 705/2432/685
f 699/2433/686 691/2434/687 689/2435/687
f 712/2436/688 708/2437/689 706/2438/690
f 717/2439/691 702/2440/692 704/2441/693
f 716/2442/694 700/2443/694 702/2444/694
f 718/2445/695 698/2446/696 700/2447/697
f 719/2448/698 696/2449/699 698/2450/700
f 721/2451/701 696/2452/702 720/2453/703
f 722/2454/704 694/2455/705 721/2456/706
f 723/2457/707 692/2458/707 722/2459/707
f 724/2460/708 690/2461/709 723/2462/710
f 725/2463/711 687/2464/712 724/2465/713
f 725/2466/714 704/2467/715 686/2468/716
f 726/2469/717 717/2470/718 727/2471/719
f 728/2472/720 716/2473/721 726/2474/722
f 728/2475/723 719/2476/724 718/2477/725
f 729/2478/726 720/2479/727 719/2480/728
f 730/2481/729 721/2482/730 720/2483/731
f 731/2484/732 722/2485/733 721/2486/734
f 732/2487/735 723/2488/736 722/2489/737
f 734/2490/738 723/2491/739 733/2492/740
f 735/2493/741 724/2494/742 734/2495/743
f 727/2496/744 725/2497/745 735/2498/746
f 736/2499/747 727/2500/748 737/2501/749
f 736/2502/750 728/2503/751 726/2504/752
f 738/2505/753 729/2506/754 728/2507/755
f 739/2508/756 730/2509/757 729/2510/758
f 740/2511/759 731/2512/760 730/2513/761
f 741/2514/762 732/2515/763 731/2516/764
f 743/2517/765 732/2518/766 742/2519/767
f 744/2520/768 733/2521/769 743/2522/770
f 745/2523/771 734/2524/772 744/2525/773
f 737/2526/774 735/2527/775 745/2528/776
f 746/2529/777 737/2530/778 747/2531/779
f 746/2532/780 738/2533/781 736/2534/782
f 748/2535/783 739/2536/784 738/2537/785
f 749/2538/786 740/2539/787 739/2540/788
f 750/2541/789 741/2542/790 740/2543/791
f 751/2544/792 742/2545/793 741/2546/794
f 753/2547/795 742/2548/796 752/2549/797
f 754/2550/798 743/2551/799 753/2552/800
f 755/2553/801 744/2554/802 754/2555/803
f 747/2556/804 745/2557/805 755/2558/806
f 756/2559/807 747/2560/808 757/2561/809
f 756/2562/810 748/2563/811 746/2564/812
f 758/2565/813 749/2566/814 748/2567/815
f 759/2568/816 750/2569/817 749/2570/818
f 760/2571/819 751/2572/820 750/2573/821
f 761/2574/822 752/2575/823 751/2576/824
f 763/2577/825 752/2578/826 762/2579/827
f 764/2580/828 753/2581/829 763/2582/830
f 765/2583/831 754/2584/832 764/2585/833
f 757/2586/834 755/2587/835 765/2588/836
f 766/2589/837 757/2590/838 767/2591/839
f 766/2592/840 758/2593/841 756/2594/842
f 768/2595/843 759/2596/844 758/2597/845
f 769/2598/846 760/2599/847 759/2600/848
f 770/2601/849 761/2602/850 760/2603/851
f 771/2604/852 762/2605/853 761/2606/854
f 773/2607/855 762/2608/856 772/2609/857
f 774/2610/858 763/2611/859 773/2612/860
f 775/2613/861 764/2614/862 774/2615/863
f 767/2616/864 765/2617/865 775/2618/866
f 776/2619/867 767/2620/868 777/2621/869
f 776/2622/870 768/2623/871 766/2624/872
f 778/2625/873 769/2626/874 768/2627/875
f 779/2628/876 770/2629/877 769/2630/878
f 780/2631/879 771/2632/880 770/2633/881
f 781/2634/882 772/2635/883 771/2636/884
f 783/2637/885 772/2638/886 782/2639/887
f 784/2640/888 773/2641/889 783/2642/890
f 785/2643/891 774/2644/892 784/2645/893
f 777/2646/894 775/2647/895 785/2648/896
f 786/2649/897 777/2650/898 787/2651/899
f 786/2652/900 778/2653/901 776/2654/902
f 788/2655/903 779/2656/904 778/2657/905
f 789/2658/906 780/2659/907 779/2660/908
f 790/2661/909 781/2662/910 780/2663/911
f 791/2664/912 782/2665/913 781/2666/914
f 793/2667/915 782/2668/916 792/2669/917
f 794/2670/918 783/2671/919 793/2672/920
f 795/2673/921 784/2674/922 794/2675/923
f 787/2676/924 785/2677/925 795/2678/926
f 796/2679/927 787/2680/928 797/2681/929
f 796/2682/930 788/2683/931 786/2684/932
f 798/2685/933 789/2686/934 788/2687/935
f 799/2688/936 790/2689/937 789/2690/938
f 800/2691/939 791/2692/940 790/2693/941
f 801/2694/942 792/2695/943 791/2696/944
f 803/2697/945 792/2698/946 802/2699/947
f 804/2700/948 793/2701/949 803/2702/950
f 805/2703/951 794/2704/952 804/2705/953
f 797/2706/954 795/2707/955 805/2708/956
f 806/2709/957 797/2710/958 807/2711/959
f 806/2712/960 798/2713/961 796/2714/962
f 808/2715/963 799/2716/964 798/2717/965
f 809/2718/966 800/2719/967 799/2720/968
f 810/2721/969 801/2722/970 800/2723/971
f 811/2724/972 802/2725/973 801/2726/974
f 813/2727/975 802/2728/976 812/2729/977
f 814/2730/978 803/2731/979 813/2732/980
f 815/2733/981 804/2734/982 814/2735/983
f 807/2736/984 805/2737/985 815/2738/986
f 816/2739/987 807/2740/988 817/2741/989
f 818/2742/990 806/2743/991 816/2744/992
f 818/2745/993 809/2746/994 808/2747/995
f 819/2748/996 810/2749/997 809/2750/998
f 820/2751/999 811/2752/1000 810/2753/1001
f 821/2754/1002 812/2755/1003 811/2756/1004
f 822/2757/1005 813/2758/1006 812/2759/1007
f 824/2760/1008 813/2761/1009 823/2762/1010
f 825/2763/1011 814/2764/1012 824/2765/1013
f 817/2766/1014 815/2767/1015 825/2768/1016
f 826/2769/1017 817/2770/1018 827/2771/1019
f 828/2772/1020 816/2773/1021 826/2774/1022
f 828/2775/1023 819/2776/1024 818/2777/1025
f 829/2778/1026 820/2779/1027 819/2780/1028
f 830/2781/1029 821/2782/1030 820/2783/1031
f 831/2784/1032 822/2785/1033 821/2786/1034
f 832/2787/1035 823/2788/1036 822/2789/1037
f 834/2790/1038 823/2791/1039 833/2792/1040
f 835/2793/1041 824/2794/1042 834/2795/1043
f 827/2796/1044 825/2797/1045 835/2798/1046
f 836/2799/1047 827/2800/1019 837/2801/1048
f 838/2802/1049 826/2803/1050 836/2804/1051
f 838/2805/1052 829/2806/1053 828/2807/1054
f 839/2808/1055 830/2809/1056 829/2810/1057
f 840/2811/1058 831/2812/1059 830/2813/1060
f 841/2814/1061 832/2815/1062 831/2816/1032
f 842/2817/1063 833/2818/1064 832/2819/1065
f 844/2820/1066 833/2821/1067 843/2822/1068
f 845/2823/1069 834/2824/1070 844/2825/1071
f 837/2826/1072 835/2827/1073 845/2828/1074
f 846/2829/1075 837/2830/1076 847/2831/1077
f 848/2832/1078 836/2833/1079 846/2834/1080
f 848/2835/1081 839/2836/1082 838/2837/1083
f 849/2838/1084 840/2839/1085 839/2840/1086
f 850/2841/1087 841/2842/1088 840/2843/1089
f 851/2844/1090 842/2845/1091 841/2846/1092
f 852/2847/1093 843/2848/1094 842/2849/1095
f 854/2850/1096 843/2851/1097 853/2852/1098
f 855/2853/1099 844/2854/1100 854/2855/1101
f 847/2856/1102 845/2857/1103 855/2858/1104
f 707/2859/1105 847/2860/1106 706/2861/1107
f 708/2862/1108 846/2863/1109 707/2864/1110
f 708/2865/1111 849/2866/1112 848/2867/1113
f 709/2868/1114 850/2869/1115 849/2870/1116
f 710/2871/1117 851/2872/1118 850/2873/1119
f 711/2874/1120 852/2875/1121 851/2876/1122
f 712/2877/1123 853/2878/1124 852/2879/1125
f 714/2880/1126 853/2881/1127 713/2882/1128
f 715/2883/1129 854/2884/1130 714/2885/1131
f 706/2886/1132 855/2887/1133 715/2888/1134
f 858/2889/1135 856/2890/1136 859/2891/1137
f 861/2892/1138 857/2893/1139 858/2894/1140
f 861/2895/1141 862/2896/1142 860/2897/1143
f 863/2898/1144 864/2899/1145 862/2900/1146
f 865/2901/1147 866/2902/1148 864/2903/1148
f 867/2904/1149 868/2905/1150 866/2906/1151
f 869/2907/1152 870/2908/1153 868/2909/1154
f 873/2910/1155 870/2911/1156 871/2912/1157
f 875/2913/1158 872/2914/1159 873/2915/1160
f 859/2916/1161 874/2917/1161 875/2918/1161
f 869/2919/1162 861/2920/1163 859/2921/1162
f 882/2922/1164 878/2923/1165 876/2924/1164
f 886/2925/1166 874/2926/1167 887/2927/1168
f 888/2928/1169 872/2929/1170 886/2930/1171
f 888/2931/1172 868/2932/1173 870/2933/1174
f 889/2934/1175 866/2935/1176 868/2936/1177
f 890/2937/1178 864/2938/1179 866/2939/1180
f 891/2940/1181 862/2941/1182 864/2942/1183
f 892/2943/1184 860/2944/1185 862/2945/1186
f 894/2946/1187 860/2947/1188 893/2948/1189
f 895/2949/1190 857/2950/1191 894/2951/1192
f 887/2952/1193 856/2953/1194 895/2954/1195
f 896/2955/1196 887/2956/1197 897/2957/1198
f 896/2958/1199 888/2959/1200 886/2960/1201
f 898/2961/1202 889/2962/1203 888/2963/1204
f 899/2964/1205 890/2965/1206 889/2966/1207
f 900/2967/1208 891/2968/1209 890/2969/1210
f 901/2970/1211 892/2971/1212 891/2972/1213
f 903/2973/1214 892/2974/1215 902/2975/1216
f 904/2976/1217 893/2977/1218 903/2978/1219
f 905/2979/1220 894/2980/1221 904/2981/1222
f 897/2982/1223 895/2983/1224 905/2984/1223
f 906/2985/1225 897/2986/1226 907/2987/1227
f 908/2988/1228 896/2989/1229 906/2990/1230
f 908/2991/1231 899/2992/1232 898/2993/1233
f 909/2994/1234 900/2995/1235 899/2996/1236
f 910/2997/1237 901/2998/1238 900/2999/1239
f 911/3000/1240 902/3001/1241 901/3002/1242
f 912/3003/1243 903/3004/1244 902/3005/1245
f 914/3006/1246 903/3007/1247 913/3008/1248
f 915/3009/1249 904/3010/1250 914/3011/1251
f 907/3012/1252 905/3013/1253 915/3014/1254
f 916/3015/1255 907/3016/1256 917/3017/1257
f 918/3018/1258 906/3019/1259 916/3020/1260
f 918/3021/1261 909/3022/1262 908/3023/1263
f 919/3024/1264 910/3025/1265 909/3026/1266
f 920/3027/1267 911/3028/1268 910/3029/1269
f 921/3030/1270 912/3031/1271 911/3032/1272
f 922/3033/1273 913/3034/1274 912/3035/1275
f 924/3036/1276 913/3037/1277 923/3038/1278
f 925/3039/1279 914/3040/1280 924/3041/1281
f 917/3042/1282 915/3043/1283 925/3044/1284
f 926/3045/1285 917/3046/1286 927/3047/1287
f 926/3048/1288 918/3049/1289 916/3050/1290
f 928/3051/1291 919/3052/1292 918/3053/1293
f 929/3054/1294 920/3055/1295 919/3056/1296
f 930/3057/1297 921/3058/1298 920/3059/1299
f 931/3060/1300 922/3061/1301 921/3062/1302
f 933/3063/1303 922/3064/1304 932/3065/1305
f 934/3066/1306 923/3067/1307 933/3068/1308
f 935/3069/1309 924/3070/1310 934/3071/1311
f 927/3072/1312 925/3073/1313 935/3074/1314
f 936/3075/1315 927/3076/1316 937/3077/1317
f 936/3078/1318 928/3079/1319 926/3080/1320
f 938/3081/1321 929/3082/1322 928/3083/1323
f 939/3084/1324 930/3085/1325 929/3086/1325
f 940/3087/1326 931/3088/1327 930/3089/1328
f 941/3090/1329 932/3091/1330 931/3092/1331
f 943/3093/1332 932/3094/1333 942/3095/1334
f 944/3096/1335 933/3097/1336 943/3098/1337
f 945/3099/1338 934/3100/1339 944/3101/1338
f 937/3102/1340 935/3103/1341 945/3104/1342
f 946/3105/1343 937/3106/1344 947/3107/1345
f 946/3108/1346 938/3109/1347 936/3110/1348
f 948/3111/1349 939/3112/1350 938/3113/1351
f 949/3114/1352 940/3115/1353 939/3116/1354
f 950/3117/1355 941/3118/1356 940/3119/1357
f 951/3120/1358 942/3121/1359 941/3122/1360
f 953/3123/1361 942/3124/1362 952/3125/1363
f 954/3126/1364 943/3127/1365 953/3128/1366
f 955/3129/1367 944/3130/1368 954/3131/1369
f 947/3132/1370 945/3133/1371 955/3134/1372
f 956/3135/1373 947/3136/1345 957/3137/1374
f 958/3138/1375 946/3139/1376 956/3140/1377
f 958/3141/1378 949/3142/1379 948/3143/1380
f 959/3144/1381 950/3145/1382 949/3146/1383
f 960/3147/1384 951/3148/1385 950/3149/1385
f 961/3150/1386 952/3151/1387 951/3152/1358
f 962/3153/1388 953/3154/1389 952/3155/1390
f 964/3156/1391 953/3157/1392 963/3158/1393
f 965/3159/1394 954/3160/1395 964/3161/1396
f 957/3162/1397 955/3163/1398 965/3164/1399
f 967/3165/1400 956/3166/1401 957/3167/1402
f 966/3168/1403 958/3169/1404 956/3170/1404
f 969/3171/1405 958/3172/1406 968/3173/1405
f 969/3174/1407 960/3175/1407 959/3176/1408
f 970/3177/1409 961/3178/1410 960/3179/1410
f 971/3180/1411 962/3181/1412 961/3182/1413
f 973/3183/1414 962/3184/1414 972/3185/1414
f 974/3186/1405 963/3187/1405 973/3188/1405
f 974/3189/1415 965/3189/1416 964/3189/1417
f 975/3190/1418 957/3191/1419 965/3192/1420
f 977/3193/1421 966/3194/1422 967/3195/1423
f 976/3196/1424 968/3197/1425 966/3198/1426
f 979/3199/1427 968/3200/1428 978/3201/1429
f 980/3202/1430 969/3203/1431 979/3204/1432
f 981/3205/1433 970/3206/1434 980/3207/1435
f 982/3208/1436 971/3209/1437 981/3210/1438
f 983/3211/1439 972/3212/1440 982/3213/1441
f 983/3214/1442 974/3215/1443 973/3216/1444
f 984/3217/1445 975/3218/1446 974/3219/1447
f 985/3220/1448 967/3221/1449 975/3222/1450
f 987/3223/1451 976/3224/1452 977/3225/1453
f 988/3226/1454 976/3227/1455 986/3228/1454
f 989/3229/1456 978/3230/1456 988/3231/1457
f 989/3232/1458 980/3233/1459 979/3234/1460
f 990/3235/1461 981/3236/1462 980/3237/1463
f 991/3238/1452 982/3239/1452 981/3240/1452
f 993/3241/1454 982/3242/1464 992/3243/1454
f 993/3244/1456 984/3245/1456 983/3246/1456
f 995/3247/1465 984/3248/1465 994/3249/1465
f 995/3250/1466 977/3251/1467 985/3252/1467
f 997/3253/1468 986/3254/1469 987/3255/1470
f 996/3256/1471 988/3257/1472 986/3258/1473
f 998/3259/1474 989/3260/1475 988/3261/1476
f 999/3262/1477 990/3263/1478 989/3264/1479
f 1001/3265/1480 990/3266/1481 1000/3267/1482
f 1001/3268/1483 992/3269/1484 991/3270/1485
f 1003/3271/1486 992/3272/1487 1002/3273/1488
f 1004/3274/1489 993/3275/1490 1003/3276/1491
f 1005/3277/1492 994/3278/1493 1004/3279/1494
f 1005/3280/1495 987/3281/1496 995/3282/1497
f 1007/3283/1498 996/3284/1499 997/3285/1500
f 1008/3286/1501 996/3287/1502 1006/3288/1501
f 1008/3289/1503 999/3290/1503 998/3291/1503
f 1009/3292/1504 1000/3293/1505 999/3294/1506
f 1010/3295/1507 1001/3296/1508 1000/3297/1509
f 1011/3298/1510 1002/3299/1510 1001/3300/1510
f 1012/3301/1501 1003/3302/1511 1002/3303/1511
f 1014/3304/1503 1003/3305/1503 1013/3306/1503
f 1014/3307/1512 1005/3308/1513 1004/3309/1513
f 1015/3310/1514 997/3311/1514 1005/3312/1514
f 1016/3313/1515 1007/3314/1516 1017/3315/1517
f 1018/3316/1518 1006/3317/1519 1016/3318/1520
f 1018/3319/1521 1009/3320/1522 1008/3321/1523
f 1019/3322/1524 1010/3323/1525 1009/3324/1526
f 1020/3325/1527 1011/3326/1528 1010/3327/1529
f 1021/3328/1530 1012/3329/1531 1011/3330/1532
f 1022/3331/1533 1013/3332/1534 1012/3333/1535
f 1024/3334/1536 1013/3335/1537 1023/3336/1538
f 1025/3337/1539 1014/3338/1540 1024/3339/1541
f 1017/3340/1542 1015/3341/1543 1025/3342/1544
f 877/3343/1545 1017/3344/1546 876/3345/1547
f 878/3346/1548 1016/3347/1549 877/3348/1550
f 878/3349/1551 1019/3350/1552 1018/3351/1553
f 879/3352/1554 1020/3353/1555 1019/3354/1556
f 880/3355/1557 1021/3356/1558 1020/3357/1559
f 881/3358/1560 1022/3359/1561 1021/3360/1562
f 882/3361/1563 1023/3362/1564 1022/3363/1565
f 884/3364/1566 1023/3365/1567 883/3366/1568
f 885/3367/1569 1024/3368/1570 884/3369/1571
f 876/3370/1572 1025/3371/1573 885/3372/1574
f 1028/3373/1575 1026/3374/1576 1029/3375/1577
f 1031/3376/1578 1027/3377/1579 1028/3378/1580
f 1031/3379/1581 1032/3380/1582 1030/3381/1583
f 1033/3382/1584 1034/3383/1585 1032/3384/1586
f 1035/3385/1587 1036/3386/1588 1034/3387/1589
f 1037/3388/1590 1038/3389/1591 1036/3390/1592
f 1039/3391/1593 1040/3392/1594 1038/3393/1595
f 1043/3394/1596 1040/3395/1597 1041/3396/1598
f 1045/3397/1599 1042/3398/1600 1043/3399/1601
f 1029/3400/1602 1044/3401/1603 1045/3402/1602
f 1039/3403/1604 1031/3404/1604 1029/3405/1604
f 1052/3406/1605 1048/3407/1605 1046/3408/1606
f 1056/3409/1607 1044/3410/1608 1057/3411/1609
f 1058/3412/1610 1042/3413/1611 1056/3414/1612
f 1058/3415/1613 1038/3416/1614 1040/3417/1615
f 1059/3418/1616 1036/3419/1617 1038/3420/1618
f 1060/3421/1619 1034/3422/1620 1036/3423/1621
f 1061/3424/1622 1032/3425/1623 1034/3426/1624
f 1062/3427/1625 1030/3428/1626 1032/3429/1627
f 1064/3430/1628 1030/3431/1629 1063/3432/1630
f 1065/3433/1631 1027/3434/1632 1064/3435/1631
f 1057/3436/1633 1026/3437/1634 1065/3438/1635
f 1066/3439/1636 1057/3440/1637 1067/3441/1638
f 1066/3442/1639 1058/3443/1640 1056/3444/1641
f 1068/3445/1642 1059/3446/1643 1058/3447/1644
f 1069/3448/1645 1060/3449/1646 1059/3450/1647
f 1070/3451/1648 1061/3452/1649 1060/3453/1650
f 1071/3454/1651 1062/3455/1652 1061/3456/1653
f 1073/3457/1654 1062/3458/1655 1072/3459/1656
f 1074/3460/1657 1063/3461/1658 1073/3462/1659
f 1075/3463/1660 1064/3464/1661 1074/3465/1662
f 1067/3466/1663 1065/3467/1664 1075/3468/1665
f 1076/3469/1666 1067/3470/1667 1077/3471/1668
f 1078/3472/1669 1066/3473/1670 1076/3474/1671
f 1078/3475/1672 1069/3476/1673 1068/3477/1674
f 1079/3478/1675 1070/3479/1676 1069/3480/1645
f 1080/3481/1677 1071/3482/1678 1070/3483/1679
f 1081/3484/1680 1072/3485/1681 1071/3486/1682
f 1082/3487/1683 1073/3488/1684 1072/3489/1685
f 1084/3490/1686 1073/3491/1687 1083/3492/1688
f 1085/3493/1689 1074/3494/1662 1084/3495/1690
f 1077/3496/1691 1075/3497/1692 1085/3498/1693
f 1086/3499/1694 1077/3500/1695 1087/3501/1696
f 1088/3502/1697 1076/3503/1698 1086/3504/1699
f 1088/3505/1700 1079/3506/1701 1078/3507/1702
f 1089/3508/1703 1080/3509/1704 1079/3510/1705
f 1090/3511/1706 1081/3512/1706 1080/3513/1706
f 1091/3514/1707 1082/3515/1708 1081/3516/1709
f 1092/3517/1710 1083/3518/1711 1082/3519/1711
f 1094/3520/1712 1083/3521/1713 1093/3522/1714
f 1095/3523/1715 1084/3524/1716 1094/3525/1717
f 1087/3526/1718 1085/3527/1718 1095/3528/1718
f 1096/3529/1719 1087/3530/1720 1097/3531/1721
f 1098/3532/1722 1086/3533/1723 1096/3534/1724
f 1098/3535/1725 1089/3536/1726 1088/3537/1727
f 1099/3538/1728 1090/3539/1729 1089/3540/1730
f 1100/3541/1731 1091/3542/1732 1090/3543/1732
f 1101/3544/1733 1092/3545/1734 1091/3546/1735
f 1102/3547/1736 1093/3548/1737 1092/3549/1710
f 1104/3550/1738 1093/3551/1739 1103/3552/1740
f 1105/3553/1741 1094/3554/1742 1104/3555/1743
f 1097/3556/1744 1095/3557/1745 1105/3558/1744
f 1106/3559/1746 1097/3560/1746 1107/3561/1746
f 1108/3562/1747 1096/3563/1747 1106/3564/1747
f 1108/3565/1748 1099/3566/1748 1098/3567/1748
f 1109/3568/1749 1100/3569/1749 1099/3570/1749
f 1110/3571/1750 1101/3572/1751 1100/3573/1752
f 1111/3574/1753 1102/3575/1754 1101/3576/1754
f 1112/3577/1755 1103/3578/1755 1102/3579/1756
f 1114/3580/1757 1103/3581/1757 1113/3582/1757
f 1115/3583/1758 1104/3584/1759 1114/3585/1758
f 1107/3586/1760 1105/3587/1761 1115/3588/1762
f 1116/3589/1763 1107/3590/1763 1117/3591/1763
f 1118/3592/1764 1106/3593/1765 1116/3594/1766
f 1118/3595/1767 1109/3596/1768 1108/3597/1768
f 1119/3598/1769 1110/3599/1770 1109/3600/1770
f 1120/3601/1771 1111/3602/1772 1110/3603/1750
f 1121/3604/1773 1112/3605/1774 1111/3606/1774
f 1122/3607/1775 1113/3608/1775 1112/3609/1775
f 1124/3610/1776 1113/3611/1777 1123/3612/1778
f 1125/3613/1779 1114/3614/1780 1124/3615/1781
f 1117/3616/1782 1115/3617/1762 1125/3618/1782
f 1126/3619/1783 1117/3620/1784 1127/3621/1785
f 1128/3622/1786 1116/3623/1766 1126/3624/1787
f 1128/3625/1788 1119/3626/1789 1118/3627/1767
f 1129/3628/1790 1120/3629/1791 1119/3630/1769
f 1130/3631/1792 1121/3632/1793 1120/3633/1794
f 1131/3634/1795 1122/3635/1796 1121/3636/1797
f 1132/3637/1798 1123/3638/1799 1122/3639/1800
f 1134/3640/1801 1123/3641/1778 1133/3642/1802
f 1135/3643/1803 1124/3644/1781 1134/3645/1804
f 1127/3646/1805 1125/3647/1806 1135/3648/1807
f 1136/3649/1808 1127/3650/1808 1137/3651/1808
f 1138/3652/1809 1126/3653/1787 1136/3654/1810
f 1138/3655/1811 1129/3656/1812 1128/3657/1813
f 1139/3658/1814 1130/3659/1815 1129/3660/1816
f 1140/3661/1817 1131/3662/1817 1130/3663/1817
f 1141/3664/1818 1132/3665/1819 1131/3666/1819
f 1142/3667/1820 1133/3668/1821 1132/3669/1798
f 1144/3670/1822 1133/3671/1823 1143/3672/1824
f 1145/3673/1825 1134/3674/1826 1144/3675/1827
f 1137/3676/1828 1135/3677/1828 1145/3678/1828
f 1146/3679/1829 1137/3680/1830 1147/3681/1831
f 1148/3682/1832 1136/3683/1833 1146/3684/1834
f 1148/3685/1835 1139/3686/1836 1138/3687/1837
f 1149/3688/1838 1140/3689/1839 1139/3690/1840
f 1150/3691/1841 1141/3692/1842 1140/3693/1843
f 1151/3694/1844 1142/3695/1845 1141/3696/1846
f 1152/3697/1847 1143/3698/1848 1142/3699/1849
f 1154/3700/1850 1143/3701/1851 1153/3702/1852
f 1155/3703/1853 1144/3704/1854 1154/3705/1855
f 1147/3706/1856 1145/3707/1857 1155/3708/1858
f 1156/3709/1859 1147/3710/1860 1157/3711/1861
f 1156/3712/1862 1148/3713/1863 1146/3714/1864
f 1158/3715/1865 1149/3716/1866 1148/3717/1867
f 1159/3718/1868 1150/3719/1869 1149/3720/1870
f 1160/3721/1871 1151/3722/1872 1150/3723/1872
f 1161/3724/1873 1152/3725/1874 1151/3726/1875
f 1163/3727/1876 1152/3728/1877 1162/3729/1878
f 1164/3730/1879 1153/3731/1880 1163/3732/1881
f 1165/3733/1882 1154/3734/1883 1164/3735/1884
f 1157/3736/1885 1155/3737/1886 1165/3738/1885
f 1166/3739/1887 1157/3740/1888 1167/3741/1889
f 1166/3742/1890 1158/3743/1891 1156/3744/1892
f 1168/3745/1893 1159/3746/1894 1158/3747/1895
f 1169/3748/1896 1160/3749/1897 1159/3750/1897
f 1170/3751/1898 1161/3752/1898 1160/3753/1898
f 1171/3754/1899 1162/3755/1900 1161/3756/1901
f 1173/3757/1902 1162/3758/1903 1172/3759/1904
f 1174/3760/1905 1163/3761/1906 1173/3762/1907
f 1175/3763/1908 1164/3764/1909 1174/3765/1908
f 1167/3766/1910 1165/3767/1911 1175/3768/1910
f 1176/3769/1912 1167/3770/1913 1177/3771/1914
f 1176/3772/1915 1168/3773/1916 1166/3774/1917
f 1178/3775/1918 1169/3776/1919 1168/3777/1919
f 1179/3778/1920 1170/3779/1920 1169/3780/1920
f 1180/3781/1921 1171/3782/1922 1170/3783/1923
f 1181/3784/1924 1172/3785/1925 1171/3786/1926
f 1183/3787/1927 1172/3788/1928 1182/3789/1929
f 1184/3790/1930 1173/3791/1931 1183/3792/1930
f 1185/3793/1932 1174/3794/1932 1184/3795/1932
f 1177/3796/1933 1175/3797/1934 1185/3798/1935
f 1186/3799/1936 1177/3800/1937 1187/3801/1938
f 1188/3802/1939 1176/3803/1940 1186/3804/1941
f 1188/3805/1942 1179/3806/1943 1178/3807/1944
f 1189/3808/1945 1180/3809/1946 1179/3810/1947
f 1190/3811/1948 1181/3812/1949 1180/3813/1949
f 1191/3814/1950 1182/3815/1951 1181/3816/1952
f 1192/3817/1953 1183/3818/1954 1182/3819/1955
f 1194/3820/1956 1183/3821/1957 1193/3822/1958
f 1195/3823/1959 1184/3824/1960 1194/3825/1961
f 1187/3826/1962 1185/3827/1963 1195/3828/1964
f 1047/3829/1965 1187/3830/1966 1046/3831/1967
f 1048/3832/1968 1186/3833/1969 1047/3834/1970
f 1048/3835/1971 1189/3836/1972 1188/3837/1973
f 1049/3838/1974 1190/3839/1975 1189/3840/1976
f 1050/3841/1977 1191/3842/1978 1190/3843/1978
f 1051/3844/1979 1192/3845/1980 1191/3846/1981
f 1052/3847/1982 1193/3848/1983 1192/3849/1984
f 1054/3850/1985 1193/3851/1986 1053/3852/1987
f 1055/3853/1988 1194/3854/1989 1054/3855/1988
f 1046/3856/1990 1195/3857/1990 1055/3858/1990
f 1198/3859/1991 1196/3860/1992 1199/3861/1993
f 1201/3862/1994 1197/3863/1995 1198/3864/1996
f 1203/3865/1997 1200/3866/1998 1201/3867/1999
f 1203/3868/2000 1204/3869/2001 1202/3870/2002
f 1205/3871/2003 1206/3872/2004 1204/3873/2005
f 1207/3874/2006 1208/3875/2007 1206/3876/2008
f 1209/3877/2009 1210/3878/2010 1208/3879/2011
f 1211/3880/2012 1212/3881/2013 1210/3882/2014
f 1215/3883/2015 1212/3884/2016 1213/3885/2017
f 1199/3886/2018 1214/3887/2019 1215/3888/2020
f 1209/3889/2021 1201/3890/2021 1199/3891/2021
f 1222/3892/2022 1218/3893/2022 1216/3894/2022
f 1226/3895/2023 1214/3896/2024 1227/3897/2025
f 1226/3898/2026 1210/3899/2027 1212/3900/2028
f 1228/3901/2029 1208/3902/2030 1210/3903/2031
f 1229/3904/2032 1206/3905/2033 1208/3906/2034
f 1230/3907/2035 1204/3908/2036 1206/3909/2037
f 1231/3910/2038 1202/3911/2039 1204/3912/2040
f 1233/3913/2041 1202/3914/2042 1232/3915/2043
f 1234/3916/2044 1200/3917/2045 1233/3918/2046
f 1235/3919/2047 1197/3920/2048 1234/3921/2049
f 1227/3922/2050 1196/3923/2051 1235/3924/2052
f 1236/3925/2053 1227/3926/2054 1237/3927/2055
f 1236/3928/2056 1228/3929/2057 1226/3930/2058
f 1238/3931/2059 1229/3932/2060 1228/3933/2061
f 1239/3934/2062 1230/3935/2063 1229/3936/2064
f 1240/3937/2065 1231/3938/2066 1230/3939/2067
f 1241/3940/2068 1232/3941/2069 1231/3942/2070
f 1243/3943/2071 1232/3944/2072 1242/3945/2073
f 1244/3946/2074 1233/3947/2075 1243/3948/2076
f 1245/3949/2077 1234/3950/2078 1244/3951/2079
f 1237/3952/2080 1235/3953/2081 1245/3954/2082
f 1246/3955/2083 1237/3956/2084 1247/3957/2085
f 1248/3958/2086 1236/3959/2087 1246/3960/2088
f 1248/3961/2089 1239/3962/2090 1238/3963/2091
f 1249/3964/2092 1240/3965/2093 1239/3966/2094
f 1250/3967/2095 1241/3968/2096 1240/3969/2096
f 1251/3970/2097 1242/3971/2098 1241/3972/2099
f 1252/3973/2100 1243/3974/2101 1242/3975/2102
f 1254/3976/2103 1243/3977/2104 1253/3978/2105
f 1255/3979/2106 1244/3980/2107 1254/3981/2108
f 1247/3982/2109 1245/3983/2110 1255/3984/2109
f 1256/3985/2111 1247/3986/2112 1257/3987/2113
f 1258/3988/2114 1246/3989/2115 1256/3990/2116
f 1258/3991/2117 1249/3992/2118 1248/3993/2119
f 1259/3994/2120 1250/3995/2121 1249/3996/2122
f 1260/3997/2123 1251/3998/2124 1250/3999/2125
f 1261/4000/2126 1252/4001/2127 1251/4002/2128
f 1262/4003/2129 1253/4004/2130 1252/4005/2131
f 1264/4006/2132 1253/4007/2133 1263/4008/2134
f 1265/4009/2135 1254/4010/2136 1264/4011/2137
f 1257/4012/2138 1255/4013/2139 1265/4014/2140
f 1266/4015/2141 1257/4016/2142 1267/4017/2143
f 1266/4018/2144 1258/4019/2145 1256/4020/2146
f 1268/4021/2147 1259/4022/2148 1258/4023/2149
f 1269/4024/2150 1260/4025/2151 1259/4026/2152
f 1270/4027/2153 1261/4028/2154 1260/4029/2155
f 1271/4030/2156 1262/4031/2157 1261/4032/2158
f 1273/4033/2159 1262/4034/2160 1272/4035/2161
f 1274/4036/2162 1263/4037/2163 1273/4038/2164
f 1275/4039/2165 1264/4040/2166 1274/4041/2167
f 1267/4042/2168 1265/4043/2169 1275/4044/2170
f 1276/4045/2171 1267/4046/2172 1277/4047/2173
f 1276/4048/2174 1268/4049/2175 1266/4050/2176
f 1278/4051/2177 1269/4052/2178 1268/4053/2179
f 1279/4054/2180 1270/4055/2181 1269/4056/2182
f 1280/4057/2183 1271/4058/2184 1270/4059/2185
f 1281/4060/2186 1272/4061/2187 1271/4062/2188
f 1283/4063/2189 1272/4064/2190 1282/4065/2191
f 1284/4066/2192 1273/4067/2193 1283/4068/2194
f 1285/4069/2195 1274/4070/2196 1284/4071/2197
f 1277/4072/2198 1275/4073/2199 1285/4074/2200
f 1286/4075/2201 1277/4076/2202 1287/4077/2203
f 1286/4078/2204 1278/4079/2205 1276/4080/2206
f 1288/4081/2207 1279/4082/2208 1278/4083/2209
f 1289/4084/2210 1280/4085/2211 1279/4086/2212
f 1290/4087/2213 1281/4088/2214 1280/4089/2215
f 1291/4090/2216 1282/4091/2217 1281/4092/2218
f 1293/4093/2219 1282/4094/2220 1292/4095/2221
f 1294/4096/2222 1283/4097/2223 1293/4098/2224
f 1295/4099/2225 1284/4100/2226 1294/4101/2227
f 1287/4102/2228 1285/4103/2229 1295/4104/2230
f 1296/4105/2231 1287/4106/2232 1297/4107/2233
f 1296/4108/2234 1288/4109/2235 1286/4110/2236
f 1298/4111/2237 1289/4112/2238 1288/4113/2239
f 1299/4114/2240 1290/4115/2241 1289/4116/2242
f 1300/4117/2243 1291/4118/2244 1290/4119/2245
f 1301/4120/2246 1292/4121/2247 1291/4122/2248
f 1303/4123/2249 1292/4124/2250 1302/4125/2251
f 1304/4126/2252 1293/4127/2253 1303/4128/2254
f 1305/4129/2255 1294/4130/2256 1304/4131/2257
f 1297/4132/2258 1295/4133/2259 1305/4134/2260
f 1306/4135/2261 1297/4136/2262 1307/4137/2263
f 1306/4138/2264 1298/4139/2265 1296/4140/2266
f 1308/4141/2267 1299/4142/2268 1298/4143/2269
f 1309/4144/2270 1300/4145/2271 1299/4146/2272
f 1310/4147/2273 1301/4148/2274 1300/4149/2275
f 1311/4150/2276 1302/4151/2277 1301/4152/2278
f 1313/4153/2279 1302/4154/2280 1312/4155/2281
f 1314/4156/2282 1303/4157/2283 1313/4158/2284
f 1315/4159/2285 1304/4160/2286 1314/4161/2287
f 1307/4162/2288 1305/4163/2289 1315/4164/2290
f 1316/4165/2291 1307/4166/2292 1317/4167/2293
f 1316/4168/2294 1308/4169/2295 1306/4170/2296
f 1318/4171/2297 1309/4172/2298 1308/4173/2299
f 1319/4174/2300 1310/4175/2301 1309/4176/2302
f 1320/4177/2303 1311/4178/2304 1310/4179/2305
f 1321/4180/2306 1312/4181/2307 1311/4182/2308
f 1323/4183/2309 1312/4184/2310 1322/4185/2311
f 1324/4186/2312 1313/4187/2313 1323/4188/2314
f 1325/4189/2315 1314/4190/2316 1324/4191/2317
f 1317/4192/2318 1315/4193/2319 1325/4194/2320
f 1326/4195/2321 1317/4196/2322 1327/4197/2323
f 1326/4198/2324 1318/4199/2325 1316/4200/2326
f 1328/4201/2327 1319/4202/2328 1318/4203/2329
f 1329/4204/2330 1320/4205/2331 1319/4206/2332
f 1330/4207/2333 1321/4208/2334 1320/4209/2335
f 1331/4210/2336 1322/4211/2337 1321/4212/2338
f 1333/4213/2339 1322/4214/2340 1332/4215/2341
f 1334/4216/2342 1323/4217/2343 1333/4218/2344
f 1335/4219/2345 1324/4220/2346 1334/4221/2347
f 1327/4222/2348 1325/4223/2349 1335/4224/2350
f 1337/4225/2351 1326/4226/2352 1327/4227/2353
f 1336/4228/2354 1328/4229/2355 1326/4230/2356
f 1338/4231/2357 1329/4232/2358 1328/4233/2359
f 1339/4234/2360 1330/4235/2361 1329/4236/2362
f 1340/4237/2363 1331/4238/2364 1330/4239/2365
f 1342/4240/2366 1331/4241/2367 1341/4242/2368
f 1343/4243/2369 1332/4244/2370 1342/4245/2371
f 1344/4246/2372 1333/4247/2373 1343/4248/2372
f 1345/4249/2374 1334/4250/2375 1344/4251/2376
f 1337/4252/2377 1335/4253/2378 1345/4254/2379
f 1347/4255/2380 1336/4256/2381 1337/4257/2382
f 1346/4258/2383 1338/4259/2384 1336/4260/2385
f 1348/4261/2386 1339/4262/2387 1338/4263/2387
f 1349/4264/2388 1340/4265/2389 1339/4266/2390
f 1350/4267/2391 1341/4268/2392 1340/4269/2393
f 1352/4270/2394 1341/4271/2395 1351/4272/2396
f 1353/4273/2397 1342/4274/2398 1352/4275/2399
f 1354/4276/2400 1343/4277/2401 1353/4278/2400
f 1355/4279/2402 1344/4280/2403 1354/4281/2404
f 1347/4282/2405 1345/4283/2406 1355/4284/2407
f 1357/4285/2408 1346/4286/2409 1347/4287/2380
f 1356/4288/2410 1348/4289/2411 1346/4290/2411
f 1358/4291/2412 1349/4292/2413 1348/4293/2414
f 1359/4294/2415 1350/4295/2416 1349/4296/2417
f 1361/4297/2418 1350/4298/2419 1360/4299/2420
f 1362/4300/2421 1351/4301/2396 1361/4302/2422
f 1363/4303/2423 1352/4304/2424 1362/4305/2425
f 1364/4306/2426 1353/4307/2427 1363/4308/2428
f 1365/4309/2429 1354/4310/2430 1364/4311/2431
f 1365/4312/2432 1347/4313/2433 1355/4314/2434
f 1216/4315/2435 1356/4316/2436 1357/4317/2437
f 1217/4318/2438 1358/4319/2438 1356/4320/2438
f 1218/4321/2439 1359/4322/2440 1358/4323/2441
f 1219/4324/2442 1360/4325/2443 1359/4326/2444
f 1221/4327/2445 1360/4328/2445 1220/4329/2445
f 1222/4330/2446 1361/4331/2447 1221/4332/2448
f 1223/4333/2449 1362/4334/2450 1222/4335/2449
f 1224/4336/2451 1363/4337/2452 1223/4338/2453
f 1225/4339/2454 1364/4340/2455 1224/4341/2456
f 1225/4342/2457 1357/4343/2458 1365/4344/2458
f 1369/4345/2459 1367/4346/2460 1366/4347/2461
f 1371/4348/2462 1367/4349/2463 1368/4350/2464
f 1373/4351/2465 1370/4352/2466 1371/4353/2467
f 1375/4354/2468 1372/4355/2469 1373/4356/2470
f 1377/4357/2471 1374/4358/2472 1375/4359/2473
f 1379/4360/2474 1376/4361/2475 1377/4362/2476
f 1379/4363/2477 1380/4364/2478 1378/4365/2479
f 1381/4366/2480 1382/4367/2481 1380/4368/2482
f 1383/4369/2483 1384/4370/2484 1382/4371/2485
f 1385/4372/2486 1366/4373/2487 1384/4374/2488
f 1379/4375/2489 1371/4376/2489 1369/4377/2489
f 1392/4378/2490 1388/4379/2491 1386/4380/2490
f 1397/4381/2492 1382/4382/2493 1384/4383/2494
f 1396/4384/2495 1380/4385/2496 1382/4386/2497
f 1398/4387/2498 1378/4388/2499 1380/4389/2500
f 1400/4390/2501 1378/4391/2502 1399/4392/2503
f 1401/4393/2504 1376/4394/2505 1400/4395/2506
f 1402/4396/2507 1374/4397/2508 1401/4398/2509
f 1403/4399/2510 1372/4400/2511 1402/4401/2512
f 1404/4402/2513 1370/4403/2514 1403/4404/2515
f 1404/4405/2516 1366/4406/2517 1367/4407/2518
f 1405/4408/2519 1384/4409/2520 1366/4410/2521
f 1407/4411/2522 1396/4412/2523 1397/4413/2523
f 1406/4414/2524 1398/4415/2525 1396/4416/2526
f 1409/4417/2527 1398/4418/2528 1408/4419/2529
f 1410/4420/2530 1399/4421/2530 1409/4422/2530
f 1411/4423/2531 1400/4424/2532 1410/4425/2532
f 1411/4426/2533 1402/4427/2534 1401/4428/2535
f 1413/4429/2536 1402/4430/2537 1412/4431/2538
f 1413/4432/2527 1404/4433/2527 1403/4434/2527
f 1415/4435/2530 1404/4436/2539 1414/4437/2530
f 1407/4438/2532 1405/4439/2540 1415/4440/2532
f 1416/4441/2541 1407/4442/2542 1417/4443/2543
f 1418/4444/2544 1406/4445/2545 1416/4446/2546
f 1419/4447/2547 1408/4448/2548 1418/4449/2549
f 1420/4450/2550 1409/4451/2551 1419/4452/2552
f 1420/4453/2553 1411/4454/2554 1410/4455/2555
f 1421/4456/2556 1412/4457/2557 1411/4458/2558
f 1422/4459/2559 1413/4460/2560 1412/4461/2561
f 1423/4462/2562 1414/4463/2563 1413/4464/2564
f 1424/4465/2565 1415/4466/2566 1414/4467/2567
f 1417/4468/2568 1415/4469/2569 1425/4470/2570
f 1426/4471/2571 1417/4472/2572 1427/4473/2573
f 1428/4474/2574 1416/4475/2575 1426/4476/2576
f 1429/4477/2577 1418/4478/2578 1428/4479/2579
f 1430/4480/2580 1419/4481/2581 1429/4482/2582
f 1430/4483/2583 1421/4484/2584 1420/4485/2585
f 1431/4486/2586 1422/4487/2587 1421/4488/2588
f 1432/4489/2589 1423/4490/2590 1422/4491/2591
f 1433/4492/2592 1424/4493/2593 1423/4494/2594
f 1434/4495/2595 1425/4496/2596 1424/4497/2597
f 1427/4498/2598 1425/4499/2599 1435/4500/2600
f 1436/4501/2601 1427/4502/2602 1437/4503/2603
f 1438/4504/2604 1426/4505/2605 1436/4506/2606
f 1439/4507/2607 1428/4508/2608 1438/4509/2609
f 1440/4510/2610 1429/4511/2611 1439/4512/2612
f 1440/4513/2613 1431/4514/2614 1430/4515/2615
f 1441/4516/2616 1432/4517/2617 1431/4518/2618
f 1442/4519/2619 1433/4520/2620 1432/4521/2621
f 1443/4522/2622 1434/4523/2623 1433/4524/2624
f 1444/4525/2625 1435/4526/2626 1434/4527/2627
f 1437/4528/2628 1435/4529/2629 1445/4530/2630
f 1446/4531/2631 1437/4532/2632 1447/4533/2633
f 1448/4534/2634 1436/4535/2635 1446/4536/2636
f 1449/4537/2637 1438/4538/2638 1448/4539/2639
f 1449/4540/2640 1440/4541/2641 1439/4542/2642
f 1450/4543/2643 1441/4544/2644 1440/4545/2645
f 1451/4546/2646 1442/4547/2647 1441/4548/2648
f 1452/4549/2649 1443/4550/2650 1442/4551/2651
f 1453/4552/2652 1444/4553/2653 1443/4554/2654
f 1455/4555/2655 1444/4556/2656 1454/4557/2657
f 1447/4558/2658 1445/4559/2659 1455/4560/2660
f 1456/4561/2661 1447/4562/2662 1457/4563/2663
f 1458/4564/2664 1446/4565/2665 1456/4566/2666
f 1459/4567/2667 1448/4568/2668 1458/4569/2669
f 1459/4570/2670 1450/4571/2671 1449/4572/2672
f 1460/4573/2673 1451/4574/2674 1450/4575/2675
f 1461/4576/2676 1452/4577/2677 1451/4578/2678
f 1462/4579/2679 1453/4580/2680 1452/4581/2681
f 1463/4582/2682 1454/4583/2683 1453/4584/2684
f 1465/4585/2685 1454/4586/2686 1464/4587/2687
f 1457/4588/2688 1455/4589/2689 1465/4590/2690
f 1467/4591/2691 1456/4592/2692 1457/4593/2693
f 1466/4594/2694 1458/4595/2695 1456/4596/2695
f 1468/4597/2696 1459/4598/2697 1458/4599/2698
f 1470/4600/2699 1459/4601/2700 1469/4602/2701
f 1471/4603/2702 1460/4604/2703 1470/4605/2704
f 1472/4606/2705 1461/4607/2706 1471/4608/2705
f 1473/4609/2707 1462/4610/2708 1472/4611/2709
f 1474/4612/2710 1463/4613/2711 1473/4614/2712
f 1474/4615/2713 1465/4616/2714 1464/4617/2715
f 1475/4618/2716 1457/4619/2717 1465/4620/2718
f 1477/4621/2719 1466/4622/2720 1467/4623/2721
f 1476/4624/2722 1468/4625/2723 1466/4626/2723
f 1478/4627/2724 1469/4628/2725 1468/4629/2726
f 1479/4630/2727 1470/4631/2728 1469/4632/2729
f 1481/4633/2730 1470/4634/2731 1480/4635/2732
f 1482/4636/2733 1471/4637/2734 1481/4638/2735
f 1483/4639/2736 1472/4640/2737 1482/4641/2736
f 1484/4642/2738 1473/4643/2739 1483/4644/2740
f 1485/4645/2741 1474/4646/2742 1484/4647/2743
f 1485/4648/2744 1467/4649/2745 1475/4650/2746
f 1487/4651/2747 1476/4652/2748 1477/4653/2749
f 1486/4654/2750 1478/4655/2751 1476/4656/2752
f 1488/4657/2753 1479/4658/2754 1478/4659/2755
f 1489/4660/2756 1480/4661/2757 1479/4662/2758
f 1490/4663/2759 1481/4664/2760 1480/4665/2761
f 1492/4666/2762 1481/4667/2763 1491/4668/2764
f 1493/4669/2765 1482/4670/2766 1492/4671/2767
f 1494/4672/2768 1483/4673/2769 1493/4674/2770
f 1495/4675/2771 1484/4676/2772 1494/4677/2773
f 1487/4678/2774 1485/4679/2775 1495/4680/2776
f 1497/4681/2777 1486/4682/2778 1487/4683/2779
f 1496/4684/2780 1488/4685/2781 1486/4686/2782
f 1498/4687/2783 1489/4688/2784 1488/4689/2785
f 1499/4690/2786 1490/4691/2787 1489/4692/2788
f 1500/4693/2789 1491/4694/2790 1490/4695/2791
f 1502/4696/2792 1491/4697/2793 1501/4698/2794
f 1503/4699/2795 1492/4700/2796 1502/4701/2797
f 1504/4702/2798 1493/4703/2799 1503/4704/2800
f 1505/4705/2801 1494/4706/2802 1504/4707/2803
f 1497/4708/2804 1495/4709/2805 1505/4710/2806
f 1507/4711/2807 1496/4712/2808 1497/4713/2809
f 1506/4714/2810 1498/4715/2811 1496/4716/2812
f 1508/4717/2813 1499/4718/2813 1498/4719/2813
f 1509/4720/2814 1500/4721/2815 1499/4722/2816
f 1510/4723/2817 1501/4724/2818 1500/4725/2819
f 1512/4726/2820 1501/4727/2821 1511/4728/2822
f 1513/4729/2823 1502/4730/2824 1512/4731/2825
f 1514/4732/2826 1503/4733/2826 1513/4734/2826
f 1515/4735/2827 1504/4736/2828 1514/4737/2829
f 1507/4738/2830 1505/4739/2831 1515/4740/2832
f 1516/4741/2833 1507/4742/2834 1517/4743/2835
f 1516/4744/2836 1508/4745/2837 1506/4746/2838
f 1518/4747/2839 1509/4748/2840 1508/4749/2841
f 1519/4750/2842 1510/4751/2843 1509/4752/2844
f 1520/4753/2845 1511/4754/2846 1510/4755/2817
f 1521/4756/2847 1512/4757/2848 1511/4758/2849
f 1523/4759/2850 1512/4760/2851 1522/4761/2852
f 1524/4762/2853 1513/4763/2854 1523/4764/2855
f 1525/4765/2856 1514/4766/2857 1524/4767/2858
f 1517/4768/2859 1515/4769/2832 1525/4770/2860
f 1526/4771/2861 1517/4772/2862 1527/4773/2863
f 1528/4774/2864 1516/4775/2865 1526/4776/2866
f 1528/4777/2867 1519/4778/2868 1518/4779/2869
f 1529/4780/2870 1520/4781/2871 1519/4782/2872
f 1530/4783/2873 1521/4784/2874 1520/4785/2875
f 1531/4786/2876 1522/4787/2877 1521/4788/2878
f 1532/4789/2879 1523/4790/2880 1522/4791/2881
f 1534/4792/2882 1523/4793/2883 1533/4794/2884
f 1535/4795/2885 1524/4796/2886 1534/4797/2887
f 1527/4798/2888 1525/4799/2889 1535/4800/2890
f 1387/4801/2891 1527/4802/2892 1386/4803/2893
f 1387/4804/2894 1528/4805/2895 1526/4806/2896
f 1388/4807/2897 1529/4808/2898 1528/4809/2899
f 1389/4810/2900 1530/4811/2901 1529/4812/2902
f 1390/4813/2903 1531/4814/2904 1530/4815/2905
f 1391/4816/2906 1532/4817/2907 1531/4818/2908
f 1393/4819/2909 1532/4820/2910 1392/4821/2911
f 1394/4822/2912 1533/4823/2913 1393/4824/2914
f 1395/4825/2915 1534/4826/2916 1394/4827/2915
f 1386/4828/2917 1535/4829/2918 1395/4830/2919
f 1538/4831/2920 1536/4832/2921 1539/4833/2922
f 1541/4834/2923 1537/4835/2924 1538/4836/2925
f 1541/4837/2926 1542/4838/2927 1540/4839/2928
f 1543/4840/2929 1544/4841/2930 1542/4842/2931
f 1545/4843/2932 1546/4844/2933 1544/4845/2934
f 1547/4846/2935 1548/4847/2936 1546/4848/2937
f 1549/4849/2938 1550/4850/2939 1548/4851/2940
f 1553/4852/2941 1550/4853/2942 1551/4854/2943
f 1555/4855/2944 1552/4856/2945 1553/4857/2946
f 1539/4858/2947 1554/4859/2948 1555/4860/2949
f 1549/4861/2950 1541/4862/2950 1539/4863/2951
f 1562/4864/2952 1558/4865/2952 1556/4866/2952
f 1566/4867/2953 1554/4868/2954 1567/4869/2955
f 1568/4870/2956 1552/4871/2957 1566/4872/2958
f 1568/4873/2959 1548/4874/2940 1550/4875/2939
f 1569/4876/2960 1546/4877/2961 1548/4878/2962
f 1570/4879/2963 1544/4880/2964 1546/4881/2965
f 1571/4882/2966 1542/4883/2967 1544/4884/2968
f 1572/4885/2969 1540/4886/2928 1542/4887/2927
f 1574/4888/2970 1540/4889/2971 1573/4890/2972
f 1575/4891/2973 1537/4892/2974 1574/4893/2975
f 1567/4894/2976 1536/4895/2977 1575/4896/2978
f 1576/4897/2979 1567/4898/2980 1577/4899/2981
f 1576/4900/2982 1568/4901/2983 1566/4902/2984
f 1578/4903/2985 1569/4904/2986 1568/4905/2987
f 1579/4906/2988 1570/4907/2989 1569/4908/2989
f 1580/4909/2990 1571/4910/2991 1570/4911/2992
f 1581/4912/2993 1572/4913/2994 1571/4914/2995
f 1583/4915/2996 1572/4916/2997 1582/4917/2998
f 1584/4918/2999 1573/4919/3000 1583/4920/3001
f 1585/4921/3002 1574/4922/3003 1584/4923/3002
f 1577/4924/3004 1575/4925/3005 1585/4926/3006
f 1587/4927/3007 1576/4928/3008 1577/4929/3009
f 1586/4930/3010 1578/4931/3011 1576/4932/3012
f 1588/4933/3013 1579/4934/3014 1578/4935/3015
f 1589/4936/3016 1580/4937/3017 1579/4938/3018
f 1590/4939/3019 1581/4940/3020 1580/4941/3021
f 1592/4942/3022 1581/4943/3023 1591/4944/3024
f 1593/4945/3025 1582/4946/3026 1592/4947/3027
f 1594/4948/3028 1583/4949/3029 1593/4950/3030
f 1595/4951/3031 1584/4952/3032 1594/4953/3033
f 1587/4954/3034 1585/4955/3035 1595/4956/3036
f 1596/4957/3037 1587/4958/3007 1597/4959/3038
f 1596/4960/3039 1588/4961/3040 1586/4962/3041
f 1598/4963/3042 1589/4964/3043 1588/4965/3044
f 1599/4966/3045 1590/4967/3046 1589/4968/3046
f 1600/4969/3047 1591/4970/3048 1590/4971/3049
f 1601/4972/3050 1592/4973/3022 1591/4974/3024
f 1603/4975/3051 1592/4976/3052 1602/4977/3053
f 1604/4978/3054 1593/4979/3055 1603/4980/3056
f 1605/4981/3057 1594/4982/3058 1604/4983/3057
f 1597/4984/3059 1595/4985/3060 1605/4986/3061
f 1606/4987/3062 1597/4988/3063 1607/4989/3064
f 1606/4990/3065 1598/4991/3066 1596/4992/3067
f 1608/4993/3068 1599/4994/3069 1598/4995/3070
f 1609/4996/3071 1600/4997/3072 1599/4998/3072
f 1610/4999/3073 1601/5000/3074 1600/5001/3075
f 1611/5002/3076 1602/5003/3077 1601/5004/3078
f 1613/5005/3079 1602/5006/3080 1612/5007/3081
f 1614/5008/3082 1603/5009/3083 1613/5010/3084
f 1615/5011/3085 1604/5012/3086 1614/5013/3087
f 1607/5014/3088 1605/5015/3089 1615/5016/3090
f 1616/5017/3091 1607/5018/3092 1617/5019/3093
f 1616/5020/3094 1608/5021/3095 1606/5022/3096
f 1618/5023/3097 1609/5024/3098 1608/5025/3099
f 1619/5026/3100 1610/5027/3100 1609/5028/3100
f 1620/5029/3101 1611/5030/3102 1610/5031/3103
f 1621/5032/3104 1612/5033/3105 1611/5034/3106
f 1623/5035/3107 1612/5036/3108 1622/5037/3109
f 1624/5038/3110 1613/5039/3111 1623/5040/3112
f 1625/5041/3113 1614/5042/3113 1624/5043/3113
f 1617/5044/3114 1615/5045/3115 1625/5046/3116
f 1626/5047/3117 1617/5048/3118 1627/5049/3119
f 1626/5050/3120 1618/5051/3121 1616/5052/3122
f 1628/5053/3123 1619/5054/3124 1618/5055/3125
f 1629/5056/3126 1620/5057/3127 1619/5058/3127
f 1630/5059/3128 1621/5060/3129 1620/5061/3130
f 1631/5062/3131 1622/5063/3132 1621/5064/3133
f 1633/5065/3134 1622/5066/3135 1632/5067/3136
f 1634/5068/3137 1623/5069/3138 1633/5070/3139
f 1635/5071/3140 1624/5072/3141 1634/5073/3140
f 1627/5074/3142 1625/5075/3143 1635/5076/3144
f 1636/5077/3145 1627/5078/3146 1637/5079/3147
f 1636/5080/3148 1628/5081/3149 1626/5082/3150
f 1638/5083/3151 1629/5084/3152 1628/5085/3153
f 1639/5086/3154 1630/5087/3155 1629/5088/3155
f 1640/5089/3156 1631/5090/3157 1630/5091/3158
f 1641/5092/3159 1632/5093/3160 1631/5094/3161
f 1643/5095/3162 1632/5096/3163 1642/5097/3164
f 1644/5098/3165 1633/5099/3166 1643/5100/3167
f 1645/5101/3168 1634/5102/3169 1644/5103/3168
f 1637/5104/3170 1635/5105/3171 1645/5106/3172
f 1646/5107/3173 1637/5108/3174 1647/5109/3175
f 1646/5110/3176 1638/5111/3177 1636/5112/3178
f 1648/5113/3179 1639/5114/3180 1638/5115/3181
f 1649/5116/3182 1640/5117/3183 1639/5118/3184
f 1650/5119/3185 1641/5120/3186 1640/5121/3187
f 1651/5122/3188 1642/5123/3189 1641/5124/3190
f 1653/5125/3191 1642/5126/3192 1652/5127/3193
f 1654/5128/3194 1643/5129/3195 1653/5130/3196
f 1655/5131/3197 1644/5132/3198 1654/5133/3199
f 1647/5134/3200 1645/5135/3201 1655/5136/3202
f 1656/5137/3203 1647/5138/3204 1657/5139/3205
f 1656/5140/3206 1648/5141/3207 1646/5142/3208
f 1658/5143/3209 1649/5144/3210 1648/5145/3211
f 1659/5146/3212 1650/5147/3213 1649/5148/3213
f 1660/5149/3214 1651/5150/3215 1650/5151/3216
f 1661/5152/3217 1652/5153/3218 1651/5154/3219
f 1663/5155/3220 1652/5156/3221 1662/5157/3222
f 1664/5158/3223 1653/5159/3224 1663/5160/3225
f 1665/5161/3226 1654/5162/3226 1664/5163/3227
f 1657/5164/3228 1655/5165/3229 1665/5166/3230
f 1666/5167/3231 1657/5168/3232 1667/5169/3233
f 1666/5170/3234 1658/5171/3235 1656/5172/3236
f 1668/5173/3237 1659/5174/3238 1658/5175/3239
f 1669/5176/3240 1660/5177/3241 1659/5178/3242
f 1670/5179/3243 1661/5180/3244 1660/5181/3214
f 1671/5182/3245 1662/5183/3246 1661/5184/3247
f 1673/5185/3248 1662/5186/3249 1672/5187/3250
f 1674/5188/3251 1663/5189/3252 1673/5190/3253
f 1675/5191/3254 1664/5192/3255 1674/5193/3256
f 1667/5194/3257 1665/5195/3230 1675/5196/3258
f 1677/5197/3259 1666/5198/3260 1667/5199/3261
f 1676/5200/3262 1668/5201/3263 1666/5202/3264
f 1678/5203/3265 1669/5204/3266 1668/5205/3267
f 1679/5206/3268 1670/5207/3269 1669/5208/3240
f 1680/5209/3270 1671/5210/3271 1670/5211/3272
f 1682/5212/3273 1671/5213/3274 1681/5214/3275
f 1683/5215/3276 1672/5216/3277 1682/5217/3278
f 1684/5218/3279 1673/5219/3280 1683/5220/3281
f 1685/5221/3282 1674/5222/3256 1684/5223/3282
f 1677/5224/3283 1675/5225/3284 1685/5226/3285
f 1687/5227/3286 1676/5228/3287 1677/5229/3288
f 1686/5230/3289 1678/5231/3290 1676/5232/3291
f 1688/5233/3292 1679/5234/3293 1678/5235/3294
f 1689/5236/3295 1680/5237/3296 1679/5238/3297
f 1691/5239/3298 1680/5240/3270 1690/5241/3299
f 1692/5242/3300 1681/5243/3301 1691/5244/3302
f 1693/5245/3303 1682/5246/3304 1692/5247/3305
f 1694/5248/3306 1683/5249/3307 1693/5250/3308
f 1695/5251/3309 1684/5252/3310 1694/5253/3311
f 1695/5254/3312 1677/5255/3283 1685/5256/3285
f 1697/5257/3313 1686/5258/3314 1687/5259/3315
f 1696/5260/3316 1688/5261/3317 1686/5262/3318
f 1698/5263/3319 1689/5264/3320 1688/5265/3321
f 1699/5266/3322 1690/5267/3323 1689/5268/3324
f 1701/5269/3325 1690/5270/3325 1700/5271/3325
f 1702/5272/3326 1691/5273/3327 1701/5274/3328
f 1703/5275/3329 1692/5276/3330 1702/5277/3331
f 1704/5278/3332 1693/5279/3333 1703/5280/3334
f 1705/5281/3335 1694/5282/3336 1704/5283/3337
f 1705/5284/3338 1687/5285/3338 1695/5286/3338
f 1556/5287/3339 1696/5288/3340 1697/5289/3341
f 1557/5290/3342 1698/5291/3343 1696/5292/3344
f 1558/5293/3345 1699/5294/3346 1698/5295/3347
f 1559/5296/3348 1700/5297/3349 1699/5298/3350
f 1561/5299/3351 1700/5300/3352 1560/5301/3353
f 1562/5302/3354 1701/5303/3355 1561/5304/3356
f 1563/5305/3357 1702/5306/3358 1562/5307/3359
f 1564/5308/3360 1703/5309/3361 1563/5310/3362
f 1565/5311/3363 1704/5312/3364 1564/5313/3365
f 1565/5314/3366 1697/5315/3367 1705/5316/3368
f 1708/5317/3369 1706/5318/3370 1709/5319/3371
f 1711/5320/3372 1707/5321/3373 1708/5322/3374
f 1713/5323/3375 1710/5324/3376 1711/5325/3377
f 1715/5326/3378 1712/5327/3379 1713/5328/3380
f 1717/5329/3381 1714/5330/3382 1715/5331/3383
f 1717/5332/3384 1718/5333/3385 1716/5334/3386
f 1719/5335/3387 1720/5336/3388 1718/5337/3389
f 1721/5338/3390 1722/5339/3391 1720/5340/3392
f 1723/5341/3393 1724/5342/3394 1722/5343/3395
f 1725/5344/3396 1706/5345/3397 1724/5346/3398
f 1719/5347/3399 1711/5348/3400 1709/5349/3400
f 1732/5350/3401 1728/5351/3402 1726/5352/3402
f 1737/5353/3403 1722/5354/3404 1724/5355/3405
f 1736/5356/3406 1720/5357/3407 1722/5358/3408
f 1738/5359/3409 1718/5360/3410 1720/5361/3411
f 1739/5362/3412 1716/5363/3413 1718/5364/3414
f 1740/5365/3415 1714/5366/3416 1716/5367/3417
f 1742/5368/3418 1714/5369/3419 1741/5370/3420
f 1743/5371/3421 1712/5372/3422 1742/5373/3423
f 1744/5374/3424 1710/5375/3425 1743/5376/3426
f 1745/5377/3427 1707/5378/3428 1744/5379/3429
f 1737/5380/3430 1706/5381/3431 1745/5382/3432
f 1747/5383/3433 1736/5384/3434 1737/5385/3435
f 1746/5386/3436 1738/5387/3437 1736/5388/3438
f 1748/5389/3439 1739/5390/3440 1738/5391/3440
f 1749/5392/3441 1740/5393/3442 1739/5394/3443
f 1750/5395/3444 1741/5396/3445 1740/5397/3446
f 1752/5398/3447 1741/5399/3448 1751/5400/3449
f 1753/5401/3450 1742/5402/3451 1752/5403/3452
f 1754/5404/3453 1743/5405/3454 1753/5406/3455
f 1755/5407/3456 1744/5408/3457 1754/5409/3458
f 1747/5410/3459 1745/5411/3460 1755/5412/3461
f 1757/5413/3462 1746/5414/3463 1747/5415/3464
f 1756/5416/3465 1748/5417/3466 1746/5418/3467
f 1758/5419/3468 1749/5420/3469 1748/5421/3470
f 1759/5422/3471 1750/5423/3472 1749/5424/3473
f 1760/5425/3474 1751/5426/3475 1750/5427/3476
f 1762/5428/3477 1751/5429/3478 1761/5430/3479
f 1763/5431/3480 1752/5432/3481 1762/5433/3482
f 1764/5434/3483 1753/5435/3484 1763/5436/3485
f 1765/5437/3486 1754/5438/3487 1764/5439/3488
f 1757/5440/3489 1755/5441/3490 1765/5442/3491
f 1767/5443/3492 1756/5444/3493 1757/5445/3494
f 1766/5446/3495 1758/5447/3496 1756/5448/3497
f 1768/5449/3498 1759/5450/3499 1758/5451/3500
f 1769/5452/3501 1760/5453/3502 1759/5454/3503
f 1770/5455/3504 1761/5456/3505 1760/5457/3506
f 1772/5458/3507 1761/5459/3508 1771/5460/3509
f 1773/5461/3510 1762/5462/3511 1772/5463/3512
f 1774/5464/3513 1763/5465/3514 1773/5466/3515
f 1775/5467/3516 1764/5468/3517 1774/5469/3518
f 1767/5470/3519 1765/5471/3520 1775/5472/3521
f 1777/5473/3522 1766/5474/3523 1767/5475/3524
f 1776/5476/3525 1768/5477/3526 1766/5478/3527
f 1778/5479/3528 1769/5480/3529 1768/5481/3530
f 1779/5482/3531 1770/5483/3532 1769/5484/3533
f 1780/5485/3534 1771/5486/3535 1770/5487/3536
f 1782/5488/3537 1771/5489/3538 1781/5490/3539
f 1783/5491/3540 1772/5492/3541 1782/5493/3542
f 1784/5494/3543 1773/5495/3544 1783/5496/3545
f 1785/5497/3546 1774/5498/3547 1784/5499/3548
f 1777/5500/3549 1775/5501/3550 1785/5502/3551
f 1787/5503/3552 1776/5504/3553 1777/5505/3554
f 1786/5506/3555 1778/5507/3556 1776/5508/3557
f 1788/5509/3558 1779/5510/3559 1778/5511/3560
f 1789/5512/3561 1780/5513/3562 1779/5514/3563
f 1790/5515/3564 1781/5516/3565 1780/5517/3566
f 1792/5518/3567 1781/5519/3568 1791/5520/3569
f 1793/5521/3570 1782/5522/3542 1792/5523/3571
f 1794/5524/3572 1783/5525/3573 1793/5526/3574
f 1795/5527/3575 1784/5528/3576 1794/5529/3577
f 1787/5530/3578 1785/5531/3579 1795/5532/3580
f 1797/5533/3581 1786/5534/3582 1787/5535/3583
f 1796/5536/3584 1788/5537/3585 1786/5538/3586
f 1798/5539/3587 1789/5540/3588 1788/5541/3589
f 1799/5542/3590 1790/5543/3591 1789/5544/3592
f 1800/5545/3593 1791/5546/3594 1790/5547/3595
f 1802/5548/3596 1791/5549/3597 1801/5550/3598
f 1803/5551/3599 1792/5552/3600 1802/5553/3601
f 1804/5554/3602 1793/5555/3603 1803/5556/3604
f 1805/5557/3605 1794/5558/3606 1804/5559/3607
f 1797/5560/3608 1795/5561/3609 1805/5562/3610
f 1807/5563/3611 1796/5564/3612 1797/5565/3613
f 1806/5566/3614 1798/5567/3615 1796/5568/3616
f 1808/5569/3617 1799/5570/3618 1798/5571/3618
f 1809/5572/3619 1800/5573/3620 1799/5574/3621
f 1810/5575/3622 1801/5576/3623 1800/5577/3624
f 1812/5578/3625 1801/5579/3626 1811/5580/3627
f 1813/5581/3628 1802/5582/3629 1812/5583/3630
f 1814/5584/3631 1803/5585/3632 1813/5586/3631
f 1815/5587/3633 1804/5588/3634 1814/5589/3635
f 1807/5590/3636 1805/5591/3637 1815/5592/3638
f 1817/5593/3639 1806/5594/3640 1807/5595/3641
f 1816/5596/3642 1808/5597/3643 1806/5598/3644
f 1818/5599/3645 1809/5600/3646 1808/5601/3647
f 1819/5602/3648 1810/5603/3649 1809/5604/3650
f 1820/5605/3651 1811/5606/3652 1810/5607/3653
f 1822/5608/3654 1811/5609/3655 1821/5610/3656
f 1823/5611/3657 1812/5612/3658 1822/5613/3659
f 1824/5614/3660 1813/5615/3661 1823/5616/3662
f 1825/5617/3663 1814/5618/3664 1824/5619/3665
f 1817/5620/3666 1815/5621/3667 1825/5622/3668
f 1827/5623/3669 1816/5624/3670 1817/5625/3639
f 1826/5626/3671 1818/5627/3672 1816/5628/3673
f 1828/5629/3674 1819/5630/3675 1818/5631/3675
f 1829/5632/3676 1820/5633/3677 1819/5634/3678
f 1830/5635/3679 1821/5636/3680 1820/5637/3651
f 1832/5638/3681 1821/5639/3656 1831/5640/3682
f 1833/5641/3683 1822/5642/3684 1832/5643/3685
f 1834/5644/3686 1823/5645/3687 1833/5646/3688
f 1835/5647/3689 1824/5648/3690 1834/5649/3691
f 1827/5650/3692 1825/5651/3668 1835/5652/3693
f 1837/5653/3694 1826/5654/3695 1827/5655/3696
f 1836/5656/3697 1828/5657/3698 1826/5658/3699
f 1838/5659/3700 1829/5660/3701 1828/5661/3702
f 1839/5662/3703 1830/5663/3704 1829/5664/3705
f 1840/5665/3706 1831/5666/3707 1830/5667/3708
f 1842/5668/3709 1831/5669/3710 1841/5670/3711
f 1843/5671/3712 1832/5672/3713 1842/5673/3714
f 1844/5674/3715 1833/5675/3716 1843/5676/3715
f 1845/5677/3717 1834/5678/3718 1844/5679/3719
f 1837/5680/3720 1835/5681/3721 1845/5682/3722
f 1847/5683/3723 1836/5684/3724 1837/5685/3725
f 1846/5686/3726 1838/5687/3727 1836/5688/3728
f 1848/5689/3729 1839/5690/3730 1838/5691/3731
f 1849/5692/3732 1840/5693/3733 1839/5694/3734
f 1850/5695/3735 1841/5696/3736 1840/5697/3737
f 1852/5698/3738 1841/5699/3739 1851/5700/3740
f 1853/5701/3741 1842/5702/3714 1852/5703/3742
f 1854/5704/3743 1843/5705/3744 1853/5706/3745
f 1855/5707/3746 1844/5708/3747 1854/5709/3748
f 1847/5710/3749 1845/5711/3750 1855/5712/3751
f 1857/5713/3752 1846/5714/3753 1847/5715/3754
f 1856/5716/3755 1848/5717/3756 1846/5718/3757
f 1858/5719/3758 1849/5720/3759 1848/5721/3759
f 1859/5722/3760 1850/5723/3761 1849/5724/3762
f 1860/5725/3763 1851/5726/3764 1850/5727/3765
f 1862/5728/3766 1851/5729/3767 1861/5730/3768
f 1863/5731/3769 1852/5732/3770 1862/5733/3771
f 1864/5734/3772 1853/5735/3773 1863/5736/3774
f 1865/5737/3775 1854/5738/3776 1864/5739/3777
f 1857/5740/3778 1855/5741/3779 1865/5742/3780
f 1867/5743/3781 1856/5744/3782 1857/5745/3783
f 1866/5746/3784 1858/5747/3785 1856/5748/3786
f 1868/5749/3787 1859/5750/3788 1858/5751/3789
f 1869/5752/3790 1860/5753/3791 1859/5754/3760
f 1870/5755/3792 1861/5756/3793 1860/5757/3794
f 1872/5758/3795 1861/5759/3796 1871/5760/3797
f 1873/5761/3798 1862/5762/3799 1872/5763/3800
f 1874/5764/3801 1863/5765/3802 1873/5766/3801
f 1875/5767/3803 1864/5768/3777 1874/5769/3804
f 1867/5770/3805 1865/5771/3806 1875/5772/3807
f 1726/5773/3808 1866/5774/3809 1867/5775/3810
f 1727/5776/3811 1868/5777/3812 1866/5778/3813
f 1728/5779/3814 1869/5780/3815 1868/5781/3815
f 1729/5782/3816 1870/5783/3817 1869/5784/3818
f 1730/5785/3819 1871/5786/3820 1870/5787/3821
f 1732/5788/3822 1871/5789/3823 1731/5790/3824
f 1733/5791/3825 1872/5792/3826 1732/5793/3827
f 1734/5794/3828 1873/5795/3829 1733/5796/3830
f 1735/5797/3831 1874/5798/3832 1734/5799/3833
f 1726/5800/3834 1875/5801/3835 1735/5802/3836
f 1878/5803/3837 1876/5804/3838 1879/5805/3839
f 1881/5806/3840 1877/5807/3841 1878/5808/3842
f 1883/5809/3843 1880/5810/3844 1881/5811/3845
f 1883/5812/3846 1884/5813/3847 1882/5814/3848
f 1885/5815/3849 1886/5816/3850 1884/5817/3851
f 1887/5818/3852 1888/5819/3853 1886/5820/3854
f 1889/5821/3855 1890/5822/3856 1888/5823/3857
f 1891/5824/3858 1892/5825/3859 1890/5826/3860
f 1895/5827/3861 1892/5828/3862 1893/5829/3863
f 1879/5830/3864 1894/5831/3865 1895/5832/3866
f 1889/5833/3867 1881/5834/3867 1879/5835/3868
f 1902/5836/3869 1898/5837/3869 1896/5838/3869
f 1907/5839/3870 1892/5840/3871 1894/5841/3872
f 1906/5842/3873 1890/5843/3874 1892/5844/3875
f 1908/5845/3876 1888/5846/3877 1890/5847/3878
f 1909/5848/3879 1886/5849/3880 1888/5850/3881
f 1910/5851/3882 1884/5852/3883 1886/5853/3884
f 1912/5854/3885 1884/5855/3886 1911/5856/3887
f 1913/5857/3888 1882/5858/3889 1912/5859/3890
f 1914/5860/3891 1880/5861/3892 1913/5862/3893
f 1915/5863/3894 1877/5864/3895 1914/5865/3896
f 1907/5866/3897 1876/5867/3898 1915/5868/3899
f 1917/5869/3900 1906/5870/3901 1907/5871/3902
f 1916/5872/3903 1908/5873/3904 1906/5874/3905
f 1918/5875/3906 1909/5876/3906 1908/5877/3906
f 1919/5878/3907 1910/5879/3908 1909/5880/3909
f 1920/5881/3910 1911/5882/3911 1910/5883/3912
f 1922/5884/3913 1911/5885/3914 1921/5886/3915
f 1923/5887/3916 1912/5888/3917 1922/5889/3918
f 1924/5890/3919 1913/5891/3919 1923/5892/3919
f 1925/5893/3920 1914/5894/3921 1924/5895/3922
f 1917/5896/3923 1915/5897/3924 1925/5898/3925
f 1927/5899/3926 1916/5900/3927 1917/5901/3900
f 1926/5902/3928 1918/5903/3929 1916/5904/3930
f 1928/5905/3931 1919/5906/3932 1918/5907/3932
f 1929/5908/3933 1920/5909/3934 1919/5910/3935
f 1930/5911/3936 1921/5912/3937 1920/5913/3938
f 1932/5914/3939 1921/5915/3940 1931/5916/3941
f 1933/5917/3942 1922/5918/3943 1932/5919/3944
f 1934/5920/3945 1923/5921/3946 1933/5922/3945
f 1935/5923/3947 1924/5924/3948 1934/5925/3949
f 1927/5926/3950 1925/5927/3951 1935/5928/3952
f 1937/5929/3953 1926/5930/3954 1927/5931/3955
f 1936/5932/3956 1928/5933/3957 1926/5934/3958
f 1938/5935/3959 1929/5936/3960 1928/5937/3961
f 1939/5938/3962 1930/5939/3963 1929/5940/3933
f 1941/5941/3964 1930/5942/3965 1940/5943/3966
f 1942/5944/3967 1931/5945/3968 1941/5946/3969
f 1943/5947/3970 1932/5948/3971 1942/5949/3972
f 1944/5950/3973 1933/5951/3974 1943/5952/3975
f 1945/5953/3976 1934/5954/3949 1944/5955/3977
f 1945/5956/3978 1927/5957/3979 1935/5958/3980
f 1947/5959/3981 1936/5960/3982 1937/5961/3983
f 1946/5962/3984 1938/5963/3985 1936/5964/3986
f 1948/5965/3987 1939/5966/3988 1938/5967/3959
f 1949/5968/3989 1940/5969/3990 1939/5970/3991
f 1951/5971/3992 1940/5972/3993 1950/5973/3994
f 1952/5974/3995 1941/5975/3996 1951/5976/3997
f 1953/5977/3998 1942/5978/3999 1952/5979/3998
f 1954/5980/4000 1943/5981/3975 1953/5982/4001
f 1955/5983/4002 1944/5984/4003 1954/5985/4004
f 1955/5986/4005 1937/5987/4006 1945/5988/4007
f 1957/5989/4008 1946/5990/4009 1947/5991/4010
f 1956/5992/4011 1948/5993/4012 1946/5994/4012
f 1958/5995/4013 1949/5996/4014 1948/5997/4015
f 1959/5998/4016 1950/5999/4017 1949/6000/4018
f 1961/6001/4019 1950/6002/4020 1960/6003/4021
f 1962/6004/4022 1951/6005/4023 1961/6006/4024
f 1963/6007/4025 1952/6008/4026 1962/6009/4025
f 1964/6010/4027 1953/6011/4028 1963/6012/4029
f 1965/6013/4030 1954/6014/4031 1964/6015/4032
f 1965/6016/4033 1947/6017/4034 1955/6018/4035
f 1967/6019/4036 1956/6020/4036 1957/6021/4036
f 1966/6022/4037 1958/6023/4038 1956/6024/4039
f 1968/6025/4040 1959/6026/4041 1958/6027/4042
f 1970/6028/4043 1959/6029/4044 1969/6030/4045
f 1971/6031/4046 1960/6032/4047 1970/6033/4048
f 1972/6034/4049 1961/6035/4050 1971/6036/4049
f 1973/6037/4051 1962/6038/4052 1972/6039/4053
f 1974/6040/4054 1963/6041/4055 1973/6042/4056
f 1974/6043/4057 1965/6044/4058 1964/6045/4059
f 1975/6046/4060 1957/6047/4061 1965/6048/4062
f 1977/6049/4063 1966/6050/4063 1967/6051/4063
f 1976/6052/4064 1968/6053/4065 1966/6054/4066
f 1978/6055/4067 1969/6056/4068 1968/6057/4069
f 1980/6058/4070 1969/6059/4071 1979/6060/4072
f 1981/6061/4073 1970/6062/4074 1980/6063/4075
f 1982/6064/4076 1971/6065/4077 1981/6066/4076
f 1983/6067/4078 1972/6068/4079 1982/6069/4080
f 1984/6070/4081 1973/6071/4082 1983/6072/4083
f 1984/6073/4084 1975/6074/4085 1974/6075/4086
f 1985/6076/4087 1967/6077/4088 1975/6078/4089
f 1987/6079/4090 1976/6080/4091 1977/6081/4092
f 1986/6082/4093 1978/6083/4094 1976/6084/4095
f 1989/6085/4096 1978/6086/4097 1988/6087/4098
f 1990/6088/4099 1979/6089/4100 1989/6090/4101
f 1991/6091/4102 1980/6092/4103 1990/6093/4102
f 1992/6094/4104 1981/6095/4105 1991/6096/4106
f 1993/6097/4107 1982/6098/4108 1992/6099/4109
f 1993/6100/4110 1984/6101/4111 1983/6102/4112
f 1994/6103/4113 1985/6104/4114 1984/6105/4115
f 1995/6106/4116 1977/6107/4117 1985/6108/4117
f 1896/6109/4118 1986/6110/4119 1987/6111/4120
f 1898/6112/4121 1986/6113/4122 1897/6114/4123
f 1899/6115/4124 1988/6116/4125 1898/6117/4126
f 1900/6118/4127 1989/6119/4128 1899/6120/4129
f 1901/6121/4130 1990/6122/4131 1900/6123/4132
f 1902/6124/4133 1991/6125/4134 1901/6126/4135
f 1902/6127/4136 1993/6128/4137 1992/6129/4138
f 1903/6130/4139 1994/6131/4140 1993/6132/4141
f 1904/6133/4142 1995/6134/4143 1994/6135/4144
f 1905/6136/4145 1987/6137/4146 1995/6138/4147
f 688/2403/656 687/6139/4148 686/2404/657
f 691/2406/659 690/6140/4149 687/2407/660
f 693/2409/662 692/6141/4150 690/2410/663
f 695/2412/665 694/6142/4151 692/2413/666
f 695/2415/668 697/6143/4152 696/2416/669
f 697/2418/671 699/6144/4153 698/2419/672
f 699/2421/674 701/6145/4154 700/2422/675
f 701/2424/677 703/6146/4155 702/2425/678
f 703/2427/680 705/6147/4156 704/2428/681
f 689/2430/683 686/6148/4157 704/2431/684
f 689/2435/687 705/6149/687 703/6150/4158
f 703/6150/4158 701/6151/687 699/2433/686
f 699/2433/686 697/6152/4159 695/6153/686
f 695/6153/686 693/6154/687 691/2434/687
f 691/2434/687 688/6155/687 689/2435/687
f 689/2435/687 703/6150/4158 699/2433/686
f 699/2433/686 695/6153/686 691/2434/687
f 706/2438/690 715/6156/690 714/6157/688
f 714/6157/688 713/6158/688 712/2436/688
f 712/2436/688 711/6159/4160 710/6160/4161
f 710/6160/4161 709/6161/4162 708/2437/689
f 708/2437/689 707/6162/690 706/2438/690
f 706/2438/690 714/6157/688 712/2436/688
f 712/2436/688 710/6160/4161 708/2437/689
f 717/2439/691 716/6163/691 702/2440/692
f 716/2442/694 718/6164/694 700/2443/694
f 718/2445/695 719/6165/4163 698/2446/696
f 719/2448/698 720/6166/4164 696/2449/699
f 721/2451/701 694/6167/4165 696/2452/702
f 722/2454/704 692/6168/4166 694/2455/705
f 723/2457/707 690/6169/707 692/2458/707
f 724/2460/708 687/6170/4167 690/2461/709
f 725/2463/711 686/6171/4168 687/2464/712
f 725/2466/714 717/6172/4169 704/2467/715
f 726/2469/717 716/6173/4170 717/2470/718
f 728/2472/720 718/6174/4171 716/2473/721
f 728/2475/723 729/6175/4172 719/2476/724
f 729/2478/726 730/6176/4173 720/2479/727
f 730/2481/729 731/6177/4174 721/2482/730
f 731/2484/732 732/6178/4175 722/2485/733
f 732/2487/735 733/6179/4176 723/2488/736
f 734/2490/738 724/6180/4177 723/2491/739
f 735/2493/741 725/6181/4178 724/2494/742
f 727/2496/744 717/6182/4179 725/2497/745
f 736/2499/747 726/6183/4180 727/2500/748
f 736/2502/750 738/6184/4181 728/2503/751
f 738/2505/753 739/6185/4182 729/2506/754
f 739/2508/756 740/6186/4183 730/2509/757
f 740/2511/759 741/6187/4184 731/2512/760
f 741/2514/762 742/6188/4185 732/2515/763
f 743/2517/765 733/6189/4186 732/2518/766
f 744/2520/768 734/6190/4187 733/2521/769
f 745/2523/771 735/6191/4188 734/2524/772
f 737/2526/774 727/6192/4189 735/2527/775
f 746/2529/777 736/6193/4190 737/2530/778
f 746/2532/780 748/6194/4191 738/2533/781
f 748/2535/783 749/6195/4192 739/2536/784
f 749/2538/786 750/6196/4193 740/2539/787
f 750/2541/789 751/6197/4194 741/2542/790
f 751/2544/792 752/6198/4195 742/2545/793
f 753/2547/795 743/6199/4196 742/2548/796
f 754/2550/798 744/6200/4197 743/2551/799
f 755/2553/801 745/6201/4198 744/2554/802
f 747/2556/804 737/6202/4199 745/2557/805
f 756/2559/807 746/6203/4200 747/2560/808
f 756/2562/810 758/6204/4201 748/2563/811
f 758/2565/813 759/6205/4202 749/2566/814
f 759/2568/816 760/6206/4203 750/2569/817
f 760/2571/819 761/6207/4204 751/2572/820
f 761/2574/822 762/6208/4205 752/2575/823
f 763/2577/825 753/6209/4206 752/2578/826
f 764/2580/828 754/6210/4207 753/2581/829
f 765/2583/831 755/6211/4208 754/2584/832
f 757/2586/834 747/6212/4209 755/2587/835
f 766/2589/837 756/6213/4210 757/2590/838
f 766/2592/840 768/6214/4211 758/2593/841
f 768/2595/843 769/6215/4212 759/2596/844
f 769/2598/846 770/6216/4213 760/2599/847
f 770/2601/849 771/6217/4214 761/2602/850
f 771/2604/852 772/6218/4215 762/2605/853
f 773/2607/855 763/6219/4216 762/2608/856
f 774/2610/858 764/6220/4217 763/2611/859
f 775/2613/861 765/6221/4218 764/2614/862
f 767/2616/864 757/6222/4219 765/2617/865
f 776/2619/867 766/6223/4220 767/2620/868
f 776/2622/870 778/6224/4221 768/2623/871
f 778/2625/873 779/6225/4222 769/2626/874
f 779/2628/876 780/6226/4223 770/2629/877
f 780/2631/879 781/6227/4224 771/2632/880
f 781/2634/882 782/6228/4225 772/2635/883
f 783/2637/885 773/6229/4226 772/2638/886
f 784/2640/888 774/6230/4227 773/2641/889
f 785/2643/891 775/6231/4228 774/2644/892
f 777/2646/894 767/6232/4229 775/2647/895
f 786/2649/897 776/6233/4230 777/2650/898
f 786/2652/900 788/6234/4231 778/2653/901
f 788/2655/903 789/6235/4232 779/2656/904
f 789/2658/906 790/6236/4233 780/2659/907
f 790/2661/909 791/6237/4234 781/2662/910
f 791/2664/912 792/6238/4235 782/2665/913
f 793/2667/915 783/6239/4236 782/2668/916
f 794/2670/918 784/6240/4237 783/2671/919
f 795/2673/921 785/6241/4238 784/2674/922
f 787/2676/924 777/6242/4239 785/2677/925
f 796/2679/927 786/6243/4240 787/2680/928
f 796/2682/930 798/6244/4241 788/2683/931
f 798/2685/933 799/6245/4242 789/2686/934
f 799/2688/936 800/6246/4243 790/2689/937
f 800/2691/939 801/6247/4244 791/2692/940
f 801/2694/942 802/6248/4245 792/2695/943
f 803/2697/945 793/6249/4246 792/2698/946
f 804/2700/948 794/6250/4247 793/2701/949
f 805/2703/951 795/6251/4248 794/2704/952
f 797/2706/954 787/6252/4249 795/2707/955
f 806/2709/957 796/6253/4250 797/2710/958
f 806/2712/960 808/6254/4251 798/2713/961
f 808/2715/963 809/6255/4252 799/2716/964
f 809/2718/966 810/6256/4253 800/2719/967
f 810/2721/969 811/6257/4254 801/2722/970
f 811/2724/972 812/6258/4255 802/2725/973
f 813/2727/975 803/6259/4256 802/2728/976
f 814/2730/978 804/6260/4257 803/2731/979
f 815/2733/981 805/6261/4258 804/2734/982
f 807/2736/984 797/6262/4259 805/2737/985
f 816/2739/987 806/6263/4260 807/2740/988
f 818/2742/990 808/6264/4261 806/2743/991
f 818/2745/993 819/6265/4262 809/2746/994
f 819/2748/996 820/6266/4263 810/2749/997
f 820/2751/999 821/6267/4264 811/2752/1000
f 821/2754/1002 822/6268/4265 812/2755/1003
f 822/2757/1005 823/6269/4266 813/2758/1006
f 824/2760/1008 814/6270/4267 813/2761/1009
f 825/2763/1011 815/6271/4268 814/2764/1012
f 817/2766/1014 807/6272/4269 815/2767/1015
f 826/2769/1017 816/6273/4270 817/2770/1018
f 828/2772/1020 818/6274/4271 816/2773/1021
f 828/2775/1023 829/6275/4272 819/2776/1024
f 829/2778/1026 830/6276/4273 820/2779/1027
f 830/2781/1029 831/6277/4274 821/2782/1030
f 831/2784/1032 832/6278/1062 822/2785/1033
f 832/2787/1035 833/6279/4275 823/2788/1036
f 834/2790/1038 824/6280/4276 823/2791/1039
f 835/2793/1041 825/6281/4277 824/2794/1042
f 827/2796/1044 817/6282/4278 825/2797/1045
f 836/2799/1047 826/6283/1017 827/2800/1019
f 838/2802/1049 828/6284/4279 826/2803/1050
f 838/2805/1052 839/6285/4280 829/2806/1053
f 839/2808/1055 840/6286/4281 830/2809/1056
f 840/2811/1058 841/6287/4282 831/2812/1059
f 841/2814/1061 842/6288/4283 832/2815/1062
f 842/2817/1063 843/6289/4284 833/2818/1064
f 844/2820/1066 834/6290/4285 833/2821/1067
f 845/2823/1069 835/6291/4286 834/2824/1070
f 837/2826/1072 827/6292/4287 835/2827/1073
f 846/2829/1075 836/6293/4288 837/2830/1076
f 848/2832/1078 838/6294/4289 836/2833/1079
f 848/2835/1081 849/6295/4290 839/2836/1082
f 849/2838/1084 850/6296/4291 840/2839/1085
f 850/2841/1087 851/6297/4292 841/2842/1088
f 851/2844/1090 852/6298/4293 842/2845/1091
f 852/2847/1093 853/6299/4294 843/2848/1094
f 854/2850/1096 844/6300/4295 843/2851/1097
f 855/2853/1099 845/6301/4296 844/2854/1100
f 847/2856/1102 837/6302/4297 845/2857/1103
f 707/2859/1105 846/6303/4298 847/2860/1106
f 708/2862/1108 848/6304/4299 846/2863/1109
f 708/2865/1111 709/6305/4300 849/2866/1112
f 709/2868/1114 710/6306/4301 850/2869/1115
f 710/2871/1117 711/6307/4302 851/2872/1118
f 711/2874/1120 712/6308/4303 852/2875/1121
f 712/2877/1123 713/6309/4304 853/2878/1124
f 714/2880/1126 854/6310/4305 853/2881/1127
f 715/2883/1129 855/6311/4306 854/2884/1130
f 706/2886/1132 847/6312/1133 855/2887/1133
f 858/2889/1135 857/6313/4307 856/2890/1136
f 861/2892/1138 860/6314/4308 857/2893/1139
f 861/2895/1141 863/6315/4309 862/2896/1142
f 863/2898/1144 865/6316/4310 864/2899/1145
f 865/2901/1147 867/6317/1147 866/2902/1148
f 867/2904/1149 869/6318/4311 868/2905/1150
f 869/2907/1152 871/6319/4312 870/2908/1153
f 873/2910/1155 872/6320/4313 870/2911/1156
f 875/2913/1158 874/6321/4314 872/2914/1159
f 859/2916/1161 856/6322/1161 874/2917/1161
f 859/2921/1162 875/6323/4315 873/6324/1162
f 873/6324/1162 871/6325/4316 869/2919/1162
f 869/2919/1162 867/6326/1163 865/6327/1163
f 865/6327/1163 863/6328/4317 861/2920/1163
f 861/2920/1163 858/6329/4318 859/2921/1162
f 859/2921/1162 873/6324/1162 869/2919/1162
f 869/2919/1162 865/6327/1163 861/2920/1163
f 876/2924/1164 885/6330/1164 884/6331/1164
f 884/6331/1164 883/6332/1164 882/2922/1164
f 882/2922/1164 881/6333/1165 880/6334/1165
f 880/6334/1165 879/6335/4319 878/2923/1165
f 878/2923/1165 877/6336/4320 876/2924/1164
f 876/2924/1164 884/6331/1164 882/2922/1164
f 882/2922/1164 880/6334/1165 878/2923/1165
f 886/2925/1166 872/6337/4321 874/2926/1167
f 888/2928/1169 870/6338/4322 872/2929/1170
f 888/2931/1172 889/6339/4323 868/2932/1173
f 889/2934/1175 890/6340/4324 866/2935/1176
f 890/2937/1178 891/6341/4325 864/2938/1179
f 891/2940/1181 892/6342/4326 862/2941/1182
f 892/2943/1184 893/6343/4327 860/2944/1185
f 894/2946/1187 857/6344/4328 860/2947/1188
f 895/2949/1190 856/6345/4329 857/2950/1191
f 887/2952/1193 874/6346/4330 856/2953/1194
f 896/2955/1196 886/6347/4331 887/2956/1197
f 896/2958/1199 898/6348/4332 888/2959/1200
f 898/2961/1202 899/6349/4333 889/2962/1203
f 899/2964/1205 900/6350/4334 890/2965/1206
f 900/2967/1208 901/6351/4335 891/2968/1209
f 901/2970/1211 902/6352/4336 892/2971/1212
f 903/2973/1214 893/6353/4337 892/2974/1215
f 904/2976/1217 894/6354/4338 893/2977/1218
f 905/2979/1220 895/6355/4339 894/2980/1221
f 897/2982/1223 887/6356/4340 895/2983/1224
f 906/2985/1225 896/6357/4341 897/2986/1226
f 908/2988/1228 898/6358/4342 896/2989/1229
f 908/2991/1231 909/6359/4343 899/2992/1232
f 909/2994/1234 910/6360/4344 900/2995/1235
f 910/2997/1237 911/6361/1237 901/2998/1238
f 911/3000/1240 912/6362/4345 902/3001/1241
f 912/3003/1243 913/6363/4346 903/3004/1244
f 914/3006/1246 904/6364/4347 903/3007/1247
f 915/3009/1249 905/6365/4348 904/3010/1250
f 907/3012/1252 897/6366/4349 905/3013/1253
f 916/3015/1255 906/6367/4350 907/3016/1256
f 918/3018/1258 908/6368/4351 906/3019/1259
f 918/3021/1261 919/6369/4352 909/3022/1262
f 919/3024/1264 920/6370/4353 910/3025/1265
f 920/3027/1267 921/6371/4354 911/3028/1268
f 921/3030/1270 922/6372/4355 912/3031/1271
f 922/3033/1273 923/6373/4356 913/3034/1274
f 924/3036/1276 914/6374/4357 913/3037/1277
f 925/3039/1279 915/6375/4358 914/3040/1280
f 917/3042/1282 907/6376/4359 915/3043/1283
f 926/3045/1285 916/6377/4360 917/3046/1286
f 926/3048/1288 928/6378/4361 918/3049/1289
f 928/3051/1291 929/6379/4362 919/3052/1292
f 929/3054/1294 930/6380/4363 920/3055/1295
f 930/3057/1297 931/6381/4364 921/3058/1298
f 931/3060/1300 932/6382/4365 922/3061/1301
f 933/3063/1303 923/6383/4366 922/3064/1304
f 934/3066/1306 924/6384/4367 923/3067/1307
f 935/3069/1309 925/6385/4368 924/3070/1310
f 927/3072/1312 917/6386/4369 925/3073/1313
f 936/3075/1315 926/6387/4370 927/3076/1316
f 936/3078/1318 938/6388/4371 928/3079/1319
f 938/3081/1321 939/6389/4372 929/3082/1322
f 939/3084/1324 940/6390/1324 930/3085/1325
f 940/3087/1326 941/6391/4373 931/3088/1327
f 941/3090/1329 942/6392/4374 932/3091/1330
f 943/3093/1332 933/6393/4375 932/3094/1333
f 944/3096/1335 934/6394/4376 933/3097/1336
f 945/3099/1338 935/6395/1339 934/3100/1339
f 937/3102/1340 927/6396/4377 935/3103/1341
f 946/3105/1343 936/6397/4378 937/3106/1344
f 946/3108/1346 948/6398/4379 938/3109/1347
f 948/3111/1349 949/6399/4380 939/3112/1350
f 949/3114/1352 950/6400/4381 940/3115/1353
f 950/3117/1355 951/6401/4382 941/3118/1356
f 951/3120/1358 952/6402/1387 942/3121/1359
f 953/3123/1361 943/6403/4383 942/3124/1362
f 954/3126/1364 944/6404/4384 943/3127/1365
f 955/3129/1367 945/6405/4385 944/3130/1368
f 947/3132/1370 937/6406/4386 945/3133/1371
f 956/3135/1373 946/6407/1343 947/3136/1345
f 958/3138/1375 948/6408/4387 946/3139/1376
f 958/3141/1378 959/6409/4388 949/3142/1379
f 959/3144/1381 960/6410/4389 950/3145/1382
f 960/3147/1384 961/6411/1384 951/3148/1385
f 961/3150/1386 962/6412/4390 952/3151/1387
f 962/3153/1388 963/6413/4391 953/3154/1389
f 964/3156/1391 954/6414/4392 953/3157/1392
f 965/3159/1394 955/6415/4393 954/3160/1395
f 957/3162/1397 947/6416/1398 955/3163/1398
f 967/3165/1400 966/6417/1400 956/3166/1401
f 966/3168/1403 968/6418/1403 958/3169/1404
f 969/3171/1405 959/6419/4394 958/3172/1406
f 969/3174/1407 970/6420/4395 960/3175/1407
f 970/3177/1409 971/6421/4396 961/3178/1410
f 971/3180/1411 972/6422/1402 962/3181/1412
f 973/3183/1414 963/6423/4397 962/3184/1414
f 974/3186/1405 964/6424/4398 963/3187/1405
f 974/3189/1415 975/3189/4399 965/3189/1416
f 975/3190/1418 967/6425/1418 957/3191/1419
f 977/3193/1421 976/6426/4400 966/3194/1422
f 976/3196/1424 978/6427/4401 968/3197/1425
f 979/3199/1427 969/6428/4402 968/3200/1428
f 980/3202/1430 970/6429/4403 969/3203/1431
f 981/3205/1433 971/6430/4404 970/3206/1434
f 982/3208/1436 972/6431/4405 971/3209/1437
f 983/3211/1439 973/6432/4406 972/3212/1440
f 983/3214/1442 984/6433/4407 974/3215/1443
f 984/3217/1445 985/6434/4408 975/3218/1446
f 985/3220/1448 977/6435/4409 967/3221/1449
f 987/3223/1451 986/6436/1452 976/3224/1452
f 988/3226/1454 978/6437/1464 976/3227/1455
f 989/3229/1456 979/6438/4410 978/3230/1456
f 989/3232/1458 990/6439/4411 980/3233/1459
f 990/3235/1461 991/6440/1461 981/3236/1462
f 991/3238/1452 992/6441/1452 982/3239/1452
f 993/3241/1454 983/6442/1464 982/3242/1464
f 993/3244/1456 994/6443/1456 984/3245/1456
f 995/3247/1465 985/6444/1465 984/3248/1465
f 995/3250/1466 987/6445/4412 977/3251/1467
f 997/3253/1468 996/6446/4413 986/3254/1469
f 996/3256/1471 998/6447/4414 988/3257/1472
f 998/3259/1474 999/6448/4415 989/3260/1475
f 999/3262/1477 1000/6449/4416 990/3263/1478
f 1001/3265/1480 991/6450/4417 990/3266/1481
f 1001/3268/1483 1002/6451/4418 992/3269/1484
f 1003/3271/1486 993/6452/4419 992/3272/1487
f 1004/3274/1489 994/6453/4420 993/3275/1490
f 1005/3277/1492 995/6454/4421 994/3278/1493
f 1005/3280/1495 997/6455/4422 987/3281/1496
f 1007/3283/1498 1006/6456/1510 996/3284/1499
f 1008/3286/1501 998/6457/1502 996/3287/1502
f 1008/3289/1503 1009/6458/4423 999/3290/1503
f 1009/3292/1504 1010/6459/4424 1000/3293/1505
f 1010/3295/1507 1011/6460/1507 1001/3296/1508
f 1011/3298/1510 1012/6461/1499 1002/3299/1510
f 1012/3301/1501 1013/6462/1501 1003/3302/1511
f 1014/3304/1503 1004/6463/1503 1003/3305/1503
f 1014/3307/1512 1015/6464/1512 1005/3308/1513
f 1015/3310/1514 1007/6465/4425 997/3311/1514
f 1016/3313/1515 1006/6466/4426 1007/3314/1516
f 1018/3316/1518 1008/6467/4427 1006/3317/1519
f 1018/3319/1521 1019/6468/4428 1009/3320/1522
f 1019/3322/1524 1020/6469/4429 1010/3323/1525
f 1020/3325/1527 1021/6470/4430 1011/3326/1528
f 1021/3328/1530 1022/6471/4431 1012/3329/1531
f 1022/3331/1533 1023/6472/4432 1013/3332/1534
f 1024/3334/1536 1014/6473/4433 1013/3335/1537
f 1025/3337/1539 1015/6474/4434 1014/3338/1540
f 1017/3340/1542 1007/6475/4435 1015/3341/1543
f 877/3343/1545 1016/6476/4436 1017/3344/1546
f 878/3346/1548 1018/6477/4437 1016/3347/1549
f 878/3349/1551 879/6478/4438 1019/3350/1552
f 879/3352/1554 880/6479/4439 1020/3353/1555
f 880/3355/1557 881/6480/4440 1021/3356/1558
f 881/3358/1560 882/6481/4441 1022/3359/1561
f 882/3361/1563 883/6482/4442 1023/3362/1564
f 884/3364/1566 1024/6483/4443 1023/3365/1567
f 885/3367/1569 1025/6484/4444 1024/3368/1570
f 876/3370/1572 1017/6485/4445 1025/3371/1573
f 1028/3373/1575 1027/6486/4446 1026/3374/1576
f 1031/3376/1578 1030/6487/4447 1027/3377/1579
f 1031/3379/1581 1033/6488/4448 1032/3380/1582
f 1033/3382/1584 1035/6489/4449 1034/3383/1585
f 1035/3385/1587 1037/6490/4450 1036/3386/1588
f 1037/3388/1590 1039/6491/4451 1038/3389/1591
f 1039/3391/1593 1041/6492/4452 1040/3392/1594
f 1043/3394/1596 1042/6493/4453 1040/3395/1597
f 1045/3397/1599 1044/6494/4454 1042/3398/1600
f 1029/3400/1602 1026/6495/4455 1044/3401/1603
f 1029/3405/1604 1045/6496/4456 1043/6497/1604
f 1043/6497/1604 1041/6498/4457 1039/3403/1604
f 1039/3403/1604 1037/6499/4456 1035/6500/4458
f 1035/6500/4458 1033/6501/4459 1031/3404/1604
f 1031/3404/1604 1028/6502/1604 1029/3405/1604
f 1029/3405/1604 1043/6497/1604 1039/3403/1604
f 1039/3403/1604 1035/6500/4458 1031/3404/1604
f 1046/3408/1606 1055/6503/1606 1054/6504/1606
f 1054/6504/1606 1053/6505/1606 1052/3406/1605
f 1052/3406/1605 1051/6506/4460 1050/6507/4460
f 1050/6507/4460 1049/6508/4461 1048/3407/1605
f 1048/3407/1605 1047/6509/4462 1046/3408/1606
f 1046/3408/1606 1054/6504/1606 1052/3406/1605
f 1052/3406/1605 1050/6507/4460 1048/3407/1605
f 1056/3409/1607 1042/6510/4463 1044/3410/1608
f 1058/3412/1610 1040/6511/4464 1042/3413/1611
f 1058/3415/1613 1059/6512/4465 1038/3416/1614
f 1059/3418/1616 1060/6513/4466 1036/3419/1617
f 1060/3421/1619 1061/6514/4467 1034/3422/1620
f 1061/3424/1622 1062/6515/4468 1032/3425/1623
f 1062/3427/1625 1063/6516/4469 1030/3428/1626
f 1064/3430/1628 1027/6517/4470 1030/3431/1629
f 1065/3433/1631 1026/6518/1632 1027/3434/1632
f 1057/3436/1633 1044/6519/4471 1026/3437/1634
f 1066/3439/1636 1056/6520/4472 1057/3440/1637
f 1066/3442/1639 1068/6521/4473 1058/3443/1640
f 1068/3445/1642 1069/6522/4474 1059/3446/1643
f 1069/3448/1645 1070/6523/1676 1060/3449/1646
f 1070/3451/1648 1071/6524/4475 1061/3452/1649
f 1071/3454/1651 1072/6525/4476 1062/3455/1652
f 1073/3457/1654 1063/6526/4477 1062/3458/1655
f 1074/3460/1657 1064/6527/4478 1063/3461/1658
f 1075/3463/1660 1065/6528/4479 1064/3464/1661
f 1067/3466/1663 1057/6529/4480 1065/3467/1664
f 1076/3469/1666 1066/6530/4481 1067/3470/1667
f 1078/3472/1669 1068/6531/4482 1066/3473/1670
f 1078/3475/1672 1079/6532/4483 1069/3476/1673
f 1079/3478/1675 1080/6533/4484 1070/3479/1676
f 1080/3481/1677 1081/6534/4485 1071/3482/1678
f 1081/3484/1680 1082/6535/1680 1072/3485/1681
f 1082/3487/1683 1083/6536/4486 1073/3488/1684
f 1084/3490/1686 1074/6537/4487 1073/3491/1687
f 1085/3493/1689 1075/6538/1660 1074/3494/1662
f 1077/3496/1691 1067/6539/4488 1075/3497/1692
f 1086/3499/1694 1076/6540/4489 1077/3500/1695
f 1088/3502/1697 1078/6541/4490 1076/3503/1698
f 1088/3505/1700 1089/6542/4491 1079/3506/1701
f 1089/3508/1703 1090/6543/4492 1080/3509/1704
f 1090/3511/1706 1091/6544/1706 1081/3512/1706
f 1091/3514/1707 1092/6545/4493 1082/3515/1708
f 1092/3517/1710 1093/6546/1737 1083/3518/1711
f 1094/3520/1712 1084/6547/4494 1083/3521/1713
f 1095/3523/1715 1085/6548/4495 1084/3524/1716
f 1087/3526/1718 1077/6549/1718 1085/3527/1718
f 1096/3529/1719 1086/6550/4496 1087/3530/1720
f 1098/3532/1722 1088/6551/4497 1086/3533/1723
f 1098/3535/1725 1099/6552/4498 1089/3536/1726
f 1099/3538/1728 1100/6553/4499 1090/3539/1729
f 1100/3541/1731 1101/6554/4500 1091/3542/1732
f 1101/3544/1733 1102/6555/4501 1092/3545/1734
f 1102/3547/1736 1103/6556/4502 1093/3548/1737
f 1104/3550/1738 1094/6557/4503 1093/3551/1739
f 1105/3553/1741 1095/6558/4504 1094/3554/1742
f 1097/3556/1744 1087/6559/1745 1095/3557/1745
f 1106/3559/1746 1096/6560/1746 1097/3560/1746
f 1108/3562/1747 1098/6561/1747 1096/3563/1747
f 1108/3565/1748 1109/6562/1748 1099/3566/1748
f 1109/3568/1749 1110/6563/1749 1100/3569/1749
f 1110/3571/1750 1111/6564/1772 1101/3572/1751
f 1111/3574/1753 1112/6565/1753 1102/3575/1754
f 1112/3577/1755 1113/6566/1755 1103/3578/1755
f 1114/3580/1757 1104/6567/1757 1103/3581/1757
f 1115/3583/1758 1105/6568/1759 1104/3584/1759
f 1107/3586/1760 1097/6569/1761 1105/3587/1761
f 1116/3589/1763 1106/6570/1763 1107/3590/1763
f 1118/3592/1764 1108/6571/1765 1106/3593/1765
f 1118/3595/1767 1119/6572/1789 1109/3596/1768
f 1119/3598/1769 1120/6573/1791 1110/3599/1770
f 1120/3601/1771 1121/6574/1771 1111/3602/1772
f 1121/3604/1773 1122/6575/1773 1112/3605/1774
f 1122/3607/1775 1123/6576/1775 1113/3608/1775
f 1124/3610/1776 1114/6577/1777 1113/3611/1777
f 1125/3613/1779 1115/6578/1780 1114/3614/1780
f 1117/3616/1782 1107/6579/1760 1115/3617/1762
f 1126/3619/1783 1116/6580/4505 1117/3620/1784
f 1128/3622/1786 1118/6581/1764 1116/3623/1766
f 1128/3625/1788 1129/6582/4506 1119/3626/1789
f 1129/3628/1790 1130/6583/4507 1120/3629/1791
f 1130/3631/1792 1131/6584/1792 1121/3632/1793
f 1131/3634/1795 1132/6585/4508 1122/3635/1796
f 1132/3637/1798 1133/6586/1821 1123/3638/1799
f 1134/3640/1801 1124/6587/1776 1123/3641/1778
f 1135/3643/1803 1125/6588/1779 1124/3644/1781
f 1127/3646/1805 1117/6589/1806 1125/3647/1806
f 1136/3649/1808 1126/6590/1808 1127/3650/1808
f 1138/3652/1809 1128/6591/1786 1126/3653/1787
f 1138/3655/1811 1139/6592/4509 1129/3656/1812
f 1139/3658/1814 1140/6593/4510 1130/3659/1815
f 1140/3661/1817 1141/6594/1817 1131/3662/1817
f 1141/3664/1818 1142/6595/1818 1132/3665/1819
f 1142/3667/1820 1143/6596/4511 1133/3668/1821
f 1144/3670/1822 1134/6597/4512 1133/3671/1823
f 1145/3673/1825 1135/6598/4513 1134/3674/1826
f 1137/3676/1828 1127/6599/1828 1135/3677/1828
f 1146/3679/1829 1136/6600/4514 1137/3680/1830
f 1148/3682/1832 1138/6601/4515 1136/3683/1833
f 1148/3685/1835 1149/6602/4516 1139/3686/1836
f 1149/3688/1838 1150/6603/4517 1140/3689/1839
f 1150/3691/1841 1151/6604/4518 1141/3692/1842
f 1151/3694/1844 1152/6605/4519 1142/3695/1845
f 1152/3697/1847 1153/6606/4520 1143/3698/1848
f 1154/3700/1850 1144/6607/4521 1143/3701/1851
f 1155/3703/1853 1145/6608/4522 1144/3704/1854
f 1147/3706/1856 1137/6609/4523 1145/3707/1857
f 1156/3709/1859 1146/6610/4524 1147/3710/1860
f 1156/3712/1862 1158/6611/4525 1148/3713/1863
f 1158/3715/1865 1159/6612/4526 1149/3716/1866
f 1159/3718/1868 1160/6613/1868 1150/3719/1869
f 1160/3721/1871 1161/6614/1871 1151/3722/1872
f 1161/3724/1873 1162/6615/4527 1152/3725/1874
f 1163/3727/1876 1153/6616/4528 1152/3728/1877
f 1164/3730/1879 1154/6617/4529 1153/3731/1880
f 1165/3733/1882 1155/6618/4530 1154/3734/1883
f 1157/3736/1885 1147/6619/1886 1155/3737/1886
f 1166/3739/1887 1156/6620/4531 1157/3740/1888
f 1166/3742/1890 1168/6621/4532 1158/3743/1891
f 1168/3745/1893 1169/6622/4533 1159/3746/1894
f 1169/3748/1896 1170/6623/1896 1160/3749/1897
f 1170/3751/1898 1171/6624/1898 1161/3752/1898
f 1171/3754/1899 1172/6625/4534 1162/3755/1900
f 1173/3757/1902 1163/6626/4535 1162/3758/1903
f 1174/3760/1905 1164/6627/4536 1163/3761/1906
f 1175/3763/1908 1165/6628/1909 1164/3764/1909
f 1167/3766/1910 1157/6629/1911 1165/3767/1911
f 1176/3769/1912 1166/6630/4537 1167/3770/1913
f 1176/3772/1915 1178/6631/4538 1168/3773/1916
f 1178/3775/1918 1179/6632/4539 1169/3776/1919
f 1179/3778/1920 1180/6633/1920 1170/3779/1920
f 1180/3781/1921 1181/6634/4540 1171/3782/1922
f 1181/3784/1924 1182/6635/4541 1172/3785/1925
f 1183/3787/1927 1173/6636/4542 1172/3788/1928
f 1184/3790/1930 1174/6637/4543 1173/3791/1931
f 1185/3793/1932 1175/6638/1932 1174/3794/1932
f 1177/3796/1933 1167/6639/4544 1175/3797/1934
f 1186/3799/1936 1176/6640/4545 1177/3800/1937
f 1188/3802/1939 1178/6641/4546 1176/3803/1940
f 1188/3805/1942 1189/6642/4547 1179/3806/1943
f 1189/3808/1945 1190/6643/4548 1180/3809/1946
f 1190/3811/1948 1191/6644/1948 1181/3812/1949
f 1191/3814/1950 1192/6645/4549 1182/3815/1951
f 1192/3817/1953 1193/6646/4550 1183/3818/1954
f 1194/3820/1956 1184/6647/4551 1183/3821/1957
f 1195/3823/1959 1185/6648/4552 1184/3824/1960
f 1187/3826/1962 1177/6649/4553 1185/3827/1963
f 1047/3829/1965 1186/6650/4554 1187/3830/1966
f 1048/3832/1968 1188/6651/4555 1186/3833/1969
f 1048/3835/1971 1049/6652/4556 1189/3836/1972
f 1049/3838/1974 1050/6653/4557 1190/3839/1975
f 1050/3841/1977 1051/6654/1977 1191/3842/1978
f 1051/3844/1979 1052/6655/4558 1192/3845/1980
f 1052/3847/1982 1053/6656/4559 1193/3848/1983
f 1054/3850/1985 1194/6657/4560 1193/3851/1986
f 1055/3853/1988 1195/6658/1989 1194/3854/1989
f 1046/3856/1990 1187/6659/1990 1195/3857/1990
f 1198/3859/1991 1197/6660/4561 1196/3860/1992
f 1201/3862/1994 1200/6661/4562 1197/3863/1995
f 1203/3865/1997 1202/6662/4563 1200/3866/1998
f 1203/3868/2000 1205/6663/4564 1204/3869/2001
f 1205/3871/2003 1207/6664/4565 1206/3872/2004
f 1207/3874/2006 1209/6665/4566 1208/3875/2007
f 1209/3877/2009 1211/6666/4567 1210/3878/2010
f 1211/3880/2012 1213/6667/4568 1212/3881/2013
f 1215/3883/2015 1214/6668/4569 1212/3884/2016
f 1199/3886/2018 1196/6669/4570 1214/3887/2019
f 1199/3891/2021 1215/6670/4571 1213/6671/4571
f 1213/6671/4571 1211/6672/4572 1209/3889/2021
f 1209/3889/2021 1207/6673/4573 1205/6674/2021
f 1205/6674/2021 1203/6675/4574 1201/3890/2021
f 1201/3890/2021 1198/6676/4575 1199/3891/2021
f 1199/3891/2021 1213/6671/4571 1209/3889/2021
f 1209/3889/2021 1205/6674/2021 1201/3890/2021
f 1216/3894/2022 1225/6677/4576 1224/6678/4577
f 1224/6678/4577 1223/6679/4576 1222/3892/2022
f 1222/3892/2022 1221/6680/2022 1220/6681/2022
f 1220/6681/2022 1219/6682/4578 1218/3893/2022
f 1218/3893/2022 1217/6683/2022 1216/3894/2022
f 1216/3894/2022 1224/6678/4577 1222/3892/2022
f 1222/3892/2022 1220/6681/2022 1218/3893/2022
f 1226/3895/2023 1212/6684/4579 1214/3896/2024
f 1226/3898/2026 1228/6685/4580 1210/3899/2027
f 1228/3901/2029 1229/6686/4581 1208/3902/2030
f 1229/3904/2032 1230/6687/4582 1206/3905/2033
f 1230/3907/2035 1231/6688/4583 1204/3908/2036
f 1231/3910/2038 1232/6689/4584 1202/3911/2039
f 1233/3913/2041 1200/6690/4585 1202/3914/2042
f 1234/3916/2044 1197/6691/4586 1200/3917/2045
f 1235/3919/2047 1196/6692/4587 1197/3920/2048
f 1227/3922/2050 1214/6693/4588 1196/3923/2051
f 1236/3925/2053 1226/6694/4589 1227/3926/2054
f 1236/3928/2056 1238/6695/4590 1228/3929/2057
f 1238/3931/2059 1239/6696/4591 1229/3932/2060
f 1239/3934/2062 1240/6697/4592 1230/3935/2063
f 1240/3937/2065 1241/6698/4593 1231/3938/2066
f 1241/3940/2068 1242/6699/4594 1232/3941/2069
f 1243/3943/2071 1233/6700/4595 1232/3944/2072
f 1244/3946/2074 1234/6701/4596 1233/3947/2075
f 1245/3949/2077 1235/6702/4597 1234/3950/2078
f 1237/3952/2080 1227/6703/4598 1235/3953/2081
f 1246/3955/2083 1236/6704/4599 1237/3956/2084
f 1248/3958/2086 1238/6705/4600 1236/3959/2087
f 1248/3961/2089 1249/6706/4601 1239/3962/2090
f 1249/3964/2092 1250/6707/4602 1240/3965/2093
f 1250/3967/2095 1251/6708/4603 1241/3968/2096
f 1251/3970/2097 1252/6709/4604 1242/3971/2098
f 1252/3973/2100 1253/6710/4605 1243/3974/2101
f 1254/3976/2103 1244/6711/4606 1243/3977/2104
f 1255/3979/2106 1245/6712/4607 1244/3980/2107
f 1247/3982/2109 1237/6713/4608 1245/3983/2110
f 1256/3985/2111 1246/6714/4609 1247/3986/2112
f 1258/3988/2114 1248/6715/4610 1246/3989/2115
f 1258/3991/2117 1259/6716/4611 1249/3992/2118
f 1259/3994/2120 1260/6717/4612 1250/3995/2121
f 1260/3997/2123 1261/6718/4613 1251/3998/2124
f 1261/4000/2126 1262/6719/4614 1252/4001/2127
f 1262/4003/2129 1263/6720/4615 1253/4004/2130
f 1264/4006/2132 1254/6721/4616 1253/4007/2133
f 1265/4009/2135 1255/6722/4617 1254/4010/2136
f 1257/4012/2138 1247/6723/4618 1255/4013/2139
f 1266/4015/2141 1256/6724/4619 1257/4016/2142
f 1266/4018/2144 1268/6725/4620 1258/4019/2145
f 1268/4021/2147 1269/6726/4621 1259/4022/2148
f 1269/4024/2150 1270/6727/4622 1260/4025/2151
f 1270/4027/2153 1271/6728/4623 1261/4028/2154
f 1271/4030/2156 1272/6729/4624 1262/4031/2157
f 1273/4033/2159 1263/6730/4625 1262/4034/2160
f 1274/4036/2162 1264/6731/4626 1263/4037/2163
f 1275/4039/2165 1265/6732/4627 1264/4040/2166
f 1267/4042/2168 1257/6733/4628 1265/4043/2169
f 1276/4045/2171 1266/6734/4629 1267/4046/2172
f 1276/4048/2174 1278/6735/4630 1268/4049/2175
f 1278/4051/2177 1279/6736/4631 1269/4052/2178
f 1279/4054/2180 1280/6737/4632 1270/4055/2181
f 1280/4057/2183 1281/6738/4633 1271/4058/2184
f 1281/4060/2186 1282/6739/4634 1272/4061/2187
f 1283/4063/2189 1273/6740/4635 1272/4064/2190
f 1284/4066/2192 1274/6741/4636 1273/4067/2193
f 1285/4069/2195 1275/6742/4637 1274/4070/2196
f 1277/4072/2198 1267/6743/4638 1275/4073/2199
f 1286/4075/2201 1276/6744/4639 1277/4076/2202
f 1286/4078/2204 1288/6745/4640 1278/4079/2205
f 1288/4081/2207 1289/6746/4641 1279/4082/2208
f 1289/4084/2210 1290/6747/4642 1280/4085/2211
f 1290/4087/2213 1291/6748/4643 1281/4088/2214
f 1291/4090/2216 1292/6749/4644 1282/4091/2217
f 1293/4093/2219 1283/6750/4645 1282/4094/2220
f 1294/4096/2222 1284/6751/4646 1283/4097/2223
f 1295/4099/2225 1285/6752/4647 1284/4100/2226
f 1287/4102/2228 1277/6753/4648 1285/4103/2229
f 1296/4105/2231 1286/6754/4649 1287/4106/2232
f 1296/4108/2234 1298/6755/4650 1288/4109/2235
f 1298/4111/2237 1299/6756/4651 1289/4112/2238
f 1299/4114/2240 1300/6757/4652 1290/4115/2241
f 1300/4117/2243 1301/6758/4653 1291/4118/2244
f 1301/4120/2246 1302/6759/4654 1292/4121/2247
f 1303/4123/2249 1293/6760/4655 1292/4124/2250
f 1304/4126/2252 1294/6761/4656 1293/4127/2253
f 1305/4129/2255 1295/6762/4657 1294/4130/2256
f 1297/4132/2258 1287/6763/4658 1295/4133/2259
f 1306/4135/2261 1296/6764/4659 1297/4136/2262
f 1306/4138/2264 1308/6765/4660 1298/4139/2265
f 1308/4141/2267 1309/6766/4661 1299/4142/2268
f 1309/4144/2270 1310/6767/4662 1300/4145/2271
f 1310/4147/2273 1311/6768/4663 1301/4148/2274
f 1311/4150/2276 1312/6769/4664 1302/4151/2277
f 1313/4153/2279 1303/6770/4665 1302/4154/2280
f 1314/4156/2282 1304/6771/4666 1303/4157/2283
f 1315/4159/2285 1305/6772/4667 1304/4160/2286
f 1307/4162/2288 1297/6773/4668 1305/4163/2289
f 1316/4165/2291 1306/6774/4669 1307/4166/2292
f 1316/4168/2294 1318/6775/4670 1308/4169/2295
f 1318/4171/2297 1319/6776/4671 1309/4172/2298
f 1319/4174/2300 1320/6777/4672 1310/4175/2301
f 1320/4177/2303 1321/6778/4673 1311/4178/2304
f 1321/4180/2306 1322/6779/4674 1312/4181/2307
f 1323/4183/2309 1313/6780/4675 1312/4184/2310
f 1324/4186/2312 1314/6781/4676 1313/4187/2313
f 1325/4189/2315 1315/6782/4677 1314/4190/2316
f 1317/4192/2318 1307/6783/4678 1315/4193/2319
f 1326/4195/2321 1316/6784/4679 1317/4196/2322
f 1326/4198/2324 1328/6785/4680 1318/4199/2325
f 1328/4201/2327 1329/6786/4681 1319/4202/2328
f 1329/4204/2330 1330/6787/4682 1320/4205/2331
f 1330/4207/2333 1331/6788/4683 1321/4208/2334
f 1331/4210/2336 1332/6789/4684 1322/4211/2337
f 1333/4213/2339 1323/6790/4685 1322/4214/2340
f 1334/4216/2342 1324/6791/4686 1323/4217/2343
f 1335/4219/2345 1325/6792/4687 1324/4220/2346
f 1327/4222/2348 1317/6793/4688 1325/4223/2349
f 1337/4225/2351 1336/6794/4689 1326/4226/2352
f 1336/4228/2354 1338/6795/4690 1328/4229/2355
f 1338/4231/2357 1339/6796/2357 1329/4232/2358
f 1339/4234/2360 1340/6797/4691 1330/4235/2361
f 1340/4237/2363 1341/6798/4692 1331/4238/2364
f 1342/4240/2366 1332/6799/4693 1331/4241/2367
f 1343/4243/2369 1333/6800/4694 1332/4244/2370
f 1344/4246/2372 1334/6801/4695 1333/4247/2373
f 1345/4249/2374 1335/6802/4696 1334/4250/2375
f 1337/4252/2377 1327/6803/4697 1335/4253/2378
f 1347/4255/2380 1346/6804/2409 1336/4256/2381
f 1346/4258/2383 1348/6805/4698 1338/4259/2384
f 1348/4261/2386 1349/6806/2386 1339/4262/2387
f 1349/4264/2388 1350/6807/4699 1340/4265/2389
f 1350/4267/2391 1351/6808/4700 1341/4268/2392
f 1352/4270/2394 1342/6809/4701 1341/4271/2395
f 1353/4273/2397 1343/6810/4702 1342/4274/2398
f 1354/4276/2400 1344/6811/2401 1343/4277/2401
f 1355/4279/2402 1345/6812/4703 1344/4280/2403
f 1347/4282/2405 1337/6813/4704 1345/4283/2406
f 1357/4285/2408 1356/6814/4705 1346/4286/2409
f 1356/4288/2410 1358/6815/4706 1348/4289/2411
f 1358/4291/2412 1359/6816/4707 1349/4292/2413
f 1359/4294/2415 1360/6817/4708 1350/4295/2416
f 1361/4297/2418 1351/6818/4709 1350/4298/2419
f 1362/4300/2421 1352/6819/2394 1351/4301/2396
f 1363/4303/2423 1353/6820/2424 1352/4304/2424
f 1364/4306/2426 1354/6821/4710 1353/4307/2427
f 1365/4309/2429 1355/6822/4711 1354/4310/2430
f 1365/4312/2432 1357/6823/4712 1347/4313/2433
f 1216/4315/2435 1217/6824/4713 1356/4316/2436
f 1217/4318/2438 1218/6825/2438 1358/4319/2438
f 1218/4321/2439 1219/6826/4714 1359/4322/2440
f 1219/4324/2442 1220/6827/4715 1360/4325/2443
f 1221/4327/2445 1361/6828/2445 1360/4328/2445
f 1222/4330/2446 1362/6829/4716 1361/4331/2447
f 1223/4333/2449 1363/6830/4717 1362/4334/2450
f 1224/4336/2451 1364/6831/4718 1363/4337/2452
f 1225/4339/2454 1365/6832/4719 1364/4340/2455
f 1225/4342/2457 1216/6833/2457 1357/4343/2458
f 1369/4345/2459 1368/6834/4720 1367/4346/2460
f 1371/4348/2462 1370/6835/4721 1367/4349/2463
f 1373/4351/2465 1372/6836/4722 1370/4352/2466
f 1375/4354/2468 1374/6837/4723 1372/4355/2469
f 1377/4357/2471 1376/6838/4724 1374/4358/2472
f 1379/4360/2474 1378/6839/4725 1376/4361/2475
f 1379/4363/2477 1381/6840/4726 1380/4364/2478
f 1381/4366/2480 1383/6841/4727 1382/4367/2481
f 1383/4369/2483 1385/6842/4728 1384/4370/2484
f 1385/4372/2486 1369/6843/4729 1366/4373/2487
f 1369/4377/2489 1385/6844/4730 1383/6845/4730
f 1383/6845/4730 1381/6846/4731 1379/4375/2489
f 1379/4375/2489 1377/6847/2489 1375/6848/2489
f 1375/6848/2489 1373/6849/2489 1371/4376/2489
f 1371/4376/2489 1368/6850/2489 1369/4377/2489
f 1369/4377/2489 1383/6845/4730 1379/4375/2489
f 1379/4375/2489 1375/6848/2489 1371/4376/2489
f 1386/4380/2490 1395/6851/2490 1394/6852/2490
f 1394/6852/2490 1393/6853/2490 1392/4378/2490
f 1392/4378/2490 1391/6854/2491 1390/6855/2491
f 1390/6855/2491 1389/6856/4732 1388/4379/2491
f 1388/4379/2491 1387/6857/2490 1386/4380/2490
f 1386/4380/2490 1394/6852/2490 1392/4378/2490
f 1392/4378/2490 1390/6855/2491 1388/4379/2491
f 1397/4381/2492 1396/6858/4733 1382/4382/2493
f 1396/4384/2495 1398/6859/4734 1380/4385/2496
f 1398/4387/2498 1399/6860/4735 1378/4388/2499
f 1400/4390/2501 1376/6861/4736 1378/4391/2502
f 1401/4393/2504 1374/6862/4737 1376/4394/2505
f 1402/4396/2507 1372/6863/4738 1374/4397/2508
f 1403/4399/2510 1370/6864/4739 1372/4400/2511
f 1404/4402/2513 1367/6865/4740 1370/4403/2514
f 1404/4405/2516 1405/6866/4741 1366/4406/2517
f 1405/4408/2519 1397/6867/4742 1384/4409/2520
f 1407/4411/2522 1406/6868/2522 1396/4412/2523
f 1406/4414/2524 1408/6869/4743 1398/4415/2525
f 1409/4417/2527 1399/6870/2527 1398/4418/2528
f 1410/4420/2530 1400/6871/2539 1399/4421/2530
f 1411/4423/2531 1401/6872/4744 1400/4424/2532
f 1411/4426/2533 1412/6873/2534 1402/4427/2534
f 1413/4429/2536 1403/6874/2537 1402/4430/2537
f 1413/4432/2527 1414/6875/2527 1404/4433/2527
f 1415/4435/2530 1405/6876/2539 1404/4436/2539
f 1407/4438/2532 1397/6877/2540 1405/4439/2540
f 1416/4441/2541 1406/6878/4745 1407/4442/2542
f 1418/4444/2544 1408/6879/4746 1406/4445/2545
f 1419/4447/2547 1409/6880/4747 1408/4448/2548
f 1420/4450/2550 1410/6881/4748 1409/4451/2551
f 1420/4453/2553 1421/6882/4749 1411/4454/2554
f 1421/4456/2556 1422/6883/4750 1412/4457/2557
f 1422/4459/2559 1423/6884/4751 1413/4460/2560
f 1423/4462/2562 1424/6885/4752 1414/4463/2563
f 1424/4465/2565 1425/6886/4753 1415/4466/2566
f 1417/4468/2568 1407/6887/4754 1415/4469/2569
f 1426/4471/2571 1416/6888/4755 1417/4472/2572
f 1428/4474/2574 1418/6889/4756 1416/4475/2575
f 1429/4477/2577 1419/6890/4757 1418/4478/2578
f 1430/4480/2580 1420/6891/4758 1419/4481/2581
f 1430/4483/2583 1431/6892/4759 1421/4484/2584
f 1431/4486/2586 1432/6893/4760 1422/4487/2587
f 1432/4489/2589 1433/6894/4761 1423/4490/2590
f 1433/4492/2592 1434/6895/4762 1424/4493/2593
f 1434/4495/2595 1435/6896/4763 1425/4496/2596
f 1427/4498/2598 1417/6897/4764 1425/4499/2599
f 1436/4501/2601 1426/6898/4765 1427/4502/2602
f 1438/4504/2604 1428/6899/4766 1426/4505/2605
f 1439/4507/2607 1429/6900/4767 1428/4508/2608
f 1440/4510/2610 1430/6901/4768 1429/4511/2611
f 1440/4513/2613 1441/6902/4769 1431/4514/2614
f 1441/4516/2616 1442/6903/4770 1432/4517/2617
f 1442/4519/2619 1443/6904/4771 1433/4520/2620
f 1443/4522/2622 1444/6905/4772 1434/4523/2623
f 1444/4525/2625 1445/6906/4773 1435/4526/2626
f 1437/4528/2628 1427/6907/4774 1435/4529/2629
f 1446/4531/2631 1436/6908/4775 1437/4532/2632
f 1448/4534/2634 1438/6909/4776 1436/4535/2635
f 1449/4537/2637 1439/6910/4777 1438/4538/2638
f 1449/4540/2640 1450/6911/4778 1440/4541/2641
f 1450/4543/2643 1451/6912/4779 1441/4544/2644
f 1451/4546/2646 1452/6913/4780 1442/4547/2647
f 1452/4549/2649 1453/6914/4781 1443/4550/2650
f 1453/4552/2652 1454/6915/4782 1444/4553/2653
f 1455/4555/2655 1445/6916/4783 1444/4556/2656
f 1447/4558/2658 1437/6917/4784 1445/4559/2659
f 1456/4561/2661 1446/6918/4785 1447/4562/2662
f 1458/4564/2664 1448/6919/4786 1446/4565/2665
f 1459/4567/2667 1449/6920/4787 1448/4568/2668
f 1459/4570/2670 1460/6921/4788 1450/4571/2671
f 1460/4573/2673 1461/6922/4789 1451/4574/2674
f 1461/4576/2676 1462/6923/4790 1452/4577/2677
f 1462/4579/2679 1463/6924/4791 1453/4580/2680
f 1463/4582/2682 1464/6925/4792 1454/4583/2683
f 1465/4585/2685 1455/6926/4793 1454/4586/2686
f 1457/4588/2688 1447/6927/4794 1455/4589/2689
f 1467/4591/2691 1466/6928/2691 1456/4592/2692
f 1466/4594/2694 1468/6929/4795 1458/4595/2695
f 1468/4597/2696 1469/6930/4796 1459/4598/2697
f 1470/4600/2699 1460/6931/4797 1459/4601/2700
f 1471/4603/2702 1461/6932/4798 1460/4604/2703
f 1472/4606/2705 1462/6933/4799 1461/4607/2706
f 1473/4609/2707 1463/6934/2708 1462/4610/2708
f 1474/4612/2710 1464/6935/4800 1463/4613/2711
f 1474/4615/2713 1475/6936/4801 1465/4616/2714
f 1475/4618/2716 1467/6937/4802 1457/4619/2717
f 1477/4621/2719 1476/6938/4803 1466/4622/2720
f 1476/4624/2722 1478/6939/4804 1468/4625/2723
f 1478/4627/2724 1479/6940/4805 1469/4628/2725
f 1479/4630/2727 1480/6941/4806 1470/4631/2728
f 1481/4633/2730 1471/6942/4807 1470/4634/2731
f 1482/4636/2733 1472/6943/4808 1471/4637/2734
f 1483/4639/2736 1473/6944/2737 1472/4640/2737
f 1484/4642/2738 1474/6945/4809 1473/4643/2739
f 1485/4645/2741 1475/6946/4810 1474/4646/2742
f 1485/4648/2744 1477/6947/4811 1467/4649/2745
f 1487/4651/2747 1486/6948/4812 1476/4652/2748
f 1486/4654/2750 1488/6949/4813 1478/4655/2751
f 1488/4657/2753 1489/6950/4814 1479/4658/2754
f 1489/4660/2756 1490/6951/4815 1480/4661/2757
f 1490/4663/2759 1491/6952/4816 1481/4664/2760
f 1492/4666/2762 1482/6953/4817 1481/4667/2763
f 1493/4669/2765 1483/6954/4818 1482/4670/2766
f 1494/4672/2768 1484/6955/4819 1483/4673/2769
f 1495/4675/2771 1485/6956/4820 1484/4676/2772
f 1487/4678/2774 1477/6957/4821 1485/4679/2775
f 1497/4681/2777 1496/6958/4822 1486/4682/2778
f 1496/4684/2780 1498/6959/4823 1488/4685/2781
f 1498/4687/2783 1499/6960/4824 1489/4688/2784
f 1499/4690/2786 1500/6961/4825 1490/4691/2787
f 1500/4693/2789 1501/6962/4826 1491/4694/2790
f 1502/4696/2792 1492/6963/4827 1491/4697/2793
f 1503/4699/2795 1493/6964/4828 1492/4700/2796
f 1504/4702/2798 1494/6965/4829 1493/4703/2799
f 1505/4705/2801 1495/6966/4830 1494/4706/2802
f 1497/4708/2804 1487/6967/4831 1495/4709/2805
f 1507/4711/2807 1506/6968/4832 1496/4712/2808
f 1506/4714/2810 1508/6969/4833 1498/4715/2811
f 1508/4717/2813 1509/6970/2813 1499/4718/2813
f 1509/4720/2814 1510/6971/4834 1500/4721/2815
f 1510/4723/2817 1511/6972/2846 1501/4724/2818
f 1512/4726/2820 1502/6973/4835 1501/4727/2821
f 1513/4729/2823 1503/6974/4836 1502/4730/2824
f 1514/4732/2826 1504/6975/2826 1503/4733/2826
f 1515/4735/2827 1505/6976/4837 1504/4736/2828
f 1507/4738/2830 1497/6977/4838 1505/4739/2831
f 1516/4741/2833 1506/6978/4839 1507/4742/2834
f 1516/4744/2836 1518/6979/4840 1508/4745/2837
f 1518/4747/2839 1519/6980/4841 1509/4748/2840
f 1519/4750/2842 1520/6981/4842 1510/4751/2843
f 1520/4753/2845 1521/6982/4843 1511/4754/2846
f 1521/4756/2847 1522/6983/4844 1512/4757/2848
f 1523/4759/2850 1513/6984/4845 1512/4760/2851
f 1524/4762/2853 1514/6985/4846 1513/4763/2854
f 1525/4765/2856 1515/6986/4847 1514/4766/2857
f 1517/4768/2859 1507/6987/2830 1515/4769/2832
f 1526/4771/2861 1516/6988/4848 1517/4772/2862
f 1528/4774/2864 1518/6989/4849 1516/4775/2865
f 1528/4777/2867 1529/6990/4850 1519/4778/2868
f 1529/4780/2870 1530/6991/4851 1520/4781/2871
f 1530/4783/2873 1531/6992/4852 1521/4784/2874
f 1531/4786/2876 1532/6993/4853 1522/4787/2877
f 1532/4789/2879 1533/6994/4854 1523/4790/2880
f 1534/4792/2882 1524/6995/4855 1523/4793/2883
f 1535/4795/2885 1525/6996/4856 1524/4796/2886
f 1527/4798/2888 1517/6997/4857 1525/4799/2889
f 1387/4801/2891 1526/6998/4858 1527/4802/2892
f 1387/4804/2894 1388/6999/4859 1528/4805/2895
f 1388/4807/2897 1389/7000/4860 1529/4808/2898
f 1389/4810/2900 1390/7001/2900 1530/4811/2901
f 1390/4813/2903 1391/7002/4861 1531/4814/2904
f 1391/4816/2906 1392/7003/4862 1532/4817/2907
f 1393/4819/2909 1533/7004/4863 1532/4820/2910
f 1394/4822/2912 1534/7005/4864 1533/4823/2913
f 1395/4825/2915 1535/7006/2916 1534/4826/2916
f 1386/4828/2917 1527/7007/4865 1535/4829/2918
f 1538/4831/2920 1537/7008/4866 1536/4832/2921
f 1541/4834/2923 1540/7009/2971 1537/4835/2924
f 1541/4837/2926 1543/7010/4867 1542/4838/2927
f 1543/4840/2929 1545/7011/4868 1544/4841/2930
f 1545/4843/2932 1547/7012/4869 1546/4844/2933
f 1547/4846/2935 1549/7013/4870 1548/4847/2936
f 1549/4849/2938 1551/7014/4871 1550/4850/2939
f 1553/4852/2941 1552/7015/2957 1550/4853/2942
f 1555/4855/2944 1554/7016/4872 1552/4856/2945
f 1539/4858/2947 1536/7017/4873 1554/4859/2948
f 1539/4863/2951 1555/7018/2951 1553/7019/2951
f 1553/7019/2951 1551/7020/2951 1549/4861/2950
f 1549/4861/2950 1547/7021/4874 1545/7022/4874
f 1545/7022/4874 1543/7023/4874 1541/4862/2950
f 1541/4862/2950 1538/7024/2950 1539/4863/2951
f 1539/4863/2951 1553/7019/2951 1549/4861/2950
f 1549/4861/2950 1545/7022/4874 1541/4862/2950
f 1556/4866/2952 1565/7025/4875 1564/7026/2952
f 1564/7026/2952 1563/7027/4876 1562/4864/2952
f 1562/4864/2952 1561/7028/4877 1560/7029/2952
f 1560/7029/2952 1559/7030/2952 1558/4865/2952
f 1558/4865/2952 1557/7031/4878 1556/4866/2952
f 1556/4866/2952 1564/7026/2952 1562/4864/2952
f 1562/4864/2952 1560/7029/2952 1558/4865/2952
f 1566/4867/2953 1552/7032/4879 1554/4868/2954
f 1568/4870/2956 1550/7033/2942 1552/4871/2957
f 1568/4873/2959 1569/7034/4880 1548/4874/2940
f 1569/4876/2960 1570/7035/4881 1546/4877/2961
f 1570/4879/2963 1571/7036/4882 1544/4880/2964
f 1571/4882/2966 1572/7037/4883 1542/4883/2967
f 1572/4885/2969 1573/7038/4884 1540/4886/2928
f 1574/4888/2970 1537/7039/2924 1540/4889/2971
f 1575/4891/2973 1536/7040/4885 1537/4892/2974
f 1567/4894/2976 1554/7041/4886 1536/4895/2977
f 1576/4897/2979 1566/7042/4887 1567/4898/2980
f 1576/4900/2982 1578/7043/4888 1568/4901/2983
f 1578/4903/2985 1579/7044/4889 1569/4904/2986
f 1579/4906/2988 1580/7045/2988 1570/4907/2989
f 1580/4909/2990 1581/7046/4890 1571/4910/2991
f 1581/4912/2993 1582/7047/4891 1572/4913/2994
f 1583/4915/2996 1573/7048/4892 1572/4916/2997
f 1584/4918/2999 1574/7049/4893 1573/4919/3000
f 1585/4921/3002 1575/7050/4894 1574/4922/3003
f 1577/4924/3004 1567/7051/4895 1575/4925/3005
f 1587/4927/3007 1586/7052/4896 1576/4928/3008
f 1586/4930/3010 1588/7053/4897 1578/4931/3011
f 1588/4933/3013 1589/7054/4898 1579/4934/3014
f 1589/4936/3016 1590/7055/4899 1580/4937/3017
f 1590/4939/3019 1591/7056/4900 1581/4940/3020
f 1592/4942/3022 1582/7057/4901 1581/4943/3023
f 1593/4945/3025 1583/7058/4902 1582/4946/3026
f 1594/4948/3028 1584/7059/4903 1583/4949/3029
f 1595/4951/3031 1585/7060/4904 1584/4952/3032
f 1587/4954/3034 1577/7061/4905 1585/4955/3035
f 1596/4957/3037 1586/7062/4896 1587/4958/3007
f 1596/4960/3039 1598/7063/4906 1588/4961/3040
f 1598/4963/3042 1599/7064/4907 1589/4964/3043
f 1599/4966/3045 1600/7065/4908 1590/4967/3046
f 1600/4969/3047 1601/7066/4909 1591/4970/3048
f 1601/4972/3050 1602/7067/4910 1592/4973/3022
f 1603/4975/3051 1593/7068/4911 1592/4976/3052
f 1604/4978/3054 1594/7069/4912 1593/4979/3055
f 1605/4981/3057 1595/7070/3058 1594/4982/3058
f 1597/4984/3059 1587/7071/4913 1595/4985/3060
f 1606/4987/3062 1596/7072/4914 1597/4988/3063
f 1606/4990/3065 1608/7073/4915 1598/4991/3066
f 1608/4993/3068 1609/7074/4916 1599/4994/3069
f 1609/4996/3071 1610/7075/4917 1600/4997/3072
f 1610/4999/3073 1611/7076/4918 1601/5000/3074
f 1611/5002/3076 1612/7077/4919 1602/5003/3077
f 1613/5005/3079 1603/7078/4920 1602/5006/3080
f 1614/5008/3082 1604/7079/4921 1603/5009/3083
f 1615/5011/3085 1605/7080/3086 1604/5012/3086
f 1607/5014/3088 1597/7081/4922 1605/5015/3089
f 1616/5017/3091 1606/7082/4923 1607/5018/3092
f 1616/5020/3094 1618/7083/4924 1608/5021/3095
f 1618/5023/3097 1619/7084/4925 1609/5024/3098
f 1619/5026/3100 1620/7085/3100 1610/5027/3100
f 1620/5029/3101 1621/7086/4926 1611/5030/3102
f 1621/5032/3104 1622/7087/4927 1612/5033/3105
f 1623/5035/3107 1613/7088/4928 1612/5036/3108
f 1624/5038/3110 1614/7089/4929 1613/5039/3111
f 1625/5041/3113 1615/7090/3113 1614/5042/3113
f 1617/5044/3114 1607/7091/4930 1615/5045/3115
f 1626/5047/3117 1616/7092/4931 1617/5048/3118
f 1626/5050/3120 1628/7093/4932 1618/5051/3121
f 1628/5053/3123 1629/7094/4933 1619/5054/3124
f 1629/5056/3126 1630/7095/3126 1620/5057/3127
f 1630/5059/3128 1631/7096/4934 1621/5060/3129
f 1631/5062/3131 1632/7097/4935 1622/5063/3132
f 1633/5065/3134 1623/7098/4936 1622/5066/3135
f 1634/5068/3137 1624/7099/4937 1623/5069/3138
f 1635/5071/3140 1625/7100/3141 1624/5072/3141
f 1627/5074/3142 1617/7101/4938 1625/5075/3143
f 1636/5077/3145 1626/7102/4939 1627/5078/3146
f 1636/5080/3148 1638/7103/4940 1628/5081/3149
f 1638/5083/3151 1639/7104/4941 1629/5084/3152
f 1639/5086/3154 1640/7105/3154 1630/5087/3155
f 1640/5089/3156 1641/7106/4942 1631/5090/3157
f 1641/5092/3159 1642/7107/4943 1632/5093/3160
f 1643/5095/3162 1633/7108/4944 1632/5096/3163
f 1644/5098/3165 1634/7109/4945 1633/5099/3166
f 1645/5101/3168 1635/7110/4946 1634/5102/3169
f 1637/5104/3170 1627/7111/4947 1635/5105/3171
f 1646/5107/3173 1636/7112/4948 1637/5108/3174
f 1646/5110/3176 1648/7113/4949 1638/5111/3177
f 1648/5113/3179 1649/7114/4950 1639/5114/3180
f 1649/5116/3182 1650/7115/3182 1640/5117/3183
f 1650/5119/3185 1651/7116/4951 1641/5120/3186
f 1651/5122/3188 1652/7117/4952 1642/5123/3189
f 1653/5125/3191 1643/7118/4953 1642/5126/3192
f 1654/5128/3194 1644/7119/4954 1643/5129/3195
f 1655/5131/3197 1645/7120/3198 1644/5132/3198
f 1647/5134/3200 1637/7121/4955 1645/5135/3201
f 1656/5137/3203 1646/7122/4956 1647/5138/3204
f 1656/5140/3206 1658/7123/4957 1648/5141/3207
f 1658/5143/3209 1659/7124/4958 1649/5144/3210
f 1659/5146/3212 1660/7125/3212 1650/5147/3213
f 1660/5149/3214 1661/7126/3244 1651/5150/3215
f 1661/5152/3217 1662/7127/4959 1652/5153/3218
f 1663/5155/3220 1653/7128/4960 1652/5156/3221
f 1664/5158/3223 1654/7129/4961 1653/5159/3224
f 1665/5161/3226 1655/7130/3226 1654/5162/3226
f 1657/5164/3228 1647/7131/4962 1655/5165/3229
f 1666/5167/3231 1656/7132/4963 1657/5168/3232
f 1666/5170/3234 1668/7133/4964 1658/5171/3235
f 1668/5173/3237 1669/7134/4965 1659/5174/3238
f 1669/5176/3240 1670/7135/3269 1660/5177/3241
f 1670/5179/3243 1671/7136/4966 1661/5180/3244
f 1671/5182/3245 1672/7137/4967 1662/5183/3246
f 1673/5185/3248 1663/7138/4968 1662/5186/3249
f 1674/5188/3251 1664/7139/4969 1663/5189/3252
f 1675/5191/3254 1665/7140/4970 1664/5192/3255
f 1667/5194/3257 1657/7141/3228 1665/5195/3230
f 1677/5197/3259 1676/7142/4971 1666/5198/3260
f 1676/5200/3262 1678/7143/4972 1668/5201/3263
f 1678/5203/3265 1679/7144/4973 1669/5204/3266
f 1679/5206/3268 1680/7145/3268 1670/5207/3269
f 1680/5209/3270 1681/7146/4974 1671/5210/3271
f 1682/5212/3273 1672/7147/4975 1671/5213/3274
f 1683/5215/3276 1673/7148/4976 1672/5216/3277
f 1684/5218/3279 1674/7149/4977 1673/5219/3280
f 1685/5221/3282 1675/7150/3254 1674/5222/3256
f 1677/5224/3283 1667/7151/4978 1675/5225/3284
f 1687/5227/3286 1686/7152/4979 1676/5228/3287
f 1686/5230/3289 1688/7153/4980 1678/5231/3290
f 1688/5233/3292 1689/7154/4981 1679/5234/3293
f 1689/5236/3295 1690/7155/4982 1680/5237/3296
f 1691/5239/3298 1681/7156/4974 1680/5240/3270
f 1692/5242/3300 1682/7157/4983 1681/5243/3301
f 1693/5245/3303 1683/7158/4984 1682/5246/3304
f 1694/5248/3306 1684/7159/4985 1683/5249/3307
f 1695/5251/3309 1685/7160/4986 1684/5252/3310
f 1695/5254/3312 1687/7161/4987 1677/5255/3283
f 1697/5257/3313 1696/7162/4988 1686/5258/3314
f 1696/5260/3316 1698/7163/4989 1688/5261/3317
f 1698/5263/3319 1699/7164/4990 1689/5264/3320
f 1699/5266/3322 1700/7165/4991 1690/5267/3323
f 1701/5269/3325 1691/7166/3325 1690/5270/3325
f 1702/5272/3326 1692/7167/4992 1691/5273/3327
f 1703/5275/3329 1693/7168/4993 1692/5276/3330
f 1704/5278/3332 1694/7169/4994 1693/5279/3333
f 1705/5281/3335 1695/7170/4995 1694/5282/3336
f 1705/5284/3338 1697/7171/3338 1687/5285/3338
f 1556/5287/3339 1557/7172/4996 1696/5288/3340
f 1557/5290/3342 1558/7173/4997 1698/5291/3343
f 1558/5293/3345 1559/7174/4998 1699/5294/3346
f 1559/5296/3348 1560/7175/4999 1700/5297/3349
f 1561/5299/3351 1701/7176/5000 1700/5300/3352
f 1562/5302/3354 1702/7177/5001 1701/5303/3355
f 1563/5305/3357 1703/7178/5002 1702/5306/3358
f 1564/5308/3360 1704/7179/5003 1703/5309/3361
f 1565/5311/3363 1705/7180/5004 1704/5312/3364
f 1565/5314/3366 1556/7181/5005 1697/5315/3367
f 1708/5317/3369 1707/7182/5006 1706/5318/3370
f 1711/5320/3372 1710/7183/5007 1707/5321/3373
f 1713/5323/3375 1712/7184/5008 1710/5324/3376
f 1715/5326/3378 1714/7185/5009 1712/5327/3379
f 1717/5329/3381 1716/7186/5010 1714/5330/3382
f 1717/5332/3384 1719/7187/5011 1718/5333/3385
f 1719/5335/3387 1721/7188/5012 1720/5336/3388
f 1721/5338/3390 1723/7189/5013 1722/5339/3391
f 1723/5341/3393 1725/7190/5014 1724/5342/3394
f 1725/5344/3396 1709/7191/5015 1706/5345/3397
f 1709/5349/3400 1725/7192/5016 1723/7193/3399
f 1723/7193/3399 1721/7194/3399 1719/5347/3399
f 1719/5347/3399 1717/7195/3399 1715/7196/3399
f 1715/7196/3399 1713/7197/5017 1711/5348/3400
f 1711/5348/3400 1708/7198/3400 1709/5349/3400
f 1709/5349/3400 1723/7193/3399 1719/5347/3399
f 1719/5347/3399 1715/7196/3399 1711/5348/3400
f 1726/5352/3402 1735/7199/5018 1734/7200/5019
f 1734/7200/5019 1733/7201/5020 1732/5350/3401
f 1732/5350/3401 1731/7202/5021 1730/7203/3401
f 1730/7203/3401 1729/7204/5019 1728/5351/3402
f 1728/5351/3402 1727/7205/3402 1726/5352/3402
f 1726/5352/3402 1734/7200/5019 1732/5350/3401
f 1732/5350/3401 1730/7203/3401 1728/5351/3402
f 1737/5353/3403 1736/7206/5022 1722/5354/3404
f 1736/5356/3406 1738/7207/5023 1720/5357/3407
f 1738/5359/3409 1739/7208/5024 1718/5360/3410
f 1739/5362/3412 1740/7209/5025 1716/5363/3413
f 1740/5365/3415 1741/7210/5026 1714/5366/3416
f 1742/5368/3418 1712/7211/5027 1714/5369/3419
f 1743/5371/3421 1710/7212/5028 1712/5372/3422
f 1744/5374/3424 1707/7213/5029 1710/5375/3425
f 1745/5377/3427 1706/7214/5030 1707/5378/3428
f 1737/5380/3430 1724/7215/5031 1706/5381/3431
f 1747/5383/3433 1746/7216/5032 1736/5384/3434
f 1746/5386/3436 1748/7217/5033 1738/5387/3437
f 1748/5389/3439 1749/7218/5034 1739/5390/3440
f 1749/5392/3441 1750/7219/5035 1740/5393/3442
f 1750/5395/3444 1751/7220/5036 1741/5396/3445
f 1752/5398/3447 1742/7221/5037 1741/5399/3448
f 1753/5401/3450 1743/7222/5038 1742/5402/3451
f 1754/5404/3453 1744/7223/5039 1743/5405/3454
f 1755/5407/3456 1745/7224/5040 1744/5408/3457
f 1747/5410/3459 1737/7225/5041 1745/5411/3460
f 1757/5413/3462 1756/7226/5042 1746/5414/3463
f 1756/5416/3465 1758/7227/5043 1748/5417/3466
f 1758/5419/3468 1759/7228/5044 1749/5420/3469
f 1759/5422/3471 1760/7229/5045 1750/5423/3472
f 1760/5425/3474 1761/7230/5046 1751/5426/3475
f 1762/5428/3477 1752/7231/5047 1751/5429/3478
f 1763/5431/3480 1753/7232/5048 1752/5432/3481
f 1764/5434/3483 1754/7233/5049 1753/5435/3484
f 1765/5437/3486 1755/7234/5050 1754/5438/3487
f 1757/5440/3489 1747/7235/5051 1755/5441/3490
f 1767/5443/3492 1766/7236/5052 1756/5444/3493
f 1766/5446/3495 1768/7237/5053 1758/5447/3496
f 1768/5449/3498 1769/7238/5054 1759/5450/3499
f 1769/5452/3501 1770/7239/5055 1760/5453/3502
f 1770/5455/3504 1771/7240/5056 1761/5456/3505
f 1772/5458/3507 1762/7241/5057 1761/5459/3508
f 1773/5461/3510 1763/7242/5058 1762/5462/3511
f 1774/5464/3513 1764/7243/5059 1763/5465/3514
f 1775/5467/3516 1765/7244/5060 1764/5468/3517
f 1767/5470/3519 1757/7245/5061 1765/5471/3520
f 1777/5473/3522 1776/7246/5062 1766/5474/3523
f 1776/5476/3525 1778/7247/5063 1768/5477/3526
f 1778/5479/3528 1779/7248/5064 1769/5480/3529
f 1779/5482/3531 1780/7249/5065 1770/5483/3532
f 1780/5485/3534 1781/7250/5066 1771/5486/3535
f 1782/5488/3537 1772/7251/5067 1771/5489/3538
f 1783/5491/3540 1773/7252/5068 1772/5492/3541
f 1784/5494/3543 1774/7253/5069 1773/5495/3544
f 1785/5497/3546 1775/7254/5070 1774/5498/3547
f 1777/5500/3549 1767/7255/5071 1775/5501/3550
f 1787/5503/3552 1786/7256/5072 1776/5504/3553
f 1786/5506/3555 1788/7257/5073 1778/5507/3556
f 1788/5509/3558 1789/7258/5074 1779/5510/3559
f 1789/5512/3561 1790/7259/5075 1780/5513/3562
f 1790/5515/3564 1791/7260/5076 1781/5516/3565
f 1792/5518/3567 1782/7261/5077 1781/5519/3568
f 1793/5521/3570 1783/7262/3540 1782/5522/3542
f 1794/5524/3572 1784/7263/5078 1783/5525/3573
f 1795/5527/3575 1785/7264/5079 1784/5528/3576
f 1787/5530/3578 1777/7265/5080 1785/5531/3579
f 1797/5533/3581 1796/7266/5081 1786/5534/3582
f 1796/5536/3584 1798/7267/5082 1788/5537/3585
f 1798/5539/3587 1799/7268/5083 1789/5540/3588
f 1799/5542/3590 1800/7269/5084 1790/5543/3591
f 1800/5545/3593 1801/7270/5085 1791/5546/3594
f 1802/5548/3596 1792/7271/5086 1791/5549/3597
f 1803/5551/3599 1793/7272/5087 1792/5552/3600
f 1804/5554/3602 1794/7273/5088 1793/5555/3603
f 1805/5557/3605 1795/7274/5089 1794/5558/3606
f 1797/5560/3608 1787/7275/5090 1795/5561/3609
f 1807/5563/3611 1806/7276/5091 1796/5564/3612
f 1806/5566/3614 1808/7277/5092 1798/5567/3615
f 1808/5569/3617 1809/7278/5093 1799/5570/3618
f 1809/5572/3619 1810/7279/5094 1800/5573/3620
f 1810/5575/3622 1811/7280/5095 1801/5576/3623
f 1812/5578/3625 1802/7281/5096 1801/5579/3626
f 1813/5581/3628 1803/7282/5097 1802/5582/3629
f 1814/5584/3631 1804/7283/5098 1803/5585/3632
f 1815/5587/3633 1805/7284/5099 1804/5588/3634
f 1807/5590/3636 1797/7285/5100 1805/5591/3637
f 1817/5593/3639 1816/7286/3670 1806/5594/3640
f 1816/5596/3642 1818/7287/5101 1808/5597/3643
f 1818/5599/3645 1819/7288/5102 1809/5600/3646
f 1819/5602/3648 1820/7289/5103 1810/5603/3649
f 1820/5605/3651 1821/7290/3680 1811/5606/3652
f 1822/5608/3654 1812/7291/5104 1811/5609/3655
f 1823/5611/3657 1813/7292/5105 1812/5612/3658
f 1824/5614/3660 1814/7293/5106 1813/5615/3661
f 1825/5617/3663 1815/7294/5107 1814/5618/3664
f 1817/5620/3666 1807/7295/5108 1815/5621/3667
f 1827/5623/3669 1826/7296/5109 1816/5624/3670
f 1826/5626/3671 1828/7297/5110 1818/5627/3672
f 1828/5629/3674 1829/7298/3674 1819/5630/3675
f 1829/5632/3676 1830/7299/5111 1820/5633/3677
f 1830/5635/3679 1831/7300/5112 1821/5636/3680
f 1832/5638/3681 1822/7301/3654 1821/5639/3656
f 1833/5641/3683 1823/7302/5113 1822/5642/3684
f 1834/5644/3686 1824/7303/3687 1823/5645/3687
f 1835/5647/3689 1825/7304/5114 1824/5648/3690
f 1827/5650/3692 1817/7305/3666 1825/5651/3668
f 1837/5653/3694 1836/7306/5115 1826/5654/3695
f 1836/5656/3697 1838/7307/5116 1828/5657/3698
f 1838/5659/3700 1839/7308/5117 1829/5660/3701
f 1839/5662/3703 1840/7309/5118 1830/5663/3704
f 1840/5665/3706 1841/7310/5119 1831/5666/3707
f 1842/5668/3709 1832/7311/5120 1831/5669/3710
f 1843/5671/3712 1833/7312/5121 1832/5672/3713
f 1844/5674/3715 1834/7313/5122 1833/5675/3716
f 1845/5677/3717 1835/7314/5123 1834/5678/3718
f 1837/5680/3720 1827/7315/5124 1835/5681/3721
f 1847/5683/3723 1846/7316/5125 1836/5684/3724
f 1846/5686/3726 1848/7317/5126 1838/5687/3727
f 1848/5689/3729 1849/7318/5127 1839/5690/3730
f 1849/5692/3732 1850/7319/5128 1840/5693/3733
f 1850/5695/3735 1851/7320/5129 1841/5696/3736
f 1852/5698/3738 1842/7321/5130 1841/5699/3739
f 1853/5701/3741 1843/7322/3712 1842/5702/3714
f 1854/5704/3743 1844/7323/5131 1843/5705/3744
f 1855/5707/3746 1845/7324/5132 1844/5708/3747
f 1847/5710/3749 1837/7325/5133 1845/5711/3750
f 1857/5713/3752 1856/7326/5134 1846/5714/3753
f 1856/5716/3755 1858/7327/5135 1848/5717/3756
f 1858/5719/3758 1859/7328/3758 1849/5720/3759
f 1859/5722/3760 1860/7329/3791 1850/5723/3761
f 1860/5725/3763 1861/7330/5136 1851/5726/3764
f 1862/5728/3766 1852/7331/5137 1851/5729/3767
f 1863/5731/3769 1853/7332/5138 1852/5732/3770
f 1864/5734/3772 1854/7333/3773 1853/5735/3773
f 1865/5737/3775 1855/7334/5139 1854/5738/3776
f 1857/5740/3778 1847/7335/5140 1855/5741/3779
f 1867/5743/3781 1866/7336/5141 1856/5744/3782
f 1866/5746/3784 1868/7337/5142 1858/5747/3785
f 1868/5749/3787 1869/7338/5143 1859/5750/3788
f 1869/5752/3790 1870/7339/5144 1860/5753/3791
f 1870/5755/3792 1871/7340/5145 1861/5756/3793
f 1872/5758/3795 1862/7341/5146 1861/5759/3796
f 1873/5761/3798 1863/7342/5147 1862/5762/3799
f 1874/5764/3801 1864/7343/5148 1863/5765/3802
f 1875/5767/3803 1865/7344/3775 1864/5768/3777
f 1867/5770/3805 1857/7345/5149 1865/5771/3806
f 1726/5773/3808 1727/7346/5150 1866/5774/3809
f 1727/5776/3811 1728/7347/5151 1868/5777/3812
f 1728/5779/3814 1729/7348/3814 1869/5780/3815
f 1729/5782/3816 1730/7349/5152 1870/5783/3817
f 1730/5785/3819 1731/7350/5153 1871/5786/3820
f 1732/5788/3822 1872/7351/5154 1871/5789/3823
f 1733/5791/3825 1873/7352/5155 1872/5792/3826
f 1734/5794/3828 1874/7353/3829 1873/5795/3829
f 1735/5797/3831 1875/7354/5156 1874/5798/3832
f 1726/5800/3834 1867/7355/5157 1875/5801/3835
f 1878/5803/3837 1877/7356/5158 1876/5804/3838
f 1881/5806/3840 1880/7357/5159 1877/5807/3841
f 1883/5809/3843 1882/7358/5160 1880/5810/3844
f 1883/5812/3846 1885/7359/5161 1884/5813/3847
f 1885/5815/3849 1887/7360/5162 1886/5816/3850
f 1887/5818/3852 1889/7361/5163 1888/5819/3853
f 1889/5821/3855 1891/7362/5164 1890/5822/3856
f 1891/5824/3858 1893/7363/5165 1892/5825/3859
f 1895/5827/3861 1894/7364/5166 1892/5828/3862
f 1879/5830/3864 1876/7365/5167 1894/5831/3865
f 1879/5835/3868 1895/7366/3868 1893/7367/3867
f 1893/7367/3867 1891/7368/5168 1889/5833/3867
f 1889/5833/3867 1887/7369/5169 1885/7370/3867
f 1885/7370/3867 1883/7371/5170 1881/5834/3867
f 1881/5834/3867 1878/7372/5171 1879/5835/3868
f 1879/5835/3868 1893/7367/3867 1889/5833/3867
f 1889/5833/3867 1885/7370/3867 1881/5834/3867
f 1896/5838/3869 1905/7373/5172 1904/7374/5173
f 1904/7374/5173 1903/7375/5174 1902/5836/3869
f 1902/5836/3869 1901/7376/3869 1900/7377/5175
f 1900/7377/5175 1899/7378/5174 1898/5837/3869
f 1898/5837/3869 1897/7379/3869 1896/5838/3869
f 1896/5838/3869 1904/7374/5173 1902/5836/3869
f 1902/5836/3869 1900/7377/5175 1898/5837/3869
f 1907/5839/3870 1906/7380/5176 1892/5840/3871
f 1906/5842/3873 1908/7381/5177 1890/5843/3874
f 1908/5845/3876 1909/7382/5178 1888/5846/3877
f 1909/5848/3879 1910/7383/5179 1886/5849/3880
f 1910/5851/3882 1911/7384/5180 1884/5852/3883
f 1912/5854/3885 1882/7385/5181 1884/5855/3886
f 1913/5857/3888 1880/7386/5182 1882/5858/3889
f 1914/5860/3891 1877/7387/5183 1880/5861/3892
f 1915/5863/3894 1876/7388/5184 1877/5864/3895
f 1907/5866/3897 1894/7389/5185 1876/5867/3898
f 1917/5869/3900 1916/7390/3927 1906/5870/3901
f 1916/5872/3903 1918/7391/5186 1908/5873/3904
f 1918/5875/3906 1919/7392/3906 1909/5876/3906
f 1919/5878/3907 1920/7393/5187 1910/5879/3908
f 1920/5881/3910 1921/7394/5188 1911/5882/3911
f 1922/5884/3913 1912/7395/5189 1911/5885/3914
f 1923/5887/3916 1913/7396/5190 1912/5888/3917
f 1924/5890/3919 1914/7397/3919 1913/5891/3919
f 1925/5893/3920 1915/7398/5191 1914/5894/3921
f 1917/5896/3923 1907/7399/5192 1915/5897/3924
f 1927/5899/3926 1926/7400/5193 1916/5900/3927
f 1926/5902/3928 1928/7401/5194 1918/5903/3929
f 1928/5905/3931 1929/7402/5195 1919/5906/3932
f 1929/5908/3933 1930/7403/3963 1920/5909/3934
f 1930/5911/3936 1931/7404/5196 1921/5912/3937
f 1932/5914/3939 1922/7405/5197 1921/5915/3940
f 1933/5917/3942 1923/7406/5198 1922/5918/3943
f 1934/5920/3945 1924/7407/5199 1923/5921/3946
f 1935/5923/3947 1925/7408/5200 1924/5924/3948
f 1927/5926/3950 1917/7409/5201 1925/5927/3951
f 1937/5929/3953 1936/7410/5202 1926/5930/3954
f 1936/5932/3956 1938/7411/5203 1928/5933/3957
f 1938/5935/3959 1939/7412/3988 1929/5936/3960
f 1939/5938/3962 1940/7413/5204 1930/5939/3963
f 1941/5941/3964 1931/7414/5205 1930/5942/3965
f 1942/5944/3967 1932/7415/5206 1931/5945/3968
f 1943/5947/3970 1933/7416/5207 1932/5948/3971
f 1944/5950/3973 1934/7417/5208 1933/5951/3974
f 1945/5953/3976 1935/7418/3947 1934/5954/3949
f 1945/5956/3978 1937/7419/5209 1927/5957/3979
f 1947/5959/3981 1946/7420/5210 1936/5960/3982
f 1946/5962/3984 1948/7421/3984 1938/5963/3985
f 1948/5965/3987 1949/7422/5211 1939/5966/3988
f 1949/5968/3989 1950/7423/5212 1940/5969/3990
f 1951/5971/3992 1941/7424/5213 1940/5972/3993
f 1952/5974/3995 1942/7425/5214 1941/5975/3996
f 1953/5977/3998 1943/7426/5215 1942/5978/3999
f 1954/5980/4000 1944/7427/3973 1943/5981/3975
f 1955/5983/4002 1945/7428/5216 1944/5984/4003
f 1955/5986/4005 1947/7429/5217 1937/5987/4006
f 1957/5989/4008 1956/7430/5218 1946/5990/4009
f 1956/5992/4011 1958/7431/4011 1948/5993/4012
f 1958/5995/4013 1959/7432/5219 1949/5996/4014
f 1959/5998/4016 1960/7433/5220 1950/5999/4017
f 1961/6001/4019 1951/7434/5221 1950/6002/4020
f 1962/6004/4022 1952/7435/5222 1951/6005/4023
f 1963/6007/4025 1953/7436/4026 1952/6008/4026
f 1964/6010/4027 1954/7437/5223 1953/6011/4028
f 1965/6013/4030 1955/7438/5224 1954/6014/4031
f 1965/6016/4033 1957/7439/5225 1947/6017/4034
f 1967/6019/4036 1966/7440/4036 1956/6020/4036
f 1966/6022/4037 1968/7441/5226 1958/6023/4038
f 1968/6025/4040 1969/7442/5227 1959/6026/4041
f 1970/6028/4043 1960/7443/5228 1959/6029/4044
f 1971/6031/4046 1961/7444/5229 1960/6032/4047
f 1972/6034/4049 1962/7445/4050 1961/6035/4050
f 1973/6037/4051 1963/7446/5230 1962/6038/4052
f 1974/6040/4054 1964/7447/5231 1963/6041/4055
f 1974/6043/4057 1975/7448/5232 1965/6044/4058
f 1975/6046/4060 1967/7449/5233 1957/6047/4061
f 1977/6049/4063 1976/7450/4063 1966/6050/4063
f 1976/6052/4064 1978/7451/5234 1968/6053/4065
f 1978/6055/4067 1979/7452/5235 1969/6056/4068
f 1980/6058/4070 1970/7453/5236 1969/6059/4071
f 1981/6061/4073 1971/7454/5237 1970/6062/4074
f 1982/6064/4076 1972/7455/4077 1971/6065/4077
f 1983/6067/4078 1973/7456/5238 1972/6068/4079
f 1984/6070/4081 1974/7457/5239 1973/6071/4082
f 1984/6073/4084 1985/7458/5240 1975/6074/4085
f 1985/6076/4087 1977/7459/5241 1967/6077/4088
f 1987/6079/4090 1986/7460/5242 1976/6080/4091
f 1986/6082/4093 1988/7461/5243 1978/6083/4094
f 1989/6085/4096 1979/7462/5244 1978/6086/4097
f 1990/6088/4099 1980/7463/5245 1979/6089/4100
f 1991/6091/4102 1981/7464/5246 1980/6092/4103
f 1992/6094/4104 1982/7465/5247 1981/6095/4105
f 1993/6097/4107 1983/7466/5248 1982/6098/4108
f 1993/6100/4110 1994/7467/5249 1984/6101/4111
f 1994/6103/4113 1995/7468/5250 1985/6104/4114
f 1995/6106/4116 1987/7469/4116 1977/6107/4117
f 1896/6109/4118 1897/7470/5251 1986/6110/4119
f 1898/6112/4121 1988/7471/5252 1986/6113/4122
f 1899/6115/4124 1989/7472/5253 1988/6116/4125
f 1900/6118/4127 1990/7473/5254 1989/6119/4128
f 1901/6121/4130 1991/7474/5255 1990/6122/4131
f 1902/6124/4133 1992/7475/5256 1991/6125/4134
f 1902/6127/4136 1903/7476/5257 1993/6128/4137
f 1903/6130/4139 1904/7477/5258 1994/6131/4140
f 1904/6133/4142 1905/7478/5259 1995/6134/4143
f 1905/6136/4145 1896/7479/5260 1987/6137/4146
o group747334372
v -0.009085 0.918059 0.302145
v 0.000628 0.912733 0.284218
v 0.004863 0.991279 0.263177
v -0.004851 0.996605 0.281105
v 0.018376 0.908910 0.273516
v 0.022610 0.987455 0.252475
v 0.039401 0.907613 0.272906
v 0.043636 0.986159 0.251866
v 0.058071 0.909191 0.282554
v 0.062306 0.987737 0.261514
v 0.069383 0.913221 0.299872
v 0.073617 0.991766 0.278832
v 0.070306 0.918622 0.320222
v 0.074540 0.997168 0.299182
v 0.060592 0.923948 0.338150
v 0.064826 1.002493 0.317109
v 0.042844 0.927772 0.348852
v 0.047078 1.006317 0.327812
v 0.021819 0.929068 0.349461
v 0.026053 1.007614 0.328421
v 0.003149 0.927490 0.339813
v 0.007383 1.006036 0.318773
v -0.008163 0.923461 0.322495
v -0.003929 1.002006 0.301455
vn -0.9750 -0.0069 -0.2221
vn -0.7364 -0.1378 -0.6624
vn -0.7364 -0.1377 -0.6624
vn -0.3004 -0.2317 -0.9252
vn -0.3005 -0.2316 -0.9252
vn 0.2160 -0.2634 -0.9402
vn 0.2160 -0.2635 -0.9402
vn 0.6746 -0.2247 -0.7032
vn 0.9524 -0.1257 -0.2778
vn 0.9524 -0.1258 -0.2778
vn 0.9750 0.0069 0.2221
vn 0.7364 0.1377 0.6624
vn 0.7364 0.1378 0.6624
vn 0.3004 0.2316 0.9252
vn 0.3004 0.2317 0.9252
vn 0.3005 0.2317 0.9252
vn -0.2160 0.2635 0.9402
vn -0.6746 0.2247 0.7032
vn -0.9524 0.1257 0.2778
vn -0.9524 0.1258 0.2778
vn -0.0520 -0.9646 0.2584
vn 0.0520 0.9646 -0.2584
vn 0.3005 0.2316 0.9252
vt -0.226061 0.162714
vt -0.219837 0.157084
vt -0.221528 0.155951
vt -0.257107 0.093973
vt -0.249415 0.090616
vt -0.250657 0.089004
vt -0.243826 0.102883
vt -0.238038 0.096805
vt -0.244916 0.101164
vt -0.212214 0.152019
vt -0.204370 0.149034
vt -0.205534 0.147364
vt -0.137269 0.227917
vt -0.130290 0.223256
vt -0.131797 0.221887
vt 0.051643 0.270543
vt 0.050732 0.262199
vt 0.049626 0.270266
vt 0.227752 0.161581
vt 0.221528 0.155951
vt 0.226061 0.162714
vt 0.257107 0.093973
vt 0.251900 0.087391
vt 0.250657 0.089004
vt 0.244916 0.101164
vt 0.239128 0.095085
vt 0.238038 0.096805
vt 0.213378 0.150349
vt 0.205534 0.147364
vt 0.212214 0.152019
vt 0.138777 0.226549
vt 0.131797 0.221887
vt 0.137269 0.227917
vt -0.047609 0.269990
vt -0.050732 0.262199
vt -0.049626 0.270266
vt 0.085809 -0.036332
vt 0.092834 -0.035722
vt 0.089850 -0.042111
vt -0.093554 -0.037702
vt -0.087164 -0.034718
vt -0.087775 -0.041744
vt -0.224370 0.163848
vt -0.255865 0.095586
vt -0.236948 0.098524
vt -0.211050 0.153689
vt -0.135762 0.229285
vt 0.052749 0.262475
vt 0.223219 0.154817
vt 0.258350 0.092361
vt 0.246005 0.099444
vt 0.206697 0.145693
vt 0.133304 0.220519
vt -0.048715 0.261923
vt 0.087775 -0.041744
vt 0.086161 -0.040388
vt 0.085442 -0.038407
vt 0.087164 -0.034718
vt 0.089145 -0.033999
vt 0.091220 -0.034366
vt 0.093554 -0.037702
vt 0.093186 -0.039778
vt 0.091831 -0.041391
vt -0.089850 -0.042111
vt -0.091831 -0.041391
vt -0.093186 -0.039778
vt -0.092834 -0.035722
vt -0.091220 -0.034366
vt -0.089145 -0.033999
vt -0.085809 -0.036332
vt -0.085442 -0.038407
vt -0.086161 -0.040388
s 1
usemtl mat22
f 1999/7480/5261 1997/7481/5261 1996/7482/5261
f 1998/7483/5262 2000/7484/5263 1997/7485/5263
f 2003/7486/5264 2000/7487/5265 2001/7488/5264
f 2003/7489/5266 2004/7490/5267 2002/7491/5267
f 2005/7492/5268 2006/7493/5268 2004/7494/5268
f 2009/7495/5269 2006/7496/5269 2007/7497/5270
f 2011/7498/5271 2008/7499/5271 2009/7500/5271
f 2011/7501/5272 2012/7502/5272 2010/7503/5273
f 2013/7504/5274 2014/7505/5275 2012/7506/5276
f 2017/7507/5277 2014/7508/5277 2015/7509/5277
f 2019/7510/5278 2016/7511/5278 2017/7512/5278
f 1999/7513/5279 2018/7514/5280 2019/7515/5279
f 2002/7516/5281 2010/7517/5281 2018/7518/5281
f 2013/7519/5282 2005/7520/5282 1999/7521/5282
f 1999/7480/5261 1998/7522/5261 1997/7481/5261
f 1998/7483/5262 2001/7523/5263 2000/7484/5263
f 2003/7486/5264 2002/7524/5265 2000/7487/5265
f 2003/7489/5266 2005/7525/5267 2004/7490/5267
f 2005/7492/5268 2007/7526/5268 2006/7493/5268
f 2009/7495/5269 2008/7527/5269 2006/7496/5269
f 2011/7498/5271 2010/7528/5271 2008/7499/5271
f 2011/7501/5272 2013/7529/5272 2012/7502/5272
f 2013/7504/5274 2015/7530/5283 2014/7505/5275
f 2017/7507/5277 2016/7531/5277 2014/7508/5277
f 2019/7510/5278 2018/7532/5278 2016/7511/5278
f 1999/7513/5279 1996/7533/5279 2018/7514/5280
f 2018/7518/5281 1996/7534/5281 1997/7535/5281
f 1997/7535/5281 2000/7536/5281 2002/7516/5281
f 2002/7516/5281 2004/7537/5281 2006/7538/5281
f 2006/7538/5281 2008/7539/5281 2010/7517/5281
f 2010/7517/5281 2012/7540/5281 2014/7541/5281
f 2014/7541/5281 2016/7542/5281 2018/7518/5281
f 2018/7518/5281 1997/7535/5281 2002/7516/5281
f 2002/7516/5281 2006/7538/5281 2010/7517/5281
f 2010/7517/5281 2014/7541/5281 2018/7518/5281
f 1999/7521/5282 2019/7543/5282 2017/7544/5282
f 2017/7544/5282 2015/7545/5282 2013/7519/5282
f 2013/7519/5282 2011/7546/5282 2009/7547/5282
f 2009/7547/5282 2007/7548/5282 2005/7520/5282
f 2005/7520/5282 2003/7549/5282 2001/7550/5282
f 2001/7550/5282 1998/7551/5282 1999/7521/5282
f 1999/7521/5282 2017/7544/5282 2013/7519/5282
f 2013/7519/5282 2009/7547/5282 2005/7520/5282
f 2005/7520/5282 2001/7550/5282 1999/7521/5282
o group778822713
v -0.080221 0.663447 -0.312640
v -0.039386 0.661938 -0.321537
v -0.024405 0.718448 -0.262366
v -0.065240 0.719958 -0.253469
v -0.073090 0.619473 -0.272448
v -0.058109 0.675983 -0.213277
v -0.017274 0.674473 -0.222174
v -0.032255 0.617963 -0.281345
v -0.079712 0.645711 -0.307292
v -0.038876 0.644201 -0.316189
v 0.002214 0.818858 -0.157228
v -0.038621 0.820367 -0.148331
v -0.022622 0.707454 -0.252318
v -0.019948 0.690964 -0.237246
v -0.019056 0.685467 -0.232222
v 0.009345 0.774884 -0.117036
v 0.007562 0.785878 -0.127084
v -0.059892 0.686977 -0.223325
v -0.063457 0.708964 -0.243421
v -0.039474 0.686222 -0.227774
v -0.043040 0.708209 -0.247870
v -0.031490 0.776394 -0.108139
v -0.033273 0.787387 -0.118187
v -0.012855 0.786632 -0.122636
v 0.035580 0.873847 -0.013413
v 0.033798 0.884841 -0.023461
v 0.003997 0.807864 -0.147180
v -0.016421 0.808619 -0.142731
v -0.036839 0.809374 -0.138283
v 0.028687 0.918718 -0.052666
v 0.041923 0.968649 -0.000385
v 0.048542 0.993614 0.025755
v 0.055160 1.018579 0.051895
v 0.014325 1.020088 0.060792
v 0.020980 0.974320 0.099107
v 0.061816 0.972810 0.090210
v 0.055257 0.948069 0.064304
v 0.048698 0.923329 0.038399
v -0.007038 0.886350 -0.014564
v 0.006080 0.935832 0.037248
v 0.012639 0.960572 0.063153
v 0.013380 0.885596 -0.019012
v 0.030470 0.907725 -0.042618
v 0.050324 0.982620 0.035803
v 0.043706 0.957655 0.009663
v 0.046915 0.934322 0.028351
v 0.053474 0.959063 0.054256
v 0.026498 0.935077 0.032799
v 0.033056 0.959818 0.058705
v 0.007605 0.993379 0.033659
v 0.028961 0.985073 0.035622
v 0.061160 1.039529 0.075878
v 0.020324 1.041038 0.084775
v 0.067815 0.993759 0.114193
v 0.067473 1.011931 0.109539
v 0.065809 1.023373 0.099960
v 0.064145 1.034816 0.090381
v 0.026980 0.995269 0.123090
v 0.023310 1.036325 0.099278
v 0.024974 1.024883 0.108857
v 0.026638 1.013441 0.118436
v -0.076146 0.623724 -0.287196
v -0.035311 0.622214 -0.296093
vn -0.1189 0.7329 -0.6699
vn 0.1189 -0.7329 0.6699
vn 0.1188 -0.7329 0.6699
vn -0.2140 -0.2876 -0.9335
vn -0.9764 0.0361 0.2127
vn 0.9764 -0.0361 -0.2127
vn 0.6998 -0.4168 -0.5802
vn 0.6998 -0.4168 -0.5801
vn 0.1960 0.5609 0.8044
vn -0.0822 0.9963 0.0257
vn 0.9017 0.3931 -0.1799
vn -0.8648 0.4585 0.2050
vn -0.7931 0.0165 0.6089
vn 0.9734 -0.0488 0.2241
vn 0.0045 -0.9323 0.3616
vn -0.1188 0.7329 -0.6699
vn 0.1187 -0.7329 0.6699
vn 0.1279 -0.6973 0.7052
vn 0.6064 0.4927 -0.6241
vn 0.1185 0.7030 -0.7012
vn 0.2742 -0.4651 0.8417
vn -0.0614 0.8987 -0.4343
vn -0.9777 0.0359 0.2068
vn -0.1816 -0.6786 -0.7117
vn -0.1767 -0.6809 -0.7107
vn -0.1870 -0.6762 -0.7126
vn 0.3126 0.6371 -0.7045
vn 0.0539 0.4019 -0.9141
vn -0.1801 -0.6794 -0.7114
vn -0.1738 -0.6823 -0.7102
vn -0.1617 0.5305 -0.8321
vn -0.1887 -0.6211 -0.7607
vn -0.9172 -0.0534 0.3949
vn -0.1108 0.7621 -0.6380
vn -0.9878 0.0340 0.1521
vn 0.1108 -0.7621 0.6380
vn 0.1108 -0.7621 0.6379
vn 0.0982 0.9522 0.2892
vn 0.2150 0.2461 0.9451
vn 0.1852 0.6465 0.7401
vn 0.1851 0.6465 0.7401
vn -0.0918 -0.9617 -0.2582
vn 0.9949 -0.0452 -0.0904
vn 0.9722 -0.0385 -0.2310
vn 0.9750 -0.1847 -0.1232
vn -0.8165 0.4082 -0.4082
vn -0.9091 -0.1010 0.4041
vt -0.145517 0.020366
vt -0.136420 0.022346
vt -0.137460 0.018296
vt 0.144476 0.024416
vt 0.137460 0.018296
vt 0.136420 0.022346
vt -0.221158 0.104518
vt -0.221500 0.099956
vt -0.223133 0.100832
vt -0.159831 0.024043
vt -0.144475 0.024416
vt -0.145516 0.020365
vt -0.030139 0.249532
vt -0.022838 0.245547
vt -0.022920 0.243695
vt 0.022920 0.243695
vt 0.022838 0.245547
vt 0.030139 0.249532
vt -0.113047 0.200049
vt -0.113690 0.200436
vt -0.115617 0.201598
vt 0.045988 0.251347
vt 0.032296 0.245582
vt 0.045269 0.252663
vt 0.204504 0.089310
vt 0.203739 0.084241
vt 0.201856 0.087975
vt 0.000000 0.000000
vt 0.158791 0.028093
vt 0.145517 0.020365
vt 0.144476 0.024416
vt -0.045988 0.251347
vt -0.032296 0.245582
vt -0.033015 0.244265
vt -0.159311 0.026068
vt -0.145516 0.020366
vt -0.159832 0.024043
vt -0.159311 0.026068
vt -0.144476 0.024416
vt -0.144996 0.022391
vt 0.058775 0.258325
vt 0.045270 0.252663
vt 0.058056 0.259642
vt 0.043114 0.256613
vt 0.030860 0.248215
vt 0.030141 0.249532
vt 0.158790 0.028093
vt 0.144995 0.022390
vt 0.144475 0.024416
vt 0.159311 0.026068
vt 0.145516 0.020365
vt 0.144995 0.022390
vt -0.043115 0.256613
vt -0.030860 0.248215
vt -0.043833 0.255296
vt -0.183706 0.034495
vt -0.173028 0.031752
vt -0.159832 0.024044
vt 0.183481 0.034436
vt 0.188049 0.031291
vt 0.158790 0.028093
vt -0.064449 0.263132
vt -0.045270 0.252663
vt -0.045989 0.251346
vt -0.173420 0.029692
vt -0.159831 0.024043
vt -0.173940 0.027667
vt -0.172899 0.031718
vt -0.159311 0.026068
vt -0.173420 0.029693
vt 0.056015 0.263656
vt 0.043832 0.255296
vt 0.043113 0.256613
vt 0.180147 0.033580
vt 0.159312 0.026069
vt 0.158792 0.028094
vt 0.197368 0.038253
vt 0.169026 0.030302
vt 0.168461 0.032315
vt -0.068918 0.270698
vt -0.043114 0.256613
vt -0.043832 0.255296
vt 0.062466 0.267177
vt 0.056734 0.262339
vt 0.064449 0.263132
vt 0.067646 0.264877
vt 0.065168 0.261815
vt 0.066411 0.267621
vt 0.063185 0.265860
vt 0.071561 0.265305
vt 0.068365 0.263560
vt -0.179954 0.033530
vt -0.180474 0.031505
vt -0.180474 0.031505
vt -0.183481 0.034436
vt -0.180994 0.029479
vt -0.184001 0.032411
vt -0.120972 -0.001279
vt -0.124642 0.001224
vt -0.120745 0.000799
vt -0.072009 0.269896
vt -0.068624 0.268028
vt -0.070672 0.264089
vt -0.190286 0.073655
vt -0.188058 0.070296
vt -0.192068 0.072203
vt -0.212892 -0.029083
vt -0.216517 -0.027740
vt -0.212033 -0.026949
vt -0.246336 0.071232
vt -0.242737 0.069558
vt -0.243603 0.067589
vt -0.188992 0.075357
vt -0.187168 0.072188
vt -0.190286 0.073655
vt 0.168461 0.032315
vt 0.196238 0.042280
vt 0.197368 0.038253
vt -0.227887 0.066895
vt -0.226434 0.070816
vt -0.223367 0.067449
vt -0.200171 0.084190
vt -0.197468 0.082869
vt -0.198387 0.080990
vt 0.043227 0.272310
vt 0.042119 0.276122
vt 0.059421 0.252216
vt -0.183111 0.026273
vt -0.178996 0.029599
vt -0.179957 0.025529
vt -0.096961 0.255645
vt -0.100892 0.255647
vt -0.098858 0.261293
vt 0.066411 0.267621
vt 0.071561 0.265305
vt 0.067646 0.264876
vt 0.073808 0.269955
vt 0.074470 0.266731
vt 0.068917 0.270698
vt 0.183111 0.026272
vt 0.178996 0.029598
vt 0.182150 0.030343
vt -0.073808 0.269955
vt -0.071827 0.272124
vt -0.071561 0.265305
vt 0.081406 0.010264
vt 0.084040 0.006663
vt 0.082545 0.006240
vt 0.242795 0.111486
vt 0.242472 0.116058
vt 0.244448 0.112373
vt 0.197650 0.076875
vt 0.194483 0.079992
vt 0.195836 0.080643
vt 0.196298 0.076224
vt 0.193130 0.079341
vt -0.097621 0.013417
vt -0.100215 0.009782
vt -0.099133 0.013822
vt -0.188843 0.075286
vt -0.187909 0.070225
vt -0.190624 0.071502
vt 0.024357 0.241062
vt 0.033014 0.244266
vt 0.025713 0.240280
vt 0.032295 0.245582
vt 0.031936 0.246240
vt 0.030858 0.248215
vt -0.030858 0.248215
vt -0.032295 0.245582
vt -0.033014 0.244266
vt -0.024357 0.241062
vt -0.025713 0.240280
vt -0.144476 0.024416
vt 0.145517 0.020366
vt -0.219525 0.103643
vt -0.158790 0.028093
vt 0.033015 0.244265
vt 0.206387 0.085576
vt 0.159832 0.024043
vt -0.045269 0.252663
vt -0.144996 0.022391
vt -0.158791 0.028094
vt 0.045989 0.251346
vt 0.043833 0.255296
vt 0.159311 0.026068
vt 0.159831 0.024043
vt -0.030141 0.249532
vt -0.188305 0.031359
vt -0.187265 0.035409
vt -0.180147 0.033580
vt -0.158792 0.028094
vt 0.172899 0.031717
vt 0.179954 0.033530
vt 0.187008 0.035342
vt 0.159831 0.024042
vt -0.071561 0.265305
vt -0.067646 0.264876
vt -0.058056 0.259642
vt -0.159311 0.026068
vt -0.158790 0.028093
vt 0.173028 0.031752
vt 0.183706 0.034495
vt 0.065692 0.268937
vt -0.184001 0.032411
vt -0.184521 0.030386
vt -0.187168 0.072188
vt -0.182150 0.030343
vt 0.068918 0.270698
vt 0.071827 0.272124
vt 0.073147 0.271304
vt 0.074468 0.268607
vt 0.071560 0.265305
vt 0.179957 0.025528
vt -0.074470 0.266731
vt -0.074469 0.268607
vt -0.073147 0.271303
vt -0.068918 0.270698
vt 0.082901 0.010687
vt 0.240818 0.115172
vt 0.194945 0.075573
vt -0.098703 0.009377
vt -0.186128 0.074009
s 1
usemtl mat18
f 2023/7552/5284 2021/7553/5284 2020/7554/5284
f 2026/7555/5285 2024/7556/5285 2027/7557/5286
f 2021/7558/5287 2028/7559/5287 2020/7560/5287
f 2031/7561/5284 2022/7562/5284 2023/7563/5284
f 2023/7564/5288 2020/7565/5288 2028/7566/5288
f 2029/7567/5289 2021/7568/5289 2022/7569/5289
f 2034/7570/5290 2033/7571/5290 2032/7572/5291
f 2035/7573/5289 2034/7574/5289 2036/7575/5289
f 2032/7576/5292 2037/7577/5292 2034/7578/5292
f 2039/7579/5293 2034/7579/5294 2037/7579/5295
f 2038/7579/5296 2032/7579/5297 2040/7579/5298
f 2035/7580/5285 2025/7581/5285 2026/7582/5285
f 2041/7583/5288 2037/7584/5288 2025/7585/5288
f 2043/7586/5299 2037/7587/5284 2042/7588/5284
f 2043/7589/5299 2034/7590/5284 2039/7591/5284
f 2044/7592/5289 2036/7593/5289 2045/7594/5289
f 2030/7595/5289 2032/7596/5289 2022/7597/5289
f 2046/7598/5285 2040/7599/5285 2032/7600/5285
f 2047/7601/5285 2038/7602/5285 2040/7603/5285
f 2031/7604/5288 2038/7605/5288 2048/7606/5288
f 2051/7607/5284 2049/7608/5284 2031/7609/5284
f 2056/7610/5285 2054/7611/5285 2035/7612/5285
f 2059/7613/5288 2042/7614/5288 2041/7615/5288
f 2061/7616/5284 2042/7617/5284 2058/7618/5284
f 2045/7619/5284 2043/7620/5299 2061/7621/5284
f 2049/7622/5289 2046/7623/5289 2030/7624/5289
f 2064/7625/5300 2047/7626/5285 2046/7627/5285
f 2053/7628/5301 2048/7629/5301 2047/7630/5301
f 2053/7631/5288 2031/7632/5288 2048/7633/5288
f 2050/7634/5289 2062/7635/5289 2049/7622/5289
f 2065/7636/5289 2044/7592/5289 2045/7594/5289
f 2066/7637/5289 2057/7638/5289 2065/7636/5289
f 2050/7634/5289 2063/7639/5289 2064/7640/5289
f 2066/7637/5289 2055/7641/5289 2056/7642/5289
f 2051/7579/5302 2052/7579/5303 2063/7579/5304
f 2061/7621/5284 2065/7643/5284 2045/7619/5284
f 2058/7618/5284 2067/7644/5284 2061/7616/5284
f 2067/7645/5284 2066/7646/5284 2065/7643/5284
f 2059/7647/5284 2068/7648/5284 2067/7644/5284
f 2068/7649/5305 2055/7650/5305 2066/7651/5305
f 2053/7652/5306 2069/7653/5306 2060/7654/5306
f 2070/7655/5307 2060/7656/5308 2069/7657/5309
f 2069/7658/5310 2053/7659/5310 2070/7660/5310
f 2052/7661/5311 2063/7662/5311 2070/7663/5311
f 2063/7664/5312 2068/7665/5313 2070/7666/5307
f 2047/7667/5301 2052/7668/5301 2053/7669/5301
f 2053/7670/5314 2052/7671/5314 2070/7672/5314
f 2063/7673/5315 2066/7674/5315 2068/7675/5315
f 2063/7676/5316 2052/7677/5316 2047/7678/5316
f 2072/7679/5317 2052/7680/5317 2053/7681/5317
f 2060/7682/5318 2054/7683/5318 2053/7684/5318
f 2063/7685/5289 2055/7686/5289 2066/7687/5289
f 2075/7688/5289 2073/7689/5289 2052/7690/5289
f 2077/7691/5319 2055/7692/5320 2073/7693/5320
f 2079/7694/5288 2072/7695/5288 2054/7696/5288
f 2076/7697/5321 2072/7698/5321 2078/7699/5321
f 2077/7700/5322 2074/7701/5322 2080/7702/5322
f 2078/7703/5323 2075/7704/5323 2076/7705/5323
f 2079/7706/5324 2074/7707/5324 2075/7704/5323
f 2027/7708/5325 2081/7709/5325 2082/7710/5325
f 2029/7711/5312 2081/7712/5312 2028/7713/5312
f 2082/7714/5289 2029/7567/5289 2022/7569/5289
f 2026/7715/5289 2027/7716/5289 2082/7714/5289
f 2034/7717/5289 2026/7715/5289 2082/7714/5289
f 2033/7718/5289 2034/7717/5289 2082/7714/5289
f 2032/7719/5289 2033/7718/5289 2082/7714/5289
f 2022/7569/5289 2032/7719/5289 2082/7714/5289
f 2038/7720/5288 2023/7564/5288 2028/7566/5288
f 2037/7721/5288 2038/7720/5288 2028/7566/5288
f 2025/7722/5288 2037/7721/5288 2028/7566/5288
f 2081/7723/5288 2024/7724/5288 2025/7722/5288
f 2028/7566/5288 2081/7723/5288 2025/7722/5288
f 2023/7552/5284 2022/7725/5284 2021/7553/5284
f 2026/7555/5285 2025/7726/5285 2024/7556/5285
f 2021/7558/5287 2029/7727/5287 2028/7559/5287
f 2031/7561/5284 2030/7728/5284 2022/7562/5284
f 2035/7573/5289 2026/7729/5289 2034/7574/5289
f 2032/7576/5292 2038/7730/5292 2037/7577/5292
f 2035/7580/5285 2041/7731/5285 2025/7581/5285
f 2041/7583/5288 2042/7732/5288 2037/7584/5288
f 2043/7586/5299 2039/7733/5284 2037/7587/5284
f 2043/7589/5299 2036/7734/5299 2034/7590/5284
f 2044/7592/5289 2035/7735/5289 2036/7593/5289
f 2030/7595/5289 2046/7736/5289 2032/7596/5289
f 2046/7598/5285 2047/7737/5285 2040/7599/5285
f 2047/7601/5285 2048/7738/5285 2038/7602/5285
f 2031/7604/5288 2023/7739/5288 2038/7605/5288
f 2031/7609/5284 2053/7740/5284 2052/7741/5284
f 2051/7607/5284 2050/7742/5326 2049/7608/5284
f 2031/7609/5284 2052/7741/5284 2051/7607/5284
f 2049/7608/5284 2030/7743/5284 2031/7609/5284
f 2035/7612/5285 2044/7744/5327 2057/7745/5328
f 2056/7610/5285 2055/7746/5285 2054/7611/5285
f 2035/7612/5285 2057/7745/5328 2056/7610/5285
f 2054/7611/5285 2041/7747/5285 2035/7612/5285
f 2041/7615/5288 2054/7748/5288 2060/7749/5288
f 2059/7613/5288 2058/7750/5329 2042/7614/5288
f 2041/7615/5288 2060/7749/5288 2059/7613/5288
f 2061/7616/5284 2043/7751/5299 2042/7617/5284
f 2045/7619/5284 2036/7752/5299 2043/7620/5299
f 2049/7622/5289 2062/7635/5289 2046/7623/5289
f 2046/7627/5285 2062/7753/5330 2064/7625/5300
f 2064/7625/5300 2063/7754/5286 2047/7626/5285
f 2050/7634/5289 2064/7640/5289 2062/7635/5289
f 2065/7636/5289 2057/7638/5289 2044/7592/5289
f 2066/7637/5289 2056/7642/5289 2057/7638/5289
f 2050/7634/5289 2051/7755/5289 2063/7639/5289
f 2061/7621/5284 2067/7645/5284 2065/7643/5284
f 2058/7618/5284 2059/7647/5284 2067/7644/5284
f 2067/7645/5284 2068/7756/5284 2066/7646/5284
f 2059/7647/5284 2060/7757/5284 2068/7648/5284
f 2070/7655/5307 2068/7758/5313 2060/7656/5308
f 2072/7679/5317 2071/7759/5317 2052/7680/5317
f 2063/7685/5289 2052/7760/5289 2055/7686/5289
f 2052/7690/5289 2071/7761/5289 2076/7762/5289
f 2075/7688/5289 2074/7763/5289 2073/7689/5289
f 2052/7690/5289 2076/7762/5289 2075/7688/5289
f 2073/7689/5289 2055/7764/5289 2052/7690/5289
f 2077/7691/5319 2054/7765/5319 2055/7692/5320
f 2054/7696/5288 2077/7766/5288 2080/7767/5288
f 2079/7694/5288 2078/7768/5288 2072/7695/5288
f 2054/7696/5288 2080/7767/5288 2079/7694/5288
f 2072/7695/5288 2053/7769/5288 2054/7696/5288
f 2076/7697/5321 2071/7770/5321 2072/7698/5321
f 2077/7700/5322 2073/7771/5322 2074/7701/5322
f 2078/7703/5323 2079/7706/5324 2075/7704/5323
f 2079/7706/5324 2080/7772/5324 2074/7707/5324
f 2027/7708/5325 2024/7773/5325 2081/7709/5325
f 2029/7711/5312 2082/7774/5312 2081/7712/5312
o group934490515
v -0.031209 0.986257 0.063536
v 0.008001 0.985426 0.055664
v 0.007792 1.005178 0.052538
v -0.031417 1.006010 0.060409
v -0.028219 0.967752 0.080383
v -0.028855 1.027941 0.070856
v 0.015424 1.062741 0.287741
v 0.018408 1.050003 0.303953
v 0.018726 1.019908 0.308717
v 0.016060 1.002553 0.297268
v 0.010990 0.966921 0.072512
v 0.010354 1.027110 0.062984
v 0.054633 1.061910 0.279869
v 0.055269 1.001721 0.289397
v 0.057936 1.019077 0.300845
v 0.057617 1.049171 0.296081
vn 0.4861 0.1006 -0.8681
vn -0.7762 -0.3188 -0.5440
vn -0.7788 0.1274 -0.6141
vn -0.9802 0.0208 0.1968
vn -0.1584 -0.6786 -0.7172
vn -0.0052 0.9914 -0.1306
vn 0.9802 -0.0208 -0.1968
vn 0.0104 -0.9876 0.1563
vn 0.1516 -0.5604 0.8142
vn -0.1678 0.4399 -0.8823
vn 0.1365 0.7910 0.5964
vn 0.1976 0.1553 0.9679
vn 0.4926 -0.3457 -0.7987
vt 0.000000 0.000000
vt -0.101851 0.265793
vt -0.077982 0.266893
vt -0.078842 0.262652
vt -0.188454 0.069901
vt -0.189039 0.074592
vt -0.186757 0.073523
vt -0.057984 -0.017404
vt -0.035333 -0.019573
vt -0.057659 -0.021391
vt 0.101851 0.265793
vt 0.102678 0.261084
vt 0.078842 0.262652
vt 0.065567 -0.017109
vt 0.042940 -0.019586
vt 0.043210 -0.015595
vt 0.236813 0.065485
vt 0.236087 0.061028
vt 0.234824 0.064823
vt -0.238785 0.074240
vt -0.239625 0.078851
vt -0.237346 0.077972
vt 0.146207 0.048178
vt 0.149686 0.045307
vt 0.147767 0.044495
vt 0.250164 0.115451
vt 0.249300 0.110498
vt 0.247459 0.114049
vt -0.101061 0.259750
vt -0.102678 0.261084
vt -0.103073 0.264106
vt -0.079632 0.268695
vt -0.077723 0.264910
vt -0.190736 0.070970
vt -0.035658 -0.015586
vt 0.077723 0.264910
vt 0.077982 0.266893
vt 0.079632 0.268695
vt 0.103073 0.264106
vt 0.101061 0.259750
vt 0.065296 -0.021099
vt 0.238076 0.061690
vt -0.241064 0.075119
vt 0.148126 0.048991
vt 0.252005 0.111900
s 1
usemtl mat18
f 2085/7775/5331 2083/7775/5332 2086/7775/5333
f 2089/7776/5334 2086/7777/5334 2087/7778/5334
f 2087/7779/5335 2084/7780/5335 2093/7781/5335
f 2095/7782/5336 2088/7783/5336 2089/7784/5336
f 2095/7785/5337 2097/7786/5337 2093/7787/5337
f 2096/7788/5338 2087/7789/5338 2093/7790/5338
f 2097/7791/5339 2092/7792/5339 2096/7793/5339
f 2086/7794/5340 2094/7795/5340 2085/7796/5340
f 2098/7797/5341 2089/7798/5341 2090/7799/5341
f 2098/7800/5342 2091/7801/5342 2097/7802/5342
f 2085/7775/5331 2084/7775/5343 2083/7775/5332
f 2087/7778/5334 2092/7803/5334 2091/7804/5334
f 2091/7804/5334 2090/7805/5334 2089/7776/5334
f 2089/7776/5334 2088/7806/5334 2086/7777/5334
f 2086/7777/5334 2083/7807/5334 2087/7778/5334
f 2087/7778/5334 2091/7804/5334 2089/7776/5334
f 2087/7779/5335 2083/7808/5335 2084/7780/5335
f 2095/7782/5336 2094/7809/5336 2088/7783/5336
f 2093/7787/5337 2084/7810/5337 2085/7811/5337
f 2085/7811/5337 2094/7812/5337 2095/7785/5337
f 2095/7785/5337 2098/7813/5337 2097/7786/5337
f 2097/7786/5337 2096/7814/5337 2093/7787/5337
f 2093/7787/5337 2085/7811/5337 2095/7785/5337
f 2096/7788/5338 2092/7815/5338 2087/7789/5338
f 2097/7791/5339 2091/7816/5339 2092/7792/5339
f 2086/7794/5340 2088/7817/5340 2094/7795/5340
f 2098/7797/5341 2095/7818/5341 2089/7798/5341
f 2098/7800/5342 2090/7819/5342 2091/7801/5342
